1,1313.38000488281,32200.060546875,1737.88000488281,4524.31982421875,1,260.34,Medium Risk
2,5988.4599609375,47743.51953125,1799.35998535156,856.700012207031,1,47.61,Low Risk
3,8277.8798828125,47981.30859375,6112.9599609375,3242.36010742188,1,53.04,Low Risk
4,7487.2099609375,4482.7998046875,2069.40991210938,4329.169921875,1,209.2,Medium Risk
5,6993.5498046875,1092.32995605469,2765.30004882813,25.7199993133545,1,0.93,Low Risk
6,9295.6396484375,48039.23828125,8029.18017578125,1331.69995117188,1,16.59,Low Risk
7,4005.71997070313,27230.509765625,2996.82006835938,1441.65002441406,1,48.11,Low Risk
8,1458.44995117188,35319.62890625,4470.77978515625,3450.2099609375,1,77.17,Medium Risk
9,1109.30004882813,45717.26171875,4349.56982421875,3227.17993164063,-1,74.2,High Risk
10,9554.6201171875,22224.580078125,4961.43994140625,2765.3798828125,1,55.74,Low Risk
11,5930.75,22592.009765625,4782.39013671875,4564.25,1,95.44,Medium Risk
12,8126.85009765625,9182.099609375,5697.31005859375,4935.06982421875,1,86.62,Medium Risk
13,5402.0400390625,45385.58984375,5776.68017578125,339.589996337891,1,5.88,Low Risk
14,4045.09008789063,32735.990234375,3018.4599609375,4357.9501953125,1,144.38,Medium Risk
15,2082.669921875,9833.1904296875,2345.92993164063,1066.60998535156,1,45.47,Low Risk
16,8578.4404296875,28429.810546875,2673.10009765625,770.739990234375,1,28.83,Low Risk
17,728.799987792969,17080.029296875,2838.82006835938,3905.10009765625,1,137.56,Medium Risk
18,9012.3095703125,8211.919921875,8388.990234375,3165.2099609375,1,37.73,Low Risk
19,2129.6298828125,9911.599609375,9371.26953125,299.029998779297,1,3.19,Low Risk
20,194.360000610352,28403.599609375,7650.68017578125,1076.4599609375,1,14.07,Low Risk
21,1128.57995605469,28654.880859375,1374.25,3559.97998046875,1,259.05,Medium Risk
22,8846.740234375,39707.1015625,6394.77978515625,53.5,-1,0.84,High Risk
23,829.700012207031,13151.23046875,8026.740234375,1424.93994140625,1,17.75,Low Risk
24,3616.8798828125,45875.83984375,5693.7001953125,2256.35009765625,1,39.63,Low Risk
25,2578.1298828125,26412.029296875,1720.05004882813,4563.009765625,1,265.28,Medium Risk
26,464.859985351563,11004.4599609375,5608.25,4251.8701171875,1,75.81,Medium Risk
27,5361.52001953125,21250.75,6736.2099609375,1084.56005859375,1,16.1,Low Risk
28,9983.5,46244.6015625,6126.14990234375,1530.42004394531,1,24.98,Low Risk
29,8544.76953125,24429.669921875,7494.66015625,2591.919921875,1,34.58,Low Risk
30,1772.0400390625,43861.0390625,3404.77001953125,2181.10009765625,1,64.06,Low Risk
31,8854.73046875,8831.7998046875,7278.02978515625,3846.44995117188,1,52.85,Low Risk
32,4572.759765625,45783.9609375,3997.31005859375,4756.240234375,1,118.99,Medium Risk
33,2805.17993164063,22100.3203125,7417.06982421875,3107.77001953125,1,41.9,Low Risk
34,6439.02978515625,46870.21875,5395.8701171875,560.700012207031,1,10.39,Low Risk
35,2245.28002929688,43437.8515625,8046.16015625,2208.15991210938,1,27.44,Low Risk
36,8808.5498046875,33338.3515625,5522.52001953125,2735.81005859375,1,49.54,Low Risk
37,6279.419921875,33969.46875,3589.10009765625,4775.85986328125,1,133.07,Medium Risk
38,1446.61999511719,11363.8896484375,9908.08984375,1725.58996582031,1,17.42,Low Risk
39,5749.419921875,30538.66015625,3179.1201171875,3347.69995117188,1,105.3,Medium Risk
40,5152.669921875,27925.279296875,4623.60009765625,56.3800010681152,1,1.22,Low Risk
41,4767.41015625,17373.19921875,7976.7900390625,2183.5,1,27.37,Low Risk
42,3713.26000976563,25775.44921875,5660.52978515625,202.410003662109,1,3.58,Low Risk
43,4794.6298828125,46528.03125,7147.72998046875,1185.10998535156,1,16.58,Low Risk
44,5901.509765625,1259.97998046875,5391.7099609375,2346.4599609375,1,43.52,Low Risk
45,7362.33984375,21439.080078125,6494.580078125,2906.72998046875,1,44.76,Low Risk
46,9186.9697265625,17348.30078125,5610.22998046875,4383.33984375,1,78.13,Medium Risk
47,539.400024414063,48100.3203125,9925.2099609375,924.02001953125,1,9.31,Low Risk
48,5736.509765625,48720.8203125,2867.40991210938,1543.14001464844,1,53.82,Low Risk
49,7544.5400390625,29697.369140625,9023.8798828125,2786.09008789063,1,30.87,Low Risk
50,1243.98999023438,27950.33984375,5180.669921875,1063.31994628906,1,20.52,Low Risk
51,9123.830078125,45257.41015625,1226.63000488281,4537.60009765625,-1,369.92,High Risk
52,2525.39990234375,1320.57995605469,9801.7900390625,4369.68017578125,1,44.58,Low Risk
53,8349.990234375,28551.75,8825.3095703125,4434.35009765625,1,50.25,Low Risk
54,6653.8701171875,2206.98999023438,1662.18994140625,3601.419921875,1,216.67,Medium Risk
55,5639.509765625,48439.94921875,4451.64013671875,4981.240234375,1,111.9,Medium Risk
56,8705.5,16687.8203125,8771.5703125,4130.990234375,1,47.1,Low Risk
57,9695.419921875,26519.259765625,5559.77978515625,2479.93994140625,1,44.61,Low Risk
58,9971.599609375,21460.859375,9315.2900390625,3693.78002929688,1,39.65,Low Risk
59,6864.47998046875,44787.578125,6365.93017578125,479.279998779297,1,7.53,Low Risk
60,3457.39990234375,49991.078125,8287.2998046875,4590.25,-1,55.39,High Risk
61,8759.51953125,4351.009765625,5051.490234375,4920.85009765625,1,97.41,Medium Risk
62,6578.0498046875,36869.53125,1834.46997070313,4285.0400390625,1,233.58,Medium Risk
63,3300.9599609375,19031.9296875,3042.96997070313,177.970001220703,-1,5.85,High Risk
64,9330.41015625,7814.56982421875,2220.55004882813,826.039978027344,1,37.2,Low Risk
65,7501.740234375,20866.439453125,8216.6201171875,527.510009765625,1,6.42,Low Risk
66,4583,49909.1796875,9313.169921875,2128.26000976563,1,22.85,Low Risk
67,4599.4599609375,18520.80078125,3075.82006835938,190.610000610352,1,6.2,Low Risk
68,9959.6904296875,14592.5703125,3895.30004882813,4716.75,-1,121.09,High Risk
69,3799.71997070313,42462.3984375,7657.60009765625,2925.25,1,38.2,Low Risk
70,1031.40002441406,43528.9609375,4900.64990234375,2837.63989257813,1,57.9,Low Risk
71,5431.759765625,17604.58984375,8291.9404296875,2230.0400390625,1,26.89,Low Risk
72,8860.0595703125,15634.98046875,3866.07006835938,1689.2900390625,1,43.7,Low Risk
73,5886.75,32716.7890625,5748.08984375,2421.44995117188,1,42.13,Low Risk
74,7951.56982421875,11053.75,8505.91015625,2587.64990234375,1,30.42,Low Risk
75,643.159973144531,24700.580078125,4149.2900390625,3478.88989257813,-1,83.84,High Risk
76,6766.60986328125,7925.83984375,6771.0400390625,826.25,1,12.2,Low Risk
77,884.02001953125,15932.98046875,6816.02001953125,2876.13989257813,1,42.2,Low Risk
78,5607.93017578125,15576.58984375,4167.35986328125,2895.64990234375,1,69.48,Low Risk
79,5027.89990234375,35050.1015625,7692.2900390625,1834.94995117188,1,23.85,Low Risk
80,9461.48046875,14831.3798828125,5756.89990234375,4821.4501953125,1,83.75,Medium Risk
81,1411.40002441406,45026.2890625,6346.330078125,3725.51000976563,1,58.7,Low Risk
82,193.960006713867,49169.26171875,4514.97998046875,3553.84008789063,1,78.71,Medium Risk
83,1459.81005859375,4972.02001953125,1809.61999511719,4365.64013671875,1,241.25,Medium Risk
84,1789.98999023438,20484.73046875,7285.14990234375,1694.55004882813,1,23.26,Low Risk
85,2584.02001953125,15790.2099609375,4087.23999023438,1063.34997558594,1,26.02,Low Risk
86,8169.3798828125,18247.51953125,6476.25,2191.42993164063,1,33.84,Low Risk
87,3831.1201171875,14002.3896484375,9170.7802734375,2987.73999023438,1,32.58,Low Risk
88,8423.5,19750.580078125,8514.73046875,2788,1,32.74,Low Risk
89,2792.14990234375,7929.31982421875,6663.31005859375,1102.03002929688,1,16.54,Low Risk
90,8619.3603515625,14711.099609375,3047.11010742188,1343.46997070313,1,44.09,Low Risk
91,180.100006103516,37643.078125,5646.97998046875,4628.68994140625,1,81.97,Medium Risk
92,9351.900390625,17858.279296875,4373.68994140625,405.510009765625,1,9.27,Low Risk
93,7485.89013671875,11183.91015625,6319.509765625,2520.25,1,39.88,Low Risk
94,4186.02978515625,6313.759765625,7582.009765625,2373.34008789063,1,31.3,Low Risk
95,5815.6201171875,18052.19921875,7536.35986328125,1916.84997558594,1,25.43,Low Risk
96,9336.8701171875,32527.05078125,1512.66003417969,3918.05004882813,1,259.02,Medium Risk
97,5867.35009765625,13411.9404296875,4355.009765625,4612.91015625,1,105.92,Medium Risk
98,2362.830078125,21699.83984375,4510.4501953125,4986.3701171875,1,110.55,Medium Risk
99,5771.4501953125,47667.53125,2685.38989257813,613.700012207031,1,22.85,Low Risk
100,8727.330078125,28065.779296875,5380.02001953125,214.279998779297,1,3.98,Low Risk
101,9875.75,27064.990234375,3511.78002929688,1376.5,1,39.2,Low Risk
102,5882.419921875,21087.220703125,4126.5400390625,3412.51000976563,1,82.7,Medium Risk
103,1640.89001464844,28285.16015625,6153.33984375,2022.65002441406,1,32.87,Low Risk
104,7740.35009765625,49243.80078125,8627.01953125,2329.53002929688,1,27,Low Risk
105,9969.419921875,13436.5400390625,4854.93994140625,4997.10986328125,1,102.93,Medium Risk
106,4789,47154.46875,5861.009765625,2456.67993164063,1,41.92,Low Risk
107,3898.94995117188,8304.48046875,8157.080078125,4576.72998046875,1,56.11,Low Risk
108,5569.759765625,6444.16015625,4867.490234375,2058.35009765625,1,42.29,Low Risk
109,1731.18994140625,33078.80859375,4475.64013671875,2200.76000976563,1,49.17,Low Risk
110,9715.7099609375,13307.76953125,6993.330078125,3857.36010742188,1,55.16,Low Risk
111,8399.509765625,22775.220703125,3437.90991210938,4507.25,1,131.1,Medium Risk
112,1218.60998535156,36753.078125,1256.35998535156,4064.68994140625,1,323.53,Medium Risk
113,9456.3095703125,27207.23046875,2209.69995117188,2357.22998046875,1,106.68,Medium Risk
114,9433.91015625,1673.71997070313,3479.43994140625,3490.17993164063,1,100.31,Medium Risk
115,3231.90991210938,15986.3203125,8283.8203125,1318.86999511719,1,15.92,Low Risk
116,6229.509765625,4169.64990234375,2894.6201171875,385.920013427734,1,13.33,Low Risk
117,1196.46997070313,46379.609375,6586.0498046875,790.090026855469,-1,12,High Risk
118,933.489990234375,39937.78125,3783.94995117188,120.349998474121,1,3.18,Low Risk
119,5067.77001953125,49208.23828125,1529.44995117188,2222.57006835938,1,145.32,Medium Risk
120,591.809997558594,44370.37109375,8489.2802734375,3278.2900390625,1,38.62,Low Risk
121,8761.4296875,24291.26953125,9401.5703125,167.130004882813,1,1.78,Low Risk
122,9288.1396484375,44247.28125,2496.40991210938,259.079986572266,-1,10.38,High Risk
123,766.330017089844,33949.48828125,5587.7900390625,2604.080078125,1,46.6,Low Risk
124,568.119995117188,26705.380859375,3590.78002929688,4697.89013671875,1,130.83,Medium Risk
125,2292.0400390625,19161.66015625,5948.93994140625,706.909973144531,1,11.88,Low Risk
126,9306.58984375,34367.33984375,7321.9599609375,3392.53002929688,1,46.33,Low Risk
127,7713.240234375,29916.5390625,9860.9404296875,3272.27001953125,1,33.18,Low Risk
128,6797.330078125,31095.060546875,4135.25,1529.73999023438,1,36.99,Low Risk
129,7785.83984375,20591.740234375,3290.080078125,379.470001220703,1,11.53,Low Risk
130,2074.82006835938,37226.44140625,7014.85009765625,3045.92993164063,1,43.42,Low Risk
131,2640.21997070313,4985.7998046875,8587.1904296875,2216.28002929688,1,25.81,Low Risk
132,3244.52001953125,36581.7890625,1251.08996582031,1559.7900390625,-1,124.67,High Risk
133,6090.14990234375,36807.30078125,1390.07995605469,3900.56005859375,1,280.6,Medium Risk
134,6121.3798828125,26281.23046875,6231.4501953125,2024.65002441406,1,32.49,Low Risk
135,2165.21997070313,13900.8701171875,2174.01000976563,3085.419921875,1,141.92,Medium Risk
136,4423.60009765625,26444.55078125,6662.18017578125,1281.19995117188,1,19.23,Low Risk
137,6931.2001953125,7031.22021484375,6093.490234375,391.529998779297,1,6.43,Low Risk
138,3165.22998046875,14972.0400390625,8212.7197265625,775.690002441406,1,9.44,Low Risk
139,847.219970703125,21643.689453125,8175.18017578125,1838.14001464844,1,22.48,Low Risk
140,2054.15991210938,33988.4609375,8492.01953125,3669.0400390625,1,43.21,Low Risk
141,1730.88000488281,10173.6201171875,9408.3095703125,2928.19995117188,1,31.12,Low Risk
142,6356.22998046875,8750.3701171875,6312.22021484375,1881.02001953125,1,29.8,Low Risk
143,778.630004882813,30782.01953125,2303.07006835938,2371.42993164063,1,102.97,Medium Risk
144,8859.01953125,34297.73046875,9231.5400390625,2908.31005859375,1,31.5,Low Risk
145,935.429992675781,5099.1298828125,9968.849609375,846.059997558594,1,8.49,Low Risk
146,6019.31005859375,2625,1346.18005371094,1359.01000976563,1,100.95,Medium Risk
147,9302.3701171875,8210.33984375,6418.02978515625,1382.53002929688,1,21.54,Low Risk
148,717.989990234375,45150.30859375,4367.8798828125,515.219970703125,-1,11.8,High Risk
149,3892.73999023438,33959.2890625,3733.76000976563,998.890014648438,1,26.75,Low Risk
150,3346.65991210938,46130.26953125,7923.47021484375,2796.42993164063,1,35.29,Low Risk
151,3507.669921875,33571.03125,3712.4599609375,1131.56005859375,1,30.48,Low Risk
152,6043.080078125,48296.62109375,2347.080078125,2909.98999023438,1,123.98,Medium Risk
153,2694.82006835938,22506.4296875,3183.68994140625,120.080001831055,1,3.77,Low Risk
154,370.5,30355.849609375,5836.35986328125,869.039978027344,1,14.89,Low Risk
155,9626.51953125,30458.08984375,3287.63989257813,3057.75,1,93.01,Medium Risk
156,7512.8798828125,1153.85998535156,4145.509765625,2922.09008789063,1,70.49,Medium Risk
157,1437.76000976563,2345.27001953125,6173.39990234375,1378.43994140625,1,22.33,Low Risk
158,4606.0498046875,8118,7228.7001953125,3116.28002929688,1,43.11,Low Risk
159,720.950012207031,26045.349609375,1630.35998535156,829.570007324219,1,50.88,Low Risk
160,375.779998779297,22095.80078125,4703.31982421875,4087.65991210938,1,86.91,Medium Risk
161,570.369995117188,27447.69921875,7430.25,1251.65002441406,1,16.85,Low Risk
162,7582.2001953125,40224.05078125,3950.69995117188,2336.5400390625,1,59.14,Low Risk
163,4504.75,41289.76953125,7817.0400390625,4736.60986328125,1,60.59,Low Risk
164,8459.5302734375,48873.73046875,4082.07006835938,2888.98999023438,1,70.77,Medium Risk
165,3121.6298828125,28319.83984375,7833.64990234375,3761.3701171875,1,48.02,Low Risk
166,7775.68994140625,18013.560546875,9602.150390625,3727.59008789063,1,38.82,Low Risk
167,871.549987792969,16093.3603515625,5537.35009765625,1906.93005371094,1,34.44,Low Risk
168,6387.56982421875,17696.33984375,5344.7998046875,500.829986572266,-1,9.37,High Risk
169,3669.9599609375,16867.650390625,5360.2099609375,1702.76000976563,-1,31.77,High Risk
170,2839.580078125,20253.080078125,9571.26953125,168.940002441406,1,1.77,Low Risk
171,8169.580078125,4669.18994140625,2433.46997070313,1320.94995117188,1,54.28,Low Risk
172,614.030029296875,32038.189453125,7662.66015625,181.429992675781,-1,2.37,High Risk
173,9500.3603515625,28834.01953125,7207.60986328125,2097.76000976563,1,29.1,Low Risk
174,7876.89990234375,23636.080078125,6691.97021484375,45.0900001525879,1,0.67,Low Risk
175,3620.53002929688,4974.16015625,7654.68017578125,3803.419921875,1,49.69,Low Risk
176,9914.2001953125,5567.22998046875,3873.7900390625,4815.27001953125,1,124.3,Medium Risk
177,2104.63989257813,27710.150390625,9352.2197265625,158.309997558594,1,1.69,Low Risk
178,4083.89990234375,2792.43994140625,9170.26953125,2889.17993164063,1,31.51,Low Risk
179,8860.3095703125,36514.66015625,3074.32006835938,1352.26000976563,-1,43.99,High Risk
180,9968.3896484375,49695.12890625,5629.22998046875,2618.580078125,1,46.52,Low Risk
181,2467.21997070313,30272.939453125,3822.26000976563,4715.60986328125,1,123.37,Medium Risk
182,7456.81982421875,36448.140625,8116.97998046875,3826.419921875,1,47.14,Low Risk
183,3126.71997070313,22507.859375,9102.6396484375,3731.60009765625,1,40.99,Low Risk
184,7688.080078125,33703.19921875,5814.60986328125,1467.03002929688,1,25.23,Low Risk
185,1340.31005859375,32937.23828125,3885.669921875,3982.3701171875,1,102.49,Medium Risk
186,3428.080078125,41380.44921875,6808.83984375,512.419982910156,1,7.53,Low Risk
187,842.5,35855.640625,2281.88989257813,3537.46997070313,1,155.02,Medium Risk
188,4969.77978515625,37703.4296875,5579.6298828125,2020.82995605469,1,36.22,Low Risk
189,7044.85986328125,28275.16015625,7827.75,2186.17993164063,1,27.93,Low Risk
190,3848.30004882813,24741.23046875,3365.06005859375,2449.17993164063,1,72.78,Medium Risk
191,6185.7001953125,23477.109375,4527.43994140625,3841.21997070313,1,84.84,Medium Risk
192,5733.9599609375,20208.5390625,6889,1557.5400390625,1,22.61,Low Risk
193,3016.51000976563,14035.3603515625,9637.009765625,1617.48999023438,1,16.78,Low Risk
194,4919.10009765625,2632.23999023438,1714.43005371094,2601.64990234375,1,151.75,Medium Risk
195,783.289978027344,33883.69140625,2400.35009765625,1338.97998046875,1,55.78,Low Risk
196,4653.14013671875,45147.1015625,2151.57006835938,2230.580078125,1,103.67,Medium Risk
197,4636.080078125,46593.640625,2985.56005859375,3301.71997070313,1,110.59,Medium Risk
198,384.309997558594,29447.51953125,1545.48999023438,4949.27978515625,1,320.24,Medium Risk
199,5187.35009765625,5612.68994140625,4259.27978515625,1309.96997070313,1,30.76,Low Risk
200,7403.169921875,44054.55078125,3525.57006835938,1310.76000976563,1,37.18,Low Risk
201,4577.2998046875,37639.5,2783.10009765625,1970.58996582031,1,70.81,Medium Risk
202,6495.64990234375,13319.1396484375,3316.81005859375,3295.36010742188,1,99.35,Medium Risk
203,5370.97021484375,40373.69921875,6791.64013671875,4631.240234375,-1,68.19,High Risk
204,7873.27001953125,24128.390625,7200.60009765625,4745.1201171875,1,65.9,Low Risk
205,5193.10986328125,44492.05859375,9356.3095703125,1690.08996582031,1,18.06,Low Risk
206,3382.92993164063,13132.9404296875,2892.65991210938,2086.3701171875,1,72.13,Medium Risk
207,8292.9296875,40244.390625,1909.0400390625,2181.67993164063,1,114.28,Medium Risk
208,769.450012207031,35883.609375,1527.5,1744.56005859375,1,114.21,Medium Risk
209,2965.6201171875,1707.61999511719,5437.8701171875,1577.07995605469,1,29,Low Risk
210,5955.7001953125,28603.400390625,6813.25,356.959991455078,1,5.24,Low Risk
211,8574.66015625,36061.1796875,3156.93994140625,2725.47998046875,1,86.33,Medium Risk
212,814.200012207031,8664.1298828125,6991.47998046875,3311.68994140625,1,47.37,Low Risk
213,1050.92004394531,27063.05078125,2686.51000976563,4957.89013671875,1,184.55,Medium Risk
214,2895.61010742188,15899.8203125,3001.84008789063,3095.85009765625,1,103.13,Medium Risk
215,3511.26000976563,35116.390625,6978.02978515625,3052.169921875,1,43.74,Low Risk
216,8451.0302734375,27466.849609375,9590.0302734375,1851.93994140625,1,19.31,Low Risk
217,9593.1396484375,31451.439453125,9128.25,287.559997558594,1,3.15,Low Risk
218,270.559997558594,4554.4501953125,1243.19995117188,3070.830078125,1,247.01,Medium Risk
219,252.029998779297,7751.9599609375,9832.400390625,627.700012207031,1,6.38,Low Risk
220,8661.6201171875,28052.369140625,4280.2998046875,3719.57006835938,1,86.9,Medium Risk
221,1442.60998535156,9877.4697265625,5988.43017578125,3770.77001953125,1,62.97,Low Risk
222,3459.42993164063,25435.869140625,4107.93994140625,525.489990234375,1,12.79,Low Risk
223,2824.61010742188,34811.44140625,8419.66015625,1388.13000488281,1,16.49,Low Risk
224,2890.5,40678.80859375,7051.47021484375,4099.490234375,1,58.14,Low Risk
225,3353.06005859375,8007.330078125,8894.7802734375,4810.91015625,1,54.09,Low Risk
226,3426.86010742188,37352.05859375,2909.1298828125,3652.84008789063,1,125.56,Medium Risk
227,6239.5400390625,18796.119140625,6763.759765625,2006.63000488281,1,29.67,Low Risk
228,6324.9599609375,34267.71875,5784.830078125,4136.06005859375,1,71.5,Medium Risk
229,5276.6298828125,8118.9501953125,6299.5498046875,1464.48999023438,-1,23.25,High Risk
230,8599.5595703125,26243.580078125,4288.6298828125,4331.2998046875,1,100.99,Medium Risk
231,8472.150390625,42040.55078125,1057.93994140625,214.179992675781,1,20.25,Low Risk
232,2250.44995117188,6215.14013671875,7341.97021484375,4964.6298828125,1,67.62,Low Risk
233,5482.02978515625,41556.359375,7429.10009765625,552.669982910156,1,7.44,Low Risk
234,7859.990234375,23185.650390625,8830.4404296875,4575.830078125,1,51.82,Low Risk
235,8682.0595703125,41340.30859375,9662.6904296875,4262.7001953125,1,44.12,Low Risk
236,2626.34008789063,47961,2791.919921875,1466.02001953125,1,52.51,Low Risk
237,4991.58984375,8822.98046875,1613.01000976563,2311.76000976563,1,143.32,Medium Risk
238,5297.77001953125,34053.91015625,8064.14990234375,1072.36999511719,1,13.3,Low Risk
239,7026.419921875,12519.73046875,8908.26953125,2405.34008789063,1,27,Low Risk
240,3369.57006835938,7642.16015625,2540.59008789063,904.030029296875,1,35.58,Low Risk
241,3005.169921875,31776.05078125,1981.48999023438,1463.06994628906,1,73.84,Medium Risk
242,7085.419921875,6291.2001953125,8639.150390625,195.789993286133,1,2.27,Low Risk
243,4053.419921875,23793.4609375,9799.740234375,2759.35009765625,1,28.16,Low Risk
244,139.839996337891,32161.759765625,4670.4599609375,3617.71997070313,1,77.46,Medium Risk
245,9384.6796875,25481.91015625,9144.3701171875,1011.48999023438,1,11.06,Low Risk
246,1581.48999023438,35156.390625,7942.509765625,3060.669921875,1,38.54,Low Risk
247,1571.47998046875,40269.19140625,3605.5,240.419998168945,1,6.67,Low Risk
248,8201.8203125,43740.0703125,2412.86010742188,417.309997558594,1,17.3,Low Risk
249,3421.47998046875,28433.740234375,2754.93994140625,2722.2900390625,1,98.81,Medium Risk
250,3348.93994140625,14554.8896484375,5735.0400390625,296.429992675781,1,5.17,Low Risk
251,6261.7099609375,25973.4296875,4576.08984375,2286.0400390625,1,49.96,Low Risk
252,684.47998046875,19996.740234375,9627.4296875,320.350006103516,1,3.33,Low Risk
253,2445.919921875,12070.349609375,4738.009765625,1746.38000488281,1,36.86,Low Risk
254,627.380004882813,26924.30078125,1874.38000488281,4403.330078125,1,234.92,Medium Risk
255,2985.94995117188,2110.09008789063,2075.3798828125,3732,1,179.82,Medium Risk
256,8712.3095703125,30672.6796875,9151.7197265625,2067.78002929688,1,22.59,Low Risk
257,9102.3896484375,41258.58984375,5662.66015625,1751.43994140625,-1,30.93,High Risk
258,3163.419921875,49972.3515625,9508.98046875,1823.60998535156,1,19.18,Low Risk
259,1957.10998535156,46162.26953125,9551.98046875,658.840026855469,1,6.9,Low Risk
260,1439.22998046875,5400.97998046875,9665.0400390625,1953.25,1,20.21,Low Risk
261,4004.75,8959.0400390625,9293.5595703125,2937.40991210938,-1,31.61,High Risk
262,8281.419921875,7793.58984375,8990.91015625,4239.7099609375,1,47.16,Low Risk
263,8541.3701171875,28359.23046875,6587.25,3412.67993164063,-1,51.81,High Risk
264,554.690002441406,3250.86010742188,9565.3701171875,3189.80004882813,1,33.35,Low Risk
265,2171.3701171875,46912.640625,8159.68017578125,335.959991455078,1,4.12,Low Risk
266,2111.38989257813,4030,7131.2099609375,713.679992675781,1,10.01,Low Risk
267,8301.4599609375,20171.279296875,9047.8798828125,472.179992675781,1,5.22,Low Risk
268,4617.2900390625,44804.51953125,8277.7802734375,954.369995117188,1,11.53,Low Risk
269,3747.11010742188,47470.5390625,4432.0498046875,3869.90991210938,1,87.32,Medium Risk
270,9570.400390625,23799.25,3518.580078125,3101.830078125,1,88.16,Medium Risk
271,9261.0400390625,24933.150390625,2356.8701171875,2211.72998046875,1,93.84,Medium Risk
272,4457.06005859375,32172.6796875,9555.650390625,57.9599990844727,1,0.61,Low Risk
273,1370.48999023438,20974.30078125,1771.88000488281,3340.55004882813,1,188.53,Medium Risk
274,1792.93005371094,16908.400390625,7934.0498046875,2696.94995117188,1,33.99,Low Risk
275,1209.63000488281,37231.921875,4477.14990234375,414.140014648438,1,9.25,Low Risk
276,6836.990234375,30172.560546875,5197.16015625,3503.75,1,67.42,Low Risk
277,5591.39990234375,24601.880859375,2090.42993164063,1349.11999511719,1,64.54,Low Risk
278,5610.77978515625,5938.580078125,2067.67993164063,2420.03002929688,1,117.04,Medium Risk
279,1073.93994140625,4374.22021484375,4161.14013671875,1593.85998535156,1,38.3,Low Risk
280,7953.419921875,26029.94921875,7418.22998046875,1612.86999511719,1,21.74,Low Risk
281,5402.169921875,31352.150390625,3412.34008789063,295.140014648438,1,8.65,Low Risk
282,1000.59997558594,33218.0703125,7266.58984375,238.779998779297,1,3.29,Low Risk
283,7496.58984375,44849.62109375,9969.6103515625,3888.98999023438,1,39.01,Low Risk
284,9814.849609375,40995.01953125,4821.9501953125,16.4200000762939,-1,0.34,High Risk
285,4467.68994140625,7897.35009765625,9419.650390625,1438.06005859375,1,15.27,Low Risk
286,1244.97998046875,39927.12109375,1714.77001953125,4756.3701171875,1,277.38,Medium Risk
287,1103.84997558594,34138.8515625,3821.11010742188,3993.89990234375,1,104.52,Medium Risk
288,356.209991455078,41573.421875,6390.97021484375,2591.9599609375,1,40.56,Low Risk
289,7726.93994140625,42324.37890625,2933.09008789063,3710.93994140625,1,126.52,Medium Risk
290,6970.60986328125,17931.099609375,4359.02978515625,4718.93994140625,1,108.26,Medium Risk
291,5883.97021484375,13900.169921875,5062.18017578125,4699.35986328125,1,92.83,Medium Risk
292,7679.72998046875,28079.0703125,7067.3701171875,2229.13989257813,1,31.54,Low Risk
293,9993.0498046875,15631.7802734375,2961.2900390625,1612.06005859375,1,54.44,Low Risk
294,4078.2900390625,18134.580078125,4174.6201171875,3740.669921875,1,89.61,Medium Risk
295,7087.52001953125,4388.83984375,9591.900390625,2050.92993164063,1,21.38,Low Risk
296,3833.89990234375,49576.8203125,3395.7099609375,774.010009765625,1,22.79,Low Risk
297,3585.3701171875,16155.5498046875,7617.56005859375,968.799987792969,1,12.72,Low Risk
298,8524.1103515625,39223.58984375,8838.7998046875,2715.580078125,1,30.72,Low Risk
299,5790.16015625,49664.76171875,7041.7998046875,2545.89990234375,1,36.15,Low Risk
300,1294.06994628906,48487.171875,8097.27978515625,2316.67993164063,1,28.61,Low Risk
301,4094.81005859375,32060.26953125,9856.3603515625,1850.26000976563,1,18.77,Low Risk
302,7985.89013671875,27394.41015625,3986.6201171875,1625.51000976563,1,40.77,Low Risk
303,9405.98046875,16154.5498046875,3323.48999023438,941.169982910156,1,28.32,Low Risk
304,6182.83984375,43213.828125,5053.0498046875,3409.22998046875,1,67.47,Low Risk
305,4002.71997070313,17561.759765625,6744.8798828125,2515.52001953125,1,37.3,Low Risk
306,2594.6298828125,6229.47021484375,1964.5,1846.72998046875,1,94.01,Medium Risk
307,4278.02978515625,15410.8203125,1471.68994140625,3886.9599609375,1,264.12,Medium Risk
308,5699.97998046875,16439.76953125,2238.44995117188,3162.06005859375,1,141.26,Medium Risk
309,143.729995727539,36205.78125,2502.57006835938,3778.11010742188,1,150.97,Medium Risk
310,2759.90991210938,9307.5595703125,1353.47998046875,3222.19995117188,1,238.07,Medium Risk
311,6748.009765625,16526.30078125,6330.58984375,3125.05004882813,1,49.36,Low Risk
312,6764.97021484375,4752.72998046875,6223.47998046875,2059.07006835938,1,33.09,Low Risk
313,6564.77001953125,42571.66015625,5314.22998046875,1405.19995117188,1,26.44,Low Risk
314,9504.4296875,36514,2176.3798828125,1155.44995117188,-1,53.09,High Risk
315,5728.60009765625,22436.859375,9519.26953125,4493.31982421875,-1,47.2,High Risk
316,2770.31005859375,22070.75,7348.8798828125,1004.28002929688,1,13.67,Low Risk
317,8134.97021484375,9152.2197265625,1912.86999511719,3364.06005859375,1,175.86,Medium Risk
318,3954.84008789063,19839.1796875,6189.39013671875,946.969970703125,1,15.3,Low Risk
319,2468.97998046875,45434.4296875,1357.9599609375,4694.6201171875,1,345.71,Medium Risk
320,5611.81982421875,7794.240234375,4641.08984375,980.169982910156,1,21.12,Low Risk
321,2961.43994140625,38486.390625,8273.5595703125,4274.2900390625,1,51.66,Low Risk
322,4021.97998046875,3311.6201171875,5781.64013671875,4675.60986328125,1,80.87,Medium Risk
323,6962.259765625,16272.2998046875,1864.16003417969,1034.47998046875,1,55.49,Low Risk
324,9959.8896484375,42499.94140625,8620.4296875,4435.27001953125,1,51.45,Low Risk
325,6482.83984375,22804.19921875,1670.46997070313,547.299987792969,1,32.76,Low Risk
326,2837.14990234375,35432.01171875,5384.60009765625,3499.93994140625,1,65,Low Risk
327,995.609985351563,6073.5498046875,5624.47021484375,2534.419921875,1,45.06,Low Risk
328,3683.47998046875,34487.859375,7962.7099609375,4805.580078125,1,60.35,Low Risk
329,291.179992675781,41132.01171875,9870.83984375,2404.72998046875,1,24.36,Low Risk
330,4701.06982421875,40457.05078125,4590,342.160003662109,1,7.45,Low Risk
331,6633.83984375,22504.619140625,6767.1298828125,631.190002441406,1,9.33,Low Risk
332,5166.77978515625,45302.921875,5682.759765625,1607.22998046875,1,28.28,Low Risk
333,8666.2900390625,29173.76953125,1717.43005371094,2344.8701171875,1,136.53,Medium Risk
334,4991.10009765625,41075.71875,8175.509765625,4789.6298828125,1,58.59,Low Risk
335,4677.56005859375,11459.509765625,5704.60009765625,2421.5,1,42.45,Low Risk
336,3165.80004882813,11301.7900390625,6459.75,4650.08984375,1,71.99,Medium Risk
337,8392.3798828125,37963.75,4046.419921875,4566.72998046875,-1,112.86,High Risk
338,9045.6298828125,32685.119140625,9233.2802734375,843.630004882813,-1,9.14,High Risk
339,9781.400390625,34139.1796875,7186.919921875,4596.41015625,1,63.96,Low Risk
340,9813.9697265625,12591.9404296875,4212.9599609375,1275.91003417969,1,30.29,Low Risk
341,9806.1904296875,20581.509765625,5471.240234375,4184.02978515625,1,76.47,Medium Risk
342,7148.39013671875,13660.599609375,3750.84008789063,4876.419921875,1,130.01,Medium Risk
343,5670.259765625,4338.169921875,6749.58984375,359.880004882813,1,5.33,Low Risk
344,1806.2099609375,10993.1201171875,8279.1201171875,3407.06005859375,1,41.15,Low Risk
345,7693.93017578125,49763.05078125,4085.77001953125,2131.26000976563,-1,52.16,High Risk
346,7375.31005859375,12468.0595703125,8366.3603515625,2275.68994140625,1,27.2,Low Risk
347,8439.7802734375,8805.3701171875,9342.0595703125,2793.84008789063,-1,29.91,High Risk
348,4678.27001953125,35146.9609375,4555.25,4727.18994140625,1,103.77,Medium Risk
349,8934.9697265625,30505.080078125,3079.7900390625,3160.6298828125,1,102.62,Medium Risk
350,7214.8798828125,37554.640625,9491.1396484375,4959.1201171875,1,52.25,Low Risk
351,1794.14001464844,33029.98046875,1492.7900390625,4826.22998046875,1,323.3,Medium Risk
352,2148.34008789063,11926.6796875,5350.06005859375,4281.52978515625,1,80.03,Medium Risk
353,8161.22998046875,25544.400390625,8013.22021484375,3495.68994140625,1,43.62,Low Risk
354,4314.35986328125,9655.5,1413.25,1159.10998535156,1,82.02,Medium Risk
355,2565.22998046875,13423.3603515625,6763.7001953125,2864.8798828125,1,42.36,Low Risk
356,4283.509765625,49358.9609375,8551.3095703125,1169.05004882813,-1,13.67,High Risk
357,1697.64001464844,36705.3203125,3682.3798828125,4771.22998046875,1,129.57,Medium Risk
358,8928.1904296875,39359.671875,3792.919921875,4794,1,126.39,Medium Risk
359,808.239990234375,2472.89990234375,1304.34997558594,1662.92004394531,1,127.49,Medium Risk
360,3597.09008789063,19724.560546875,5959.1201171875,240.539993286133,1,4.04,Low Risk
361,5613.58984375,28207.189453125,1552.97998046875,4138.89990234375,1,266.51,Medium Risk
362,8749.08984375,8334.0302734375,1019.98999023438,1760.4599609375,1,172.6,Medium Risk
363,7837.330078125,42578.76953125,2142.21997070313,1597.56005859375,1,74.57,Medium Risk
364,321.989990234375,7840.41015625,4911.9501953125,2899.75,1,59.03,Low Risk
365,8269.9599609375,32188.76953125,7720.43017578125,2.38000011444092,1,0.03,Low Risk
366,6417.39013671875,28106.169921875,7076.06005859375,1874.85998535156,1,26.5,Low Risk
367,1420.15002441406,42616.3515625,3811.14990234375,2081.830078125,1,54.62,Low Risk
368,6213.02978515625,16278.73046875,3888.8798828125,4853.93994140625,1,124.82,Medium Risk
369,8197.150390625,14920.099609375,6918.43017578125,791.940002441406,1,11.45,Low Risk
370,6060.91015625,42474.23828125,7366.02978515625,753.080017089844,1,10.22,Low Risk
371,9991.5498046875,11848.8896484375,7505.919921875,3096.80004882813,1,41.26,Low Risk
372,5119.330078125,37556.03125,2425.6298828125,390.940002441406,1,16.12,Low Risk
373,6764,10366.150390625,1585.88000488281,3105.3701171875,1,195.81,Medium Risk
374,796.700012207031,43909.078125,5541.14013671875,2037.21997070313,1,36.77,Low Risk
375,8150.66015625,42114.109375,4588.1201171875,13.1400003433228,1,0.29,Low Risk
376,6278.6201171875,39585.69140625,9363.509765625,2203.21997070313,1,23.53,Low Risk
377,5656.2998046875,25082.08984375,1051.82995605469,3693.80004882813,1,351.18,Medium Risk
378,7117.2099609375,2658.1201171875,8280.490234375,663.010009765625,1,8.01,Low Risk
379,5649.0498046875,7490.7900390625,9926.9296875,917.789978027344,1,9.25,Low Risk
380,7687.8701171875,23373.650390625,8653.419921875,1172.32995605469,1,13.55,Low Risk
381,5876.7998046875,3138.72998046875,8332.990234375,1949.43005371094,1,23.39,Low Risk
382,5248.52978515625,4110.14990234375,1202.27001953125,4745.81005859375,1,394.74,Medium Risk
383,1436.68994140625,7149.68994140625,8788.669921875,352.760009765625,1,4.01,Low Risk
384,4771.1201171875,13781.490234375,6257.2900390625,4108.3701171875,1,65.66,Low Risk
385,5428.52001953125,37716.8203125,6885.8798828125,4003.65991210938,1,58.14,Low Risk
386,6283.27978515625,3351.13989257813,4572.52001953125,2328.43994140625,1,50.92,Low Risk
387,4613.330078125,49198.328125,9496.01953125,680.190002441406,1,7.16,Low Risk
388,1551.77001953125,14417.650390625,5707.66015625,3060.75,1,53.63,Low Risk
389,1588.58996582031,16689.689453125,6558.77001953125,3616.68994140625,1,55.14,Low Risk
390,7237.77978515625,13146.3603515625,2880.22998046875,776.239990234375,1,26.95,Low Risk
391,6648.330078125,30517.150390625,6023.31982421875,3494.72998046875,1,58.02,Low Risk
392,2669.0400390625,1951.90002441406,2985.82006835938,4602.64990234375,1,154.15,Medium Risk
393,4513.990234375,5584.91015625,2030.9599609375,947.460021972656,1,46.65,Low Risk
394,3138.8798828125,5840.08984375,5635.3798828125,628.359985351563,1,11.15,Low Risk
395,1892.13000488281,33562.08984375,8614.9599609375,3334.3701171875,1,38.7,Low Risk
396,3329.02001953125,17146.5703125,8896.6396484375,2405.580078125,1,27.04,Low Risk
397,2700.6201171875,22437.220703125,9432.8095703125,4269.68017578125,1,45.26,Low Risk
398,916.030029296875,47548.69140625,9426.4599609375,2579.60009765625,1,27.37,Low Risk
399,5094.419921875,10802.099609375,9717.9404296875,4104.52001953125,1,42.24,Low Risk
400,4563.75,4439.64013671875,7495.64990234375,1975.56005859375,1,26.36,Low Risk
401,7174.6201171875,22629.740234375,2003.76000976563,980.609985351563,1,48.94,Low Risk
402,6241.02978515625,9039.58984375,6560.60986328125,1877.33996582031,1,28.62,Low Risk
403,3499.43994140625,8088.2001953125,6480.14013671875,1797.7099609375,-1,27.74,High Risk
404,5013.41015625,21096.470703125,1964.86999511719,1497.47998046875,1,76.21,Medium Risk
405,5407.22021484375,33812.91015625,7325.4501953125,1170.9599609375,1,15.98,Low Risk
406,9183.73046875,12899.740234375,4726.06982421875,1932.89001464844,1,40.9,Low Risk
407,9818.76953125,43922.23046875,1632.01000976563,4858.16015625,1,297.68,Medium Risk
408,8173.8701171875,18759.94921875,9415.509765625,2458.3701171875,1,26.11,Low Risk
409,5664.83984375,46768.359375,2726.13989257813,694.099975585938,1,25.46,Low Risk
410,9288.259765625,25127.369140625,2115.59008789063,1175.84997558594,1,55.58,Low Risk
411,1863.31994628906,36610.16015625,2824.40991210938,1764.82995605469,1,62.48,Low Risk
412,6995.31005859375,42601.828125,7878.5400390625,942.070007324219,1,11.96,Low Risk
413,4658.6298828125,26956.26953125,7940.85986328125,3708.7900390625,1,46.71,Low Risk
414,1533.01000976563,42665.8515625,1771.7099609375,3953.28002929688,1,223.13,Medium Risk
415,844.580017089844,19521.109375,5614.990234375,4012.92993164063,1,71.47,Medium Risk
416,4859.33984375,18806.80078125,7211.14013671875,4578.81005859375,1,63.5,Low Risk
417,2465.80004882813,39909.109375,7146.64990234375,4293.72998046875,1,60.08,Low Risk
418,2580.01000976563,12822.2197265625,7038.43994140625,2903.73999023438,1,41.26,Low Risk
419,3270.14990234375,36134.890625,4818.740234375,2496.64990234375,1,51.81,Low Risk
420,7211.81005859375,4777.259765625,4682.259765625,4003.19995117188,1,85.5,Medium Risk
421,1724.48999023438,32145.630859375,9274.5,4827.52001953125,1,52.05,Low Risk
422,7203.7998046875,47153.578125,9579.5595703125,152.649993896484,1,1.59,Low Risk
423,7848.830078125,23366.830078125,2587.32006835938,1801.67004394531,1,69.63,Low Risk
424,5985.35009765625,21382.2890625,9959.509765625,3340.07006835938,1,33.54,Low Risk
425,2550.82006835938,27486.5,2238.26000976563,1787.30004882813,1,79.85,Medium Risk
426,610.169982910156,36258.73828125,8077.64013671875,3814.18994140625,1,47.22,Low Risk
427,4138.66015625,18582.98046875,1938.53002929688,3958.98999023438,1,204.23,Medium Risk
428,8489.7099609375,1006.36999511719,6616.330078125,3414.35009765625,1,51.6,Low Risk
429,1108.52001953125,25602.150390625,5986.77001953125,792.059997558594,1,13.23,Low Risk
430,7473.81982421875,21544.630859375,9988.330078125,4662.43017578125,1,46.68,Low Risk
431,4732.10986328125,27102.44921875,5663.9501953125,1640.71997070313,1,28.97,Low Risk
432,8998.4501953125,36050.30078125,6703.3798828125,4887.669921875,1,72.91,Medium Risk
433,3626.36010742188,14886.16015625,7484.35009765625,1759.92004394531,1,23.51,Low Risk
434,7077.009765625,25757.720703125,7529.77978515625,803.869995117188,1,10.68,Low Risk
435,7427.18017578125,13416.0498046875,6739.33984375,1441.7099609375,1,21.39,Low Risk
436,2067.5400390625,23507.990234375,8061.68994140625,4072.57006835938,1,50.52,Low Risk
437,1665.65002441406,17882.419921875,7589.5400390625,1540.80004882813,1,20.3,Low Risk
438,1018.03997802734,19083.01953125,4313.740234375,2989.76000976563,1,69.31,Low Risk
439,7045.669921875,29388.689453125,2091.3798828125,3479.35009765625,1,166.37,Medium Risk
440,5526.68994140625,34790.94140625,9127.91015625,1521.93994140625,1,16.67,Low Risk
441,958.52001953125,1620.27001953125,1087.91003417969,3318.96997070313,1,305.08,Medium Risk
442,3152.51000976563,43955.421875,2833.11010742188,772.359985351563,1,27.26,Low Risk
443,1509.22998046875,18852.439453125,5950.2099609375,3151.51000976563,1,52.96,Low Risk
444,1017.53997802734,32536.91015625,8088.6201171875,3274.27001953125,1,40.48,Low Risk
445,3057.830078125,6997.22998046875,2922.3798828125,163.559997558594,1,5.6,Low Risk
446,1053.32995605469,29001.349609375,6713.240234375,1470.5,1,21.9,Low Risk
447,2675.84008789063,34244.51953125,4402.14990234375,30.3799991607666,1,0.69,Low Risk
448,5571.919921875,8714.4599609375,1030.93005371094,3962.2099609375,1,384.33,Medium Risk
449,5652.9501953125,45695.58984375,7436.2099609375,2233.05004882813,1,30.03,Low Risk
450,1763.21997070313,38115.8515625,6624.89990234375,2134.02001953125,1,32.21,Low Risk
451,1991.03002929688,27162.060546875,1499.56994628906,2284.419921875,1,152.34,Medium Risk
452,8564.2197265625,9137.240234375,8825.76953125,2021.43994140625,1,22.9,Low Risk
453,1752.66003417969,43412.01953125,2532.32006835938,823.219970703125,1,32.51,Low Risk
454,552.840026855469,4362.669921875,8239.01953125,3309.8701171875,1,40.17,Low Risk
455,2523.72998046875,6643.41015625,4620.4501953125,4586.64990234375,1,99.27,Medium Risk
456,5806.6201171875,35210.5390625,2963.5400390625,4933.47998046875,1,166.47,Medium Risk
457,171.520004272461,13439.1796875,6268.97021484375,3984.32006835938,1,63.56,Low Risk
458,9851.3701171875,23506.580078125,5060.02978515625,1943.64001464844,1,38.41,Low Risk
459,2380.86010742188,27406.599609375,9104.1103515625,2813.64990234375,-1,30.91,High Risk
460,2457.36010742188,23453.470703125,6797.83984375,63.5,-1,0.93,High Risk
461,7412.31005859375,5110.7900390625,8382.9296875,1779.98999023438,1,21.23,Low Risk
462,2556.96997070313,37136.25,1379.01000976563,3356.6298828125,1,243.41,Medium Risk
463,4021.89990234375,12759.51953125,5278.240234375,4472.47998046875,1,84.73,Medium Risk
464,5484.7998046875,37188.05078125,3928.90991210938,552.549987792969,1,14.06,Low Risk
465,316.540008544922,43399.25,2438.26000976563,458.549987792969,1,18.81,Low Risk
466,8389.2001953125,27282.3203125,9768.0595703125,771.559997558594,1,7.9,Low Risk
467,5169.2998046875,35612.44921875,7209.080078125,723.130004882813,1,10.03,Low Risk
468,3197.89990234375,2809.94995117188,3781.71997070313,3922.59008789063,1,103.73,Medium Risk
469,4057.88989257813,2800.65991210938,4881.43017578125,3558.27001953125,1,72.89,Medium Risk
470,652.659973144531,10660.9501953125,5644.5498046875,4522.4599609375,1,80.12,Medium Risk
471,7208.009765625,18560.779296875,1136.92004394531,1469.84997558594,1,129.28,Medium Risk
472,5441.08984375,9956.41015625,7968.68994140625,3397.96997070313,1,42.64,Low Risk
473,9148.51953125,32113.05078125,8267.26953125,1822.82995605469,1,22.05,Low Risk
474,4695.4501953125,14567.490234375,7535.72021484375,687.5,1,9.12,Low Risk
475,8301.1796875,42441.80078125,4393.14013671875,3930.18994140625,1,89.46,Medium Risk
476,1964.44995117188,28469.58984375,1895.83996582031,3125.73999023438,1,164.87,Medium Risk
477,659.440002441406,19525.900390625,1044.78002929688,3516.03002929688,1,336.53,Medium Risk
478,9489.5595703125,44760.828125,4927.5498046875,814.659973144531,1,16.53,Low Risk
479,2643.88989257813,41589.7890625,9547.1904296875,3225.40991210938,1,33.78,Low Risk
480,8352.48046875,41181.71875,5193.509765625,1546.55004882813,1,29.78,Low Risk
481,2647.60009765625,36689.2109375,9083.7998046875,1257.76000976563,1,13.85,Low Risk
482,1642.82995605469,31096.5,6354.8798828125,3248.52001953125,1,51.12,Low Risk
483,7352.06005859375,18974.349609375,6592.759765625,121.569999694824,-1,1.84,High Risk
484,7806.22021484375,21707.419921875,8216.26953125,4521.2900390625,1,55.03,Low Risk
485,8451.76953125,32709.080078125,3593.43994140625,812.820007324219,1,22.62,Low Risk
486,8662.2001953125,9470.7001953125,5767,2096.31005859375,1,36.35,Low Risk
487,4883,41562.921875,1819.09997558594,2719.28002929688,1,149.48,Medium Risk
488,4062.14990234375,46994.83984375,9595.7099609375,4174.3701171875,1,43.5,Low Risk
489,7534.58984375,5801.43994140625,9950.400390625,1115.96997070313,1,11.22,Low Risk
490,5736.919921875,2100.330078125,6132.669921875,4614.41015625,1,75.24,Medium Risk
491,9656.3095703125,7992.31005859375,9294.849609375,1482.57995605469,1,15.95,Low Risk
492,3820.78002929688,38235.23046875,8517.9599609375,2689.47998046875,1,31.57,Low Risk
493,524.469970703125,6283.5,5731.14990234375,845.609985351563,-1,14.75,High Risk
494,5934.1201171875,19240.23046875,6584.27001953125,3111.8701171875,1,47.26,Low Risk
495,3599.35009765625,4093.06005859375,7561.93017578125,783.609985351563,1,10.36,Low Risk
496,3492.46997070313,22195.30078125,3983.60009765625,420.769989013672,1,10.56,Low Risk
497,5688.740234375,30589.08984375,3786.60009765625,2458.23999023438,1,64.92,Low Risk
498,9225.6298828125,31796.970703125,8458.48046875,3487.9599609375,1,41.24,Low Risk
499,2742.88989257813,26426.849609375,2698.47998046875,933.340026855469,1,34.59,Low Risk
500,3857.96997070313,46967.2890625,3127.1298828125,273.649993896484,1,8.75,Low Risk
501,8923.3701171875,27025.689453125,6330.740234375,212.449996948242,1,3.36,Low Risk
502,8962.669921875,43102.66015625,4576.43994140625,7.32000017166138,1,0.16,Low Risk
503,2422.42993164063,49658.26171875,2180.44995117188,1168.65002441406,1,53.6,Low Risk
504,7092.669921875,12257.51953125,9855.080078125,4332.58984375,1,43.96,Low Risk
505,4214.0498046875,14011.240234375,5259.41015625,2260.52001953125,1,42.98,Low Risk
506,9366.41015625,26571.609375,9990.419921875,4615.91015625,1,46.2,Low Risk
507,7349.22998046875,9936.5400390625,5062.22998046875,1246.96997070313,1,24.63,Low Risk
508,4994.10009765625,28642.130859375,8066.39990234375,4916.85009765625,1,60.95,Low Risk
509,8192.3701171875,34535.109375,7335.02978515625,4124.27978515625,1,56.23,Low Risk
510,9979,3959.47998046875,3935.7900390625,3919.2099609375,1,99.58,Medium Risk
511,4525.72998046875,34388.3515625,1749.63000488281,2977.92993164063,1,170.2,Medium Risk
512,3797.77001953125,8813.8798828125,2365.3798828125,979.549987792969,1,41.41,Low Risk
513,6109.66015625,15666.6103515625,1344.36999511719,4758.330078125,1,353.94,Medium Risk
514,6862.52001953125,37201.6796875,6914.06982421875,4051.82006835938,1,58.6,Low Risk
515,7074.0400390625,9015.91015625,1590.01000976563,4161.9599609375,1,261.76,Medium Risk
516,4788.47021484375,27052.470703125,3664.76000976563,4430.64990234375,1,120.9,Medium Risk
517,3389.69995117188,29869.58984375,2031.44995117188,1289.21997070313,1,63.46,Low Risk
518,8237.0498046875,9053.5400390625,6251.89990234375,4347.56005859375,1,69.54,Low Risk
519,9586.7802734375,14464.2900390625,7313.7900390625,2451.64990234375,1,33.52,Low Risk
520,8653.419921875,30716.73046875,5009.740234375,3266.67993164063,1,65.21,Low Risk
521,6855.31005859375,23598.73046875,9621.23046875,4803.85986328125,1,49.93,Low Risk
522,3665.48999023438,33339.08984375,3420.9599609375,4493.2998046875,1,131.35,Medium Risk
523,6262.580078125,42881.12890625,9929.419921875,1248.43005371094,1,12.57,Low Risk
524,1101.47998046875,7616.669921875,6266.0400390625,3668.919921875,-1,58.55,High Risk
525,5385.740234375,4461,8743.6904296875,4147.009765625,1,47.43,Low Risk
526,7834.0498046875,33669.6015625,2079.88989257813,2206.7900390625,1,106.1,Medium Risk
527,2585.48999023438,38761.5390625,9852.98046875,534.75,1,5.43,Low Risk
528,5065.18994140625,23016.0390625,7795.4501953125,1570.81994628906,1,20.15,Low Risk
529,825.419982910156,20301.560546875,6351.7001953125,3670.93994140625,1,57.79,Low Risk
530,8401.1201171875,30241.8203125,1043.77001953125,2935.919921875,1,281.28,Medium Risk
531,3567.30004882813,28021.240234375,1037.93005371094,3857.9599609375,1,371.7,Medium Risk
532,5863.85986328125,25018.359375,2520.1298828125,4482.72998046875,1,177.88,Medium Risk
533,3847.48999023438,41116.55078125,4664.85009765625,1629.94995117188,-1,34.94,High Risk
534,6016.240234375,9501.51953125,3663.13989257813,3439.77001953125,1,93.9,Medium Risk
535,7467.56005859375,34379.23828125,8647.669921875,484.570007324219,1,5.6,Low Risk
536,3335.4599609375,37325.6484375,7762.75,3322.580078125,1,42.8,Low Risk
537,5240.68994140625,45163.80078125,9027.3798828125,178.699996948242,1,1.98,Low Risk
538,7969.259765625,47309.91015625,4365.4501953125,1260.02001953125,1,28.86,Low Risk
539,6909.72998046875,25885.419921875,8080.759765625,2240.7900390625,1,27.73,Low Risk
540,665.02001953125,22248.359375,8584.58984375,4225.9501953125,1,49.23,Low Risk
541,5730.7099609375,25691.51953125,9973.8095703125,742.960021972656,-1,7.45,High Risk
542,3825.69995117188,36896.37890625,7992.77001953125,3899.46997070313,1,48.79,Low Risk
543,7116.919921875,1841.40002441406,8727.8798828125,2822.89990234375,1,32.34,Low Risk
544,265.010009765625,9533.0498046875,3734.88989257813,2285.51000976563,1,61.19,Low Risk
545,3372.90991210938,45475.6484375,7028.39013671875,3211.169921875,1,45.69,Low Risk
546,956.280029296875,10576.2998046875,6954.35009765625,1723.01000976563,1,24.78,Low Risk
547,9212.8701171875,12195.6796875,6250.7001953125,4972.93017578125,1,79.56,Medium Risk
548,8777.349609375,47033.75,9670.580078125,552.539978027344,1,5.71,Low Risk
549,9684.080078125,15419.740234375,4756.2900390625,692.890014648438,1,14.57,Low Risk
550,6470.33984375,15231.6904296875,8811.6298828125,4420.14990234375,1,50.16,Low Risk
551,8089.77978515625,46261.73046875,1503.63000488281,1095.61999511719,1,72.86,Medium Risk
552,6157.5,19379.01953125,4686.60986328125,305.440002441406,1,6.52,Low Risk
553,4971.22998046875,25203.16015625,1656.43994140625,4455.169921875,1,268.96,Medium Risk
554,8354.8203125,28459.9609375,6346.81982421875,312.070007324219,1,4.92,Low Risk
555,7784.0498046875,43545.83984375,6331.31982421875,4298.77001953125,1,67.9,Low Risk
556,7359.43994140625,4801,4120.41015625,2652.80004882813,1,64.38,Low Risk
557,8949.7197265625,13781.9599609375,9155.009765625,2671.69995117188,1,29.18,Low Risk
558,9294.5703125,29763.400390625,2462.28002929688,654.369995117188,1,26.58,Low Risk
559,4508.33984375,22296.029296875,5178.43994140625,3151.82006835938,1,60.86,Low Risk
560,2899.92993164063,14635.759765625,6310.52978515625,1851.53002929688,1,29.34,Low Risk
561,5166.68017578125,21072.470703125,2784.25,1812.88000488281,1,65.11,Low Risk
562,1021.35998535156,48345.890625,8373.7998046875,3485.35009765625,1,41.62,Low Risk
563,9387.7900390625,2030.59997558594,5100.35009765625,4338.9599609375,1,85.07,Medium Risk
564,9840.150390625,8201.75,5708.43017578125,3656.8798828125,1,64.06,Low Risk
565,6561.77978515625,1914.09997558594,4657.93994140625,3409.51000976563,1,73.2,Medium Risk
566,7487,30076.439453125,6454.41015625,4430.6201171875,1,68.64,Low Risk
567,3304.35009765625,1633.91003417969,8325.900390625,4501.25,1,54.06,Low Risk
568,8676.0498046875,23246.779296875,4016.97998046875,3681.76000976563,1,91.65,Medium Risk
569,9013,43100.609375,3739.31005859375,4101.5498046875,1,109.69,Medium Risk
570,861.330017089844,5763.0400390625,9207.0498046875,1206.56994628906,1,13.1,Low Risk
571,1401.2900390625,18893.529296875,9993.41015625,3406.18994140625,1,34.08,Low Risk
572,2682.43994140625,19521.900390625,3050.30004882813,2446,1,80.19,Medium Risk
573,7066.3798828125,18750.4609375,2953.43994140625,4245.3701171875,1,143.74,Medium Risk
574,1915.31005859375,36645.640625,2331.96997070313,4804.91015625,1,206.05,Medium Risk
575,2278.7900390625,1216.06994628906,3634.85009765625,1336.51000976563,1,36.77,Low Risk
576,3880.44995117188,39218.2890625,5467.2998046875,3356.830078125,1,61.4,Low Risk
577,6155.2001953125,42113.03125,1043.60998535156,4274.259765625,1,409.56,Medium Risk
578,9765.4599609375,22141.7109375,3168.89990234375,3408.14990234375,1,107.55,Medium Risk
579,7860.56005859375,44470.69140625,8726.849609375,3440.56005859375,1,39.42,Low Risk
580,5627.2001953125,19670.91015625,2114.68994140625,4087.53002929688,1,193.29,Medium Risk
581,588.919982910156,35041.421875,8541.66015625,3512.82006835938,1,41.13,Low Risk
582,5216.72021484375,20052.419921875,6039.89013671875,4135.2001953125,1,68.46,Low Risk
583,2120.43994140625,2854.330078125,3387.19995117188,4955.93017578125,1,146.31,Medium Risk
584,3070.67993164063,5087.89013671875,5104.35986328125,2720.1201171875,1,53.29,Low Risk
585,2583.52001953125,22660.419921875,2537.89990234375,3329.65991210938,1,131.2,Medium Risk
586,3539.73999023438,49514.7109375,6364.240234375,3076.1201171875,1,48.33,Low Risk
587,716.369995117188,9700.2900390625,1735.55004882813,1409.68994140625,1,81.22,Medium Risk
588,5810.68994140625,44883.51953125,6499.31005859375,4166.080078125,1,64.1,Low Risk
589,552.960021972656,46050.3203125,5275.31982421875,1931.5,1,36.61,Low Risk
590,6639.77978515625,21072.7890625,1010.16998291016,4773.75,1,472.57,Medium Risk
591,7334.93994140625,23629.44921875,9361.25,4135.0498046875,1,44.17,Low Risk
592,4912.02978515625,25638.19921875,1266.66003417969,775.140014648438,1,61.2,Low Risk
593,7834.4501953125,38749.94140625,8666.51953125,299.100006103516,1,3.45,Low Risk
594,9677.169921875,7062.490234375,3295.46997070313,700.820007324219,1,21.27,Low Risk
595,3466.52001953125,17103.23046875,9838.6298828125,3893.21997070313,1,39.57,Low Risk
596,6227.18017578125,9364.41015625,9997.4404296875,3645.80004882813,1,36.47,Low Risk
597,3304.93994140625,44042.2890625,3099.93994140625,3011.3798828125,1,97.14,Medium Risk
598,4489.52001953125,4455.39013671875,3269.11010742188,906.719970703125,1,27.74,Low Risk
599,306.170013427734,37637.5,8632.5302734375,2248.84008789063,1,26.05,Low Risk
600,836.059997558594,22547.3203125,2265.42993164063,2676.03002929688,1,118.12,Medium Risk
601,7995.52978515625,36015.6015625,1030.40002441406,4852.56005859375,1,470.94,Medium Risk
602,1485.08996582031,44604.87109375,6669.1201171875,1093.08996582031,1,16.39,Low Risk
603,7021.60009765625,17643.44921875,3447.25,1757.38000488281,1,50.98,Low Risk
604,7117.77978515625,12123.0703125,4319.259765625,3213.42993164063,1,74.4,Medium Risk
605,9962.6396484375,32860.7109375,5027.56982421875,1052.52001953125,1,20.93,Low Risk
606,6986.39990234375,49878.76953125,3392.580078125,895.489990234375,1,26.4,Low Risk
607,1374.57995605469,36745.91015625,2068.31005859375,2211.2900390625,1,106.91,Medium Risk
608,6302.759765625,39985.5,7370.27001953125,2604.25,1,35.33,Low Risk
609,5289.009765625,31863,5436.41015625,3441.47998046875,1,63.3,Low Risk
610,9182.169921875,19040.990234375,7918.22998046875,3801.42993164063,1,48.01,Low Risk
611,6932.490234375,33077.5703125,9161.2197265625,4344.39013671875,1,47.42,Low Risk
612,5232.93994140625,7298.9599609375,3035.59008789063,1694.55004882813,1,55.82,Low Risk
613,6279.72021484375,24952.080078125,9054.1298828125,2520.53002929688,1,27.84,Low Risk
614,4490.25,29079.849609375,9609.2197265625,4316.759765625,1,44.92,Low Risk
615,5133.22998046875,45430.75,3678.8798828125,2316.7900390625,1,62.98,Low Risk
616,7251.22021484375,46066.25,8688.8603515625,691.090026855469,1,7.95,Low Risk
617,875.630004882813,3946.10009765625,3454.28002929688,2177.10009765625,1,63.03,Low Risk
618,6191.81982421875,31962.1796875,8533.5400390625,3849.330078125,1,45.11,Low Risk
619,973.349975585938,40023.1484375,9164.7099609375,2347.01000976563,1,25.61,Low Risk
620,8565.259765625,27285.970703125,9710.7001953125,1225.43005371094,-1,12.62,High Risk
621,9430.3896484375,5687.83984375,6162.5400390625,4707.14013671875,1,76.38,Medium Risk
622,7824.009765625,12403.740234375,5923.35986328125,1523.5400390625,1,25.72,Low Risk
623,7208.509765625,16368.5498046875,1912.53002929688,2596.51000976563,1,135.76,Medium Risk
624,9443.099609375,33477.171875,5855.10986328125,1765.72998046875,1,30.16,Low Risk
625,2263.42993164063,4213.35009765625,8553.0400390625,2084.76000976563,1,24.37,Low Risk
626,2365.44995117188,27931.390625,1082.25,3216.6298828125,1,297.22,Medium Risk
627,4862.0498046875,6337.7900390625,9178.580078125,2406.05004882813,1,26.21,Low Risk
628,173.880004882813,20360.869140625,6185.7099609375,510.709991455078,1,8.26,Low Risk
629,9654.1904296875,21852.259765625,6781.72998046875,2543.1298828125,1,37.5,Low Risk
630,419.299987792969,23140.05078125,7569.10009765625,1490.4599609375,1,19.69,Low Risk
631,6001.509765625,35832.6015625,9356.099609375,3154.94995117188,1,33.72,Low Risk
632,3604.34008789063,4978.6201171875,7249.14013671875,908.320007324219,1,12.53,Low Risk
633,1119.35998535156,14143.8701171875,4959.2001953125,2909.919921875,1,58.68,Low Risk
634,343.690002441406,32415.359375,8728.669921875,2250.11010742188,1,25.78,Low Risk
635,2697.93994140625,47234.7109375,9557.7900390625,4040.85009765625,1,42.28,Low Risk
636,1156.17004394531,31419.080078125,6590.8798828125,1695.25,1,25.72,Low Risk
637,9409.25,44284.94140625,7885.1298828125,500.279998779297,1,6.34,Low Risk
638,2523.13989257813,48451.890625,5971.93017578125,426.230010986328,1,7.14,Low Risk
639,1031.91003417969,44311.30859375,1999.47998046875,2252.02001953125,1,112.63,Medium Risk
640,7719.85009765625,48638.140625,6498.240234375,2589.19995117188,1,39.84,Low Risk
641,4201.10009765625,39075.03125,6128.0400390625,1875.7099609375,1,30.61,Low Risk
642,8452.2900390625,44470.66015625,5502.81982421875,3937.580078125,1,71.56,Medium Risk
643,8400.4697265625,25081.130859375,6080.02001953125,3326.419921875,1,54.71,Low Risk
644,9924.5703125,17926.509765625,4051.76000976563,2827.11010742188,1,69.77,Low Risk
645,8057.89990234375,49985.8203125,8213,3055.71997070313,1,37.21,Low Risk
646,2220.10009765625,5790.240234375,3188.01000976563,3817.01000976563,-1,119.73,High Risk
647,5905.83984375,47951.73046875,4888.52978515625,3039.7099609375,1,62.18,Low Risk
648,5309.8798828125,22112.83984375,7421.7900390625,1113.72998046875,1,15.01,Low Risk
649,5131.080078125,2096.78002929688,6060.64013671875,2030.71997070313,1,33.51,Low Risk
650,3038.38989257813,40347.80859375,2174.53002929688,680.780029296875,1,31.31,Low Risk
651,2180.38989257813,22766.619140625,5458.8798828125,4356.419921875,1,79.8,Medium Risk
652,7197.259765625,40135.62109375,7722.22021484375,1093.01000976563,1,14.15,Low Risk
653,1107.43994140625,3196.01000976563,1633.4599609375,3001.28002929688,1,183.74,Medium Risk
654,591.200012207031,48733.1796875,8664.9599609375,267.820007324219,1,3.09,Low Risk
655,3874.31005859375,33880.859375,5601,1588.89001464844,1,28.37,Low Risk
656,7464.85986328125,3351.81005859375,5754.47021484375,4475.02001953125,1,77.77,Medium Risk
657,8698.48046875,1227.68994140625,6076.06982421875,3970.98999023438,1,65.35,Low Risk
658,5447.259765625,30106.080078125,3192.09008789063,465.160003662109,1,14.57,Low Risk
659,8415.330078125,48848.46875,4426.8798828125,2790.32006835938,1,63.03,Low Risk
660,350.380004882813,26675.970703125,7020.0400390625,1920.25,1,27.35,Low Risk
661,4608.16015625,18340.8203125,4554.93994140625,675.570007324219,1,14.83,Low Risk
662,1420.55004882813,47007.37109375,9440.849609375,4091.46997070313,1,43.34,Low Risk
663,5868.89990234375,49213.73046875,9157.08984375,4349.5400390625,-1,47.5,High Risk
664,9217.7802734375,39439.76171875,2583.98999023438,2522.8701171875,1,97.63,Medium Risk
665,171.190002441406,36177.8203125,2787.11010742188,949.739990234375,1,34.08,Low Risk
666,6715.39013671875,1101.11999511719,4699.18994140625,2097.580078125,1,44.64,Low Risk
667,7944.259765625,16370.4501953125,6248.35986328125,162.550003051758,1,2.6,Low Risk
668,7470.35986328125,46333.640625,8941.6904296875,3513.13989257813,1,39.29,Low Risk
669,295.709991455078,19038.650390625,2130.31005859375,4516.31005859375,1,212,Medium Risk
670,1821.44995117188,17394.400390625,8158.35986328125,78.4400024414063,1,0.96,Low Risk
671,1034.55004882813,27321.849609375,2092.92993164063,3273.96997070313,-1,156.43,High Risk
672,946,22941.529296875,5998.22021484375,444.709991455078,1,7.41,Low Risk
673,7328.81982421875,43081.1015625,6215.97998046875,1157.09997558594,1,18.61,Low Risk
674,4305.41015625,5003.10986328125,9676.1103515625,2676.55004882813,1,27.66,Low Risk
675,7275.72998046875,33278.71875,7766.52978515625,1599.52001953125,1,20.6,Low Risk
676,3671.44995117188,35162.3203125,7510.18994140625,29.4300003051758,1,0.39,Low Risk
677,1258.7900390625,44125.53125,1225.18994140625,4913.77001953125,1,401.06,Medium Risk
678,7212.68017578125,21373.439453125,7806.02978515625,855.929992675781,1,10.96,Low Risk
679,6297.97021484375,15455.259765625,7103.009765625,2636.69995117188,1,37.12,Low Risk
680,1218.4599609375,31701.48046875,7112.64013671875,2578.18994140625,1,36.25,Low Risk
681,9251.2099609375,36521.328125,1455.93994140625,4747.52978515625,1,326.08,Medium Risk
682,3158.32006835938,9377.98046875,4527.18017578125,3853.01000976563,1,85.11,Medium Risk
683,6581.830078125,8750.01953125,2033.63000488281,2778.80004882813,1,136.64,Medium Risk
684,416.609985351563,13916.5498046875,9208.2197265625,3682.02001953125,1,39.99,Low Risk
685,4486.1201171875,13147.9501953125,4301.759765625,4232.7099609375,1,98.39,Medium Risk
686,9647.2099609375,37782.05078125,8886,1617.11999511719,1,18.2,Low Risk
687,8876.4404296875,27004.4296875,3859.64990234375,605.859985351563,1,15.7,Low Risk
688,2291.34008789063,27841.75,7040.47998046875,4055.77001953125,1,57.61,Low Risk
689,8803.3896484375,1720.41003417969,1085.09997558594,956.789978027344,1,88.18,Medium Risk
690,3001.38989257813,49718.62109375,7278.68017578125,1705.88000488281,1,23.44,Low Risk
691,8537.1201171875,41659.7109375,7275.509765625,4406.7900390625,1,60.57,Low Risk
692,7319.35009765625,22739.560546875,2240.51000976563,3325.55004882813,1,148.43,Medium Risk
693,3585.32006835938,4277.22998046875,5027.08984375,434.690002441406,-1,8.65,High Risk
694,9116.830078125,35020.109375,7148.93017578125,1216.60998535156,1,17.02,Low Risk
695,4904.27001953125,27217.259765625,5777.52001953125,776.539978027344,1,13.44,Low Risk
696,3245.169921875,34199.41015625,9328.4501953125,159.050003051758,1,1.7,Low Risk
697,2868.88989257813,34201.30078125,2897.7099609375,1084.43994140625,1,37.42,Low Risk
698,9396.759765625,8581.98046875,9685.6904296875,3237.97998046875,1,33.43,Low Risk
699,7609.9501953125,17111.6796875,5436.830078125,69.7600021362305,1,1.28,Low Risk
700,3564,1870.23999023438,9997.7802734375,4812.10986328125,1,48.13,Low Risk
701,2616.27001953125,49130.87890625,4837.1298828125,1167.94995117188,1,24.15,Low Risk
702,2195.01000976563,40516.80859375,8818.419921875,1459.11999511719,1,16.55,Low Risk
703,2520.47998046875,46511.62109375,8525.2998046875,174.080001831055,1,2.04,Low Risk
704,1198.69995117188,3162.39990234375,5850.2001953125,348.119995117188,1,5.95,Low Risk
705,4898.8798828125,25517,7864.1201171875,4993.68017578125,1,63.5,Low Risk
706,506.609985351563,37624.25,7685.18994140625,1671.09997558594,1,21.74,Low Risk
707,213.990005493164,6081.52978515625,2194.44995117188,3398.56005859375,1,154.87,Medium Risk
708,6218.919921875,39077.26171875,7610,3754.78002929688,1,49.34,Low Risk
709,975.950012207031,32727.609375,7541.8798828125,2467.84008789063,1,32.72,Low Risk
710,8467.580078125,49262.80859375,4873.72998046875,2313.30004882813,1,47.46,Low Risk
711,1156.60998535156,7902.419921875,2383.46997070313,1679.68005371094,1,70.47,Medium Risk
712,5472.419921875,31834.58984375,5060.93994140625,3509.580078125,1,69.35,Low Risk
713,6787.490234375,47409.578125,7722.16015625,2627.21997070313,1,34.02,Low Risk
714,2368.63989257813,37439.80078125,8916.6201171875,2134.51000976563,1,23.94,Low Risk
715,8893.8203125,17471.25,4320.580078125,758.390014648438,1,17.55,Low Risk
716,4865.72998046875,6843.2900390625,4042.8701171875,3338.21997070313,1,82.57,Medium Risk
717,3221.65991210938,48224.55859375,2771.1201171875,2184.7099609375,1,78.84,Medium Risk
718,9021.169921875,4523.27978515625,4300.9599609375,521.47998046875,1,12.12,Low Risk
719,8597.5703125,48783.25,3150.2900390625,1714.68005371094,1,54.43,Low Risk
720,7125.31005859375,15872.0703125,4030.72998046875,228.309997558594,1,5.66,Low Risk
721,2975.78002929688,43155.23828125,5864.91015625,616.25,1,10.51,Low Risk
722,3963.0400390625,28161.279296875,6111.169921875,4967.85986328125,1,81.29,Medium Risk
723,6928.35986328125,45716.94140625,7674,3956.8798828125,1,51.56,Low Risk
724,1934.31005859375,21904.330078125,9847.1396484375,4938.759765625,1,50.15,Low Risk
725,5001.60986328125,42640.390625,1806.01000976563,4702.4599609375,1,260.38,Medium Risk
726,7403.4501953125,12680.8701171875,3120.38989257813,4788.7099609375,-1,153.47,High Risk
727,6611.35986328125,23870.330078125,4688.77001953125,2393.830078125,1,51.05,Low Risk
728,7227.33984375,42468.8203125,9708.509765625,3385.51000976563,1,34.87,Low Risk
729,8930,6799.72021484375,3531.43994140625,61.7799987792969,-1,1.75,High Risk
730,9686.0400390625,36703.078125,8895.0703125,1899.25,1,21.35,Low Risk
731,4638,22406.720703125,4653.7998046875,3376.8701171875,1,72.56,Medium Risk
732,693.820007324219,26147.529296875,9628.2900390625,769.5,1,7.99,Low Risk
733,8360.0703125,29372.560546875,1326.59997558594,4475.66015625,1,337.38,Medium Risk
734,1267.85998535156,14507.33984375,3177.6298828125,535.830017089844,1,16.86,Low Risk
735,2272.5,5722.22021484375,1351.03002929688,4189.56982421875,1,310.1,Medium Risk
736,6566.35986328125,1914.31005859375,7765.06005859375,3076.19995117188,1,39.62,Low Risk
737,7482.77978515625,22115.1796875,6867.43994140625,4298.85986328125,1,62.6,Low Risk
738,6977.009765625,14174.669921875,3088.38989257813,1119.72998046875,1,36.26,Low Risk
739,4441.06982421875,32013.5703125,1495.81005859375,3186.7099609375,1,213.04,Medium Risk
740,9188.8603515625,36080.9609375,8130.1298828125,1114.41003417969,1,13.71,Low Risk
741,8338.740234375,25683.490234375,7839.52001953125,1307.16003417969,1,16.67,Low Risk
742,6670.4599609375,31329.099609375,9274.169921875,567.940002441406,1,6.12,Low Risk
743,4466.64990234375,28476.560546875,2504.69995117188,4271.3701171875,1,170.53,Medium Risk
744,4691.8798828125,1224.31994628906,6165.830078125,4010.67993164063,1,65.05,Low Risk
745,1842.06994628906,42243.390625,9263.7001953125,1407.91003417969,1,15.2,Low Risk
746,7819.080078125,3918.56005859375,2849.92993164063,898.570007324219,1,31.53,Low Risk
747,8673.0400390625,21106.6796875,6465.990234375,3991.82006835938,1,61.74,Low Risk
748,8290.08984375,6439.91015625,6463.93994140625,2317.35009765625,1,35.85,Low Risk
749,5516.27001953125,33453.37890625,1376.23999023438,1639.56005859375,-1,119.13,High Risk
750,8395.6201171875,16953.80078125,8040.259765625,3407.17993164063,1,42.38,Low Risk
751,7925.0498046875,4486.4599609375,8105.580078125,1924.71997070313,1,23.75,Low Risk
752,8340.3603515625,3222.2900390625,2725.23999023438,3640.25,1,133.58,Medium Risk
753,9821.1396484375,12619.9501953125,1382.69995117188,1046.80004882813,1,75.71,Medium Risk
754,8119,33695.96875,7480.240234375,2839.88989257813,1,37.97,Low Risk
755,2779.830078125,36192.8515625,2213.32006835938,4374.39013671875,1,197.64,Medium Risk
756,8226.5400390625,7293.08984375,7205.10009765625,4057.02001953125,1,56.31,Low Risk
757,3818.7900390625,7816.5,2352.67993164063,4717.7099609375,1,200.52,Medium Risk
758,5210.2998046875,30068.119140625,8742.98046875,105.449996948242,1,1.21,Low Risk
759,7984.35986328125,47906.05078125,6503.33984375,4642.5,-1,71.39,High Risk
760,3235.52001953125,28092.640625,6190.9501953125,1202.19995117188,1,19.42,Low Risk
761,358.220001220703,35875.359375,5808.93017578125,4722.16015625,1,81.29,Medium Risk
762,7209.6298828125,29195.380859375,1371.21997070313,1276.10998535156,1,93.06,Medium Risk
763,9031.51953125,6136.9501953125,8549.0595703125,936.02001953125,1,10.95,Low Risk
764,9286.099609375,47376.73828125,5078.56982421875,3138.64990234375,1,61.8,Low Risk
765,8009.2099609375,4527.259765625,4330.56005859375,3633.40991210938,1,83.9,Medium Risk
766,9357.91015625,38233.640625,6679.06982421875,4810.509765625,1,72.02,Medium Risk
767,8224.5,48988.26171875,5497.85986328125,1505.81005859375,1,27.39,Low Risk
768,397.980010986328,16630.859375,3587.82006835938,2260.28002929688,1,63,Low Risk
769,3561.59008789063,9409.8798828125,2333.40991210938,3023.72998046875,1,129.58,Medium Risk
770,3427.44995117188,28742.5390625,1912.06994628906,4119.06005859375,1,215.42,Medium Risk
771,2269.72998046875,39958.26171875,3128.52001953125,3907.78002929688,1,124.91,Medium Risk
772,7999.580078125,47524.28125,8830.990234375,4719.02978515625,1,53.44,Low Risk
773,5248.89013671875,34990.0390625,1988.44995117188,2709.919921875,1,136.28,Medium Risk
774,8379.259765625,17457.779296875,8337.0498046875,4108.47021484375,1,49.28,Low Risk
775,6053.35986328125,25222.9609375,8813.8095703125,4017.03002929688,1,45.58,Low Risk
776,5947.02978515625,38298.828125,8425.599609375,1034.71997070313,1,12.28,Low Risk
777,3903.07006835938,39608.69140625,8772.25,1721.5400390625,-1,19.62,High Risk
778,7917.06982421875,4647.43017578125,2935.21997070313,999.219970703125,1,34.04,Low Risk
779,6862.60986328125,31073.240234375,9958.8095703125,210.949996948242,1,2.12,Low Risk
780,3453.63989257813,48401.12890625,5885.39013671875,4251.0498046875,1,72.23,Medium Risk
781,9936.3798828125,39477.578125,8295.669921875,4509.58984375,1,54.36,Low Risk
782,4681.60986328125,1358.81994628906,5367.06005859375,2104.71997070313,1,39.22,Low Risk
783,3234.23999023438,12022.1396484375,2718.3798828125,1824.46997070313,1,67.12,Low Risk
784,6909.14990234375,22805.4296875,8615.5302734375,2353.580078125,1,27.32,Low Risk
785,2305.7900390625,35607.19921875,5415.740234375,3142.06005859375,1,58.02,Low Risk
786,8323.3798828125,28207.08984375,9750.48046875,4936.259765625,1,50.63,Low Risk
787,6835.60009765625,4789.06982421875,8301.8798828125,4358,1,52.49,Low Risk
788,8713.650390625,37175.16015625,7754.490234375,812.669982910156,1,10.48,Low Risk
789,3357.61010742188,42096.96875,7472.240234375,4385.7099609375,1,58.69,Low Risk
790,8558.8095703125,11082.1298828125,6482.330078125,2424,1,37.39,Low Risk
791,5059.22021484375,4303.759765625,9075.1796875,4025.580078125,1,44.36,Low Risk
792,685.650024414063,39756.921875,6589.66015625,4225.509765625,1,64.12,Low Risk
793,2022.28002929688,32381.869140625,9963.849609375,1891.01000976563,1,18.98,Low Risk
794,2254.72998046875,40371.69921875,5701.68017578125,140.520004272461,1,2.46,Low Risk
795,7703.10986328125,28763.240234375,1735.84997558594,1824.10998535156,1,105.08,Medium Risk
796,2110.93994140625,21998.359375,7816.8701171875,149.899993896484,1,1.92,Low Risk
797,5662.97998046875,48190.80859375,1395.86999511719,2570.10009765625,1,184.12,Medium Risk
798,6560.169921875,39218.03125,4471.47998046875,4745.81005859375,1,106.14,Medium Risk
799,7761.18994140625,21183.900390625,5044.91015625,4425.5498046875,1,87.72,Medium Risk
800,7860.41015625,45468.390625,8991.1201171875,1917.39001464844,1,21.33,Low Risk
801,7204.27978515625,49681.4609375,6049.81982421875,3782.78002929688,1,62.53,Low Risk
802,2210.52001953125,16103.58984375,9497.009765625,3654.78002929688,1,38.48,Low Risk
803,5480.35009765625,44731.359375,3161.35009765625,2888.43994140625,1,91.37,Medium Risk
804,2972.67993164063,3224.47998046875,3525,3522.73999023438,1,99.94,Medium Risk
805,7773.47021484375,11503.099609375,4286.64990234375,4516.7998046875,1,105.37,Medium Risk
806,7506.1201171875,8884.7001953125,7568.56005859375,1406.27001953125,1,18.58,Low Risk
807,2373.51000976563,18473.08984375,7121.5400390625,878.489990234375,1,12.34,Low Risk
808,6449.2900390625,28568.509765625,2852.2900390625,1608.51000976563,1,56.39,Low Risk
809,678.440002441406,36279.01171875,4633.47021484375,3055.03002929688,1,65.93,Low Risk
810,7708.6298828125,45237.390625,4166.169921875,2412.69995117188,1,57.91,Low Risk
811,7824,8768.830078125,7833.39013671875,3361.39990234375,1,42.91,Low Risk
812,3535.419921875,29335.890625,4311.990234375,2228.34008789063,1,51.68,Low Risk
813,8081.93994140625,28179.970703125,7803.1201171875,3255.94995117188,1,41.73,Low Risk
814,8597.150390625,23465.220703125,5935.169921875,443.470001220703,1,7.47,Low Risk
815,1981.56994628906,35034.55078125,9483.2802734375,2170.13989257813,1,22.88,Low Risk
816,3573.86010742188,26154.689453125,9799,3228.26000976563,1,32.94,Low Risk
817,2684.69995117188,27959.380859375,6665.72021484375,1456.40002441406,1,21.85,Low Risk
818,3806.14990234375,45263.21875,9276.8603515625,1615.10998535156,1,17.41,Low Risk
819,4524.35009765625,43153.33984375,7494.89990234375,101.360000610352,1,1.35,Low Risk
820,5148.68994140625,29289.369140625,7101.009765625,3933.4599609375,1,55.39,Low Risk
821,447.529998779297,8654.26953125,5189.509765625,2427.89990234375,1,46.78,Low Risk
822,646.150024414063,47976.37109375,6042.14013671875,832.809997558594,1,13.78,Low Risk
823,6586.81982421875,31512.30078125,4504.85009765625,3151.48999023438,1,69.96,Low Risk
824,4483.14013671875,40566.26171875,2574.71997070313,597.289978027344,1,23.2,Low Risk
825,988.400024414063,3696.07006835938,9322.51953125,2324.7900390625,1,24.94,Low Risk
826,3923.67993164063,44944.44140625,2906.8701171875,673.530029296875,1,23.17,Low Risk
827,4807.39990234375,34981.28125,5877.330078125,3383.14990234375,1,57.56,Low Risk
828,6392.33984375,34585.8203125,7633.8798828125,945.669982910156,1,12.39,Low Risk
829,1271.46997070313,6395.509765625,8411.7802734375,4769.06982421875,1,56.7,Low Risk
830,9948.5595703125,35930.30078125,4200.4599609375,3008.17993164063,1,71.62,Medium Risk
831,4799.580078125,4755.22998046875,6920.93017578125,110.76000213623,1,1.6,Low Risk
832,6839.830078125,3735.46997070313,4988.56005859375,2098.98999023438,1,42.08,Low Risk
833,9091.3603515625,16942.05078125,8395.599609375,802.309997558594,1,9.56,Low Risk
834,415.049987792969,2135.31005859375,6914.43994140625,3026.02001953125,1,43.76,Low Risk
835,6053.4501953125,8821.6396484375,1420.68994140625,3825.97998046875,1,269.3,Medium Risk
836,5449.52001953125,36580.2109375,6489.68994140625,1542.25,1,23.76,Low Risk
837,668.330017089844,41911.3515625,7321.7900390625,3377.73999023438,1,46.13,Low Risk
838,6960.97021484375,9796.5498046875,9177.650390625,4356.2001953125,-1,47.47,High Risk
839,2285.75,41341.578125,1456.10998535156,4526.509765625,1,310.86,Medium Risk
840,7048.6298828125,24545.970703125,6373.27001953125,614.510009765625,-1,9.64,High Risk
841,3690.03002929688,47936.83984375,5506.56005859375,1775.31994628906,1,32.24,Low Risk
842,7724.25,7826.14013671875,6770,1365.02001953125,1,20.16,Low Risk
843,9423.4404296875,3624.669921875,7887.77978515625,2852.90991210938,1,36.17,Low Risk
844,8619.0703125,42408.921875,2209.11010742188,4080.59008789063,1,184.72,Medium Risk
845,4877.47998046875,18737.2890625,5877.22021484375,3219.57006835938,1,54.78,Low Risk
846,2330.19995117188,23401.33984375,5685.47021484375,4915.1201171875,1,86.45,Medium Risk
847,9924.990234375,26077.91015625,5636.0400390625,197.529998779297,1,3.5,Low Risk
848,6629.0400390625,41433.171875,4720.10009765625,995.22998046875,1,21.08,Low Risk
849,4019.92993164063,4724.02001953125,8646.099609375,4256.830078125,1,49.23,Low Risk
850,4867.08984375,28005.08984375,1569.78002929688,1963.32995605469,1,125.07,Medium Risk
851,1367.75,22097.83984375,4463.52978515625,3893.89990234375,1,87.24,Medium Risk
852,5102.39013671875,17673.740234375,6325.7998046875,4858.3798828125,1,76.8,Medium Risk
853,1814.32995605469,18058.4296875,9180.25,2951.169921875,1,32.15,Low Risk
854,3720.8798828125,46586.69921875,6671.22998046875,3329.88989257813,-1,49.91,High Risk
855,4968.490234375,14137.509765625,2180.30004882813,1922.43994140625,1,88.17,Medium Risk
856,9483.2099609375,23276.33984375,7128.740234375,4496.06982421875,1,63.07,Low Risk
857,6284.4599609375,25147.3203125,4055.68994140625,3351.6201171875,-1,82.64,High Risk
858,3781.7099609375,36273.328125,6283.490234375,3019.84008789063,1,48.06,Low Risk
859,1219.57995605469,26430.33984375,6139.68994140625,138.160003662109,1,2.25,Low Risk
860,7497.169921875,31440.400390625,2551.2900390625,2473.080078125,1,96.93,Medium Risk
861,4721.83984375,20542.7109375,8369.83984375,4975.47021484375,1,59.45,Low Risk
862,774.739990234375,36212.21875,5860.66015625,2246.1298828125,1,38.33,Low Risk
863,6603.06005859375,23826.740234375,4477.5400390625,4785.14013671875,1,106.87,Medium Risk
864,3566.0400390625,11912.9404296875,2852.96997070313,4907.18017578125,1,172,Medium Risk
865,4098.52001953125,41029.578125,9244.3203125,3231.90991210938,1,34.96,Low Risk
866,8404.650390625,38507.16015625,3178.4599609375,1500.48999023438,1,47.21,Low Risk
867,1459.34997558594,31747.01953125,9414.009765625,977.349975585938,1,10.38,Low Risk
868,3469.7099609375,26575.41015625,5872.85009765625,2730.6298828125,1,46.5,Low Risk
869,3700.31005859375,11216.3095703125,5525.41015625,524.799987792969,1,9.5,Low Risk
870,132.960006713867,43549.3515625,5246.009765625,2530.17993164063,1,48.23,Low Risk
871,8468.759765625,5762.419921875,8934.919921875,3288.61010742188,1,36.81,Low Risk
872,8369.58984375,19776,8325.849609375,2194.94995117188,1,26.36,Low Risk
873,6652.18017578125,42775.48828125,7086.35009765625,752.239990234375,1,10.62,Low Risk
874,8999.51953125,30182.76953125,5714.41015625,4027.61010742188,1,70.48,Medium Risk
875,2801.580078125,22492.369140625,6910.7900390625,2705.6298828125,1,39.15,Low Risk
876,2284.23999023438,39776.6796875,3188.76000976563,1351.88000488281,1,42.4,Low Risk
877,778.359985351563,49486.19140625,5471.66015625,78.4499969482422,1,1.43,Low Risk
878,5960.93017578125,10251.8603515625,2266.86010742188,2720.96997070313,1,120.03,Medium Risk
879,5013.919921875,3485.919921875,2154.63989257813,3836.13989257813,1,178.04,Medium Risk
880,8122.919921875,23686.41015625,7377.9599609375,1819.63000488281,1,24.66,Low Risk
881,4864.740234375,15082.41015625,9486.6396484375,3305.09008789063,1,34.84,Low Risk
882,2112.0400390625,33670.828125,8222.7197265625,3978.40991210938,1,48.38,Low Risk
883,8115.009765625,25218.66015625,9450.6904296875,2348.580078125,1,24.85,Low Risk
884,4609,25451.140625,2996.84008789063,1350.78002929688,1,45.07,Low Risk
885,9562.7197265625,18394.119140625,3355,2069,1,61.67,Low Risk
886,5391.27001953125,11322.98046875,4814.93994140625,3806.09008789063,1,79.05,Medium Risk
887,1255.71997070313,11459.259765625,4448.5,1092.03002929688,1,24.55,Low Risk
888,8525.1396484375,19961.5390625,3682.7900390625,1275.93005371094,1,34.65,Low Risk
889,8796.259765625,34409.94921875,3631.47998046875,1798.64001464844,1,49.53,Low Risk
890,4509.77001953125,17520.310546875,9217.5400390625,3137.6201171875,1,34.04,Low Risk
891,357.329986572266,16974.83984375,2628.10009765625,1203.88000488281,1,45.81,Low Risk
892,394.260009765625,21825.029296875,8869.5302734375,2475.0400390625,1,27.9,Low Risk
893,3576.3798828125,49552.2109375,5589.39013671875,3175.17993164063,1,56.81,Low Risk
894,7190.7001953125,5470.5498046875,9342.1904296875,2608.72998046875,1,27.92,Low Risk
895,3377.40991210938,15437.9697265625,1160.69995117188,33.6300010681152,1,2.9,Low Risk
896,176.529998779297,15308.099609375,2997.8701171875,2501.06005859375,1,83.43,Medium Risk
897,8500.849609375,48750.5390625,5490.10986328125,1778.63000488281,1,32.4,Low Risk
898,9690.4501953125,20951.720703125,2273.30004882813,229.179992675781,1,10.08,Low Risk
899,3529.06005859375,28781.619140625,2935.26000976563,4575.91015625,1,155.89,Medium Risk
900,823.440002441406,10708.419921875,5268.02978515625,3247.1298828125,1,61.64,Low Risk
901,2984.97998046875,1622.7099609375,7909.7001953125,4566.8798828125,1,57.74,Low Risk
902,8010.16015625,17624.19921875,8067.6298828125,1527.43005371094,1,18.93,Low Risk
903,5468.35986328125,32312.619140625,6540.18017578125,4620.60009765625,1,70.65,Medium Risk
904,3901.4599609375,34885.48046875,9181.1201171875,2207.23999023438,1,24.04,Low Risk
905,3408.85009765625,37939.921875,6664.68994140625,1616.66003417969,1,24.26,Low Risk
906,1242.41003417969,43172.51953125,1214.38000488281,4208.10986328125,1,346.52,Medium Risk
907,3461.18994140625,6665.52978515625,5661.7998046875,218.809997558594,1,3.86,Low Risk
908,4754.06982421875,5056.83984375,9708.3095703125,3658.21997070313,1,37.68,Low Risk
909,6764.10009765625,39596.578125,6905.2099609375,4322.169921875,1,62.59,Low Risk
910,2694.580078125,22351.8203125,7195.72021484375,4356.669921875,1,60.55,Low Risk
911,8984.0498046875,47408.71875,2027.14001464844,158.800003051758,1,7.83,Low Risk
912,4899.52001953125,47230.75,4237.25,4408.16015625,1,104.03,Medium Risk
913,4111.10009765625,7940.9501953125,8617.3603515625,3576.3701171875,1,41.5,Low Risk
914,5980.14013671875,34870.01171875,1992.92004394531,4227.419921875,1,212.12,Medium Risk
915,1759.47998046875,4288.259765625,8553.1201171875,3336.9599609375,1,39.01,Low Risk
916,1155.19995117188,20767.08984375,6158.2099609375,3745.13989257813,1,60.82,Low Risk
917,3530.75,42243.7890625,4544.77001953125,3087.61010742188,1,67.94,Low Risk
918,495.339996337891,23587.01953125,9371.8203125,2353.73999023438,1,25.12,Low Risk
919,3838.07006835938,2647.06005859375,1264.98999023438,4643.25,1,367.06,Medium Risk
920,6747.7001953125,12776.099609375,9341,552.380004882813,1,5.91,Low Risk
921,8140.009765625,5232.14990234375,8905.7197265625,318.75,1,3.58,Low Risk
922,5839.64990234375,21003.529296875,9881.6298828125,3327.13989257813,1,33.67,Low Risk
923,6944.16015625,35138.25,4750.5498046875,3367.98999023438,1,70.9,Medium Risk
924,8347.98046875,33357.51171875,5146.2001953125,4209.52001953125,1,81.8,Medium Risk
925,7753.990234375,36228.05859375,7347.77001953125,3242.7099609375,-1,44.13,High Risk
926,3267.82006835938,19806.98046875,1992.25,437.929992675781,1,21.98,Low Risk
927,5776.8798828125,13998.7001953125,3192.19995117188,4396.8798828125,1,137.74,Medium Risk
928,2722.05004882813,3789.67993164063,4978,495.630004882813,1,9.96,Low Risk
929,5805.7001953125,47137.19140625,7459.35986328125,2247.169921875,1,30.13,Low Risk
930,4317.41015625,6795.72998046875,5468.1201171875,3146.7900390625,1,57.55,Low Risk
931,3790.7099609375,9733.9599609375,3066.11010742188,3161.8701171875,1,103.12,Medium Risk
932,1917.28002929688,2225.0400390625,3625.94995117188,2240.53002929688,1,61.79,Low Risk
933,5661.35986328125,16541.240234375,7747.02978515625,1652.52001953125,1,21.33,Low Risk
934,7320.22998046875,41123.5,8253.150390625,1505.68994140625,1,18.24,Low Risk
935,5755.669921875,17280.08984375,4925.5,4867.3701171875,1,98.82,Medium Risk
936,785.340026855469,33633.1484375,2739.97998046875,1700.28002929688,1,62.05,Low Risk
937,9250.83984375,48311.6796875,6173.97998046875,2906.35009765625,1,47.07,Low Risk
938,154.360000610352,44734,4601.009765625,2893.78002929688,1,62.89,Low Risk
939,8862.0703125,9818.6396484375,6750.43017578125,2854.25,1,42.28,Low Risk
940,7684.1298828125,18601.16015625,8423.9599609375,3106.09008789063,1,36.87,Low Risk
941,1055.92004394531,37805.87890625,5752.41015625,1312.22998046875,1,22.81,Low Risk
942,2441.98999023438,48905.26953125,9116.900390625,1692.92004394531,1,18.57,Low Risk
943,3554.78002929688,36080.80859375,4318.39990234375,352.329986572266,1,8.16,Low Risk
944,9111.98046875,13358.41015625,5327.18994140625,2855.06005859375,-1,53.59,High Risk
945,9801.26953125,7508.31005859375,6135.990234375,1194.4599609375,1,19.47,Low Risk
946,962.969970703125,25262.8203125,7470.25,857.169982910156,-1,11.47,High Risk
947,4029.6298828125,10454.6201171875,5758.64013671875,4166.93994140625,1,72.36,Medium Risk
948,1577.89001464844,12153.1298828125,8299.9697265625,2909.4599609375,1,35.05,Low Risk
949,2856.52001953125,32087.16015625,7269.56982421875,2791.5,1,38.4,Low Risk
950,9812.599609375,26226.9296875,4150.330078125,780,1,18.79,Low Risk
951,9845.8203125,6913.97021484375,6759.31005859375,2223.96997070313,1,32.9,Low Risk
952,4774.169921875,8530.23046875,3850.330078125,2775.919921875,1,72.1,Medium Risk
953,1913.06994628906,1952.2900390625,7449.169921875,2190.0400390625,1,29.4,Low Risk
954,5515.47998046875,11763.330078125,6881.1201171875,2669.32006835938,1,38.79,Low Risk
955,3274.78002929688,44478.33984375,2595.919921875,74.4000015258789,1,2.87,Low Risk
956,9295.4296875,39858.62890625,7304.81982421875,997.710021972656,1,13.66,Low Risk
957,8200.3203125,21324.310546875,2176.2900390625,1084.23999023438,1,49.82,Low Risk
958,3157.52001953125,37354.76953125,1827.47998046875,1890.64001464844,1,103.46,Medium Risk
959,281.260009765625,20941.490234375,6785.22021484375,4703.77978515625,1,69.32,Low Risk
960,9980.6796875,39813.1015625,4000.669921875,2706,-1,67.64,High Risk
961,6865.10986328125,9915.349609375,2446.61010742188,1281.7900390625,1,52.39,Low Risk
962,4314.7001953125,8473.349609375,9886.830078125,3583.42993164063,-1,36.24,High Risk
963,2955.7099609375,4819.08984375,8829.3701171875,1094.06994628906,1,12.39,Low Risk
964,143.800003051758,12848.509765625,2591.8798828125,788.059997558594,1,30.4,Low Risk
965,1624.19995117188,8169.5,9492.4697265625,1489.53002929688,1,15.69,Low Risk
966,158.130004882813,40133.4296875,6454.3798828125,1463.86999511719,1,22.68,Low Risk
967,6016.08984375,12758.6103515625,5679.06005859375,2106.67993164063,-1,37.1,High Risk
968,6667.10009765625,26294.169921875,4211.5400390625,3571.6201171875,1,84.81,Medium Risk
969,7691.27978515625,38053.66015625,3892.42993164063,2894.67993164063,1,74.37,Medium Risk
970,1951.2900390625,34176.6484375,1926.96997070313,2462.580078125,1,127.8,Medium Risk
971,1050.10998535156,11024.8896484375,2632.80004882813,4742.4599609375,1,180.13,Medium Risk
972,6539.5498046875,4776.52001953125,3421.85009765625,161.289993286133,1,4.71,Low Risk
973,5048.9501953125,45676.3203125,7626.10986328125,2020.0400390625,1,26.49,Low Risk
974,8769.2900390625,31477.689453125,9639.6796875,3424.38989257813,1,35.52,Low Risk
975,5379.330078125,35621.62109375,5189.77001953125,1602.09997558594,1,30.87,Low Risk
976,4503.72998046875,19914.689453125,4339.4501953125,2377.169921875,1,54.78,Low Risk
977,4931.47998046875,12838.740234375,8731.91015625,150.440002441406,1,1.72,Low Risk
978,7844.990234375,27000.259765625,7126.75,1016.17999267578,1,14.26,Low Risk
979,281.220001220703,4816.2099609375,3203.19995117188,407.829986572266,1,12.73,Low Risk
980,9190.2900390625,40198.8515625,5843.5498046875,4853.14013671875,1,83.05,Medium Risk
981,7170.47021484375,33070.75,8951.26953125,3721.88989257813,1,41.58,Low Risk
982,8864.3701171875,38320.0703125,6939.8798828125,3266.73999023438,1,47.07,Low Risk
983,9600.0302734375,28893.779296875,4356.3701171875,10.5799999237061,1,0.24,Low Risk
984,2337.43994140625,29317.55078125,4854.009765625,2332.51000976563,1,48.05,Low Risk
985,5825.56982421875,30418.41015625,9087.419921875,3540.38989257813,1,38.96,Low Risk
986,4911.830078125,39423.7890625,7372.5400390625,3041.40991210938,1,41.25,Low Risk
987,5422.43017578125,12043.8798828125,5590.43017578125,2572.06005859375,1,46.01,Low Risk
988,568.159973144531,34395.0703125,7103.2099609375,4146.72021484375,1,58.38,Low Risk
989,9148.4599609375,28082.580078125,7168.7998046875,1676.06994628906,1,23.38,Low Risk
990,9551.3701171875,25260.279296875,6106.009765625,4194.47998046875,1,68.69,Low Risk
991,6882.72998046875,27504.419921875,6647.97998046875,1941.39001464844,1,29.2,Low Risk
992,2656.94995117188,14337.8095703125,4177.64013671875,2903.1201171875,1,69.49,Low Risk
993,7893.33984375,2816.94995117188,4146.97998046875,2599.18994140625,1,62.68,Low Risk
994,7335.3798828125,38199.03125,4052.419921875,2052.57006835938,1,50.65,Low Risk
995,5788.43994140625,45892.5,1348.11999511719,1332.18005371094,1,98.82,Medium Risk
996,1785.36999511719,24557.369140625,8453.5595703125,2241.48999023438,1,26.52,Low Risk
997,2091.669921875,42057.19140625,2417.32006835938,606.549987792969,1,25.09,Low Risk
998,5935.10986328125,28207.5703125,1847.75,1720.68994140625,1,93.12,Medium Risk
999,1375.36999511719,46584.80859375,4805.7900390625,2898.78002929688,1,60.32,Low Risk
1000,7266.89990234375,25912.4609375,5314.1201171875,308.540008544922,1,5.81,Low Risk
1001,2204.73999023438,11037.7802734375,3368.56005859375,3717.7900390625,1,110.37,Medium Risk
1002,9113.75,43635.640625,9608.9599609375,2837.19995117188,1,29.53,Low Risk
1003,9007.2802734375,40213.3203125,2499.63989257813,4825.0498046875,1,193.03,Medium Risk
1004,3006.67993164063,20502.529296875,6163.759765625,454.5,1,7.37,Low Risk
1005,925.530029296875,42253.671875,6495.9501953125,1133.5400390625,1,17.45,Low Risk
1006,6153.02001953125,1443.46997070313,6899.14013671875,2690.6201171875,1,39,Low Risk
1007,4539.2998046875,40187.609375,8144.8701171875,2425.07006835938,1,29.77,Low Risk
1008,1522.71997070313,34713.96875,8785.400390625,2491.96997070313,1,28.36,Low Risk
1009,5361.669921875,19604.23046875,3625.06005859375,1709.09997558594,1,47.15,Low Risk
1010,9927.9697265625,39787.7109375,9874.240234375,4330.490234375,1,43.86,Low Risk
1011,782.929992675781,7206.43017578125,4725.31982421875,256.630004882813,1,5.43,Low Risk
1012,2712.56005859375,10962.650390625,8057.3701171875,4361.58984375,1,54.13,Low Risk
1013,5432.27978515625,27145.419921875,1368.40002441406,3881.36010742188,1,283.64,Medium Risk
1014,7954.27978515625,44170.2890625,7708.509765625,3942.3701171875,1,51.14,Low Risk
1015,285.739990234375,7375.14990234375,8474.08984375,4551.509765625,1,53.71,Low Risk
1016,7354.31982421875,28649.169921875,1975.08996582031,2833.36010742188,1,143.45,Medium Risk
1017,1484.84997558594,37903.44921875,3754.59008789063,4329.2099609375,1,115.3,Medium Risk
1018,8323.73046875,37424.3203125,5029.68994140625,2025.56005859375,1,40.27,Low Risk
1019,6952.5400390625,31770.099609375,7875.4599609375,3421.3798828125,1,43.44,Low Risk
1020,4619.4599609375,47105.12890625,5766.830078125,1524.03002929688,-1,26.43,High Risk
1021,8233.669921875,24624.720703125,6682.6298828125,4031.96997070313,1,60.34,Low Risk
1022,7357.18017578125,44131.98828125,4318.22021484375,173.449996948242,1,4.02,Low Risk
1023,7615.919921875,31359.609375,8828.349609375,4226.56005859375,1,47.87,Low Risk
1024,2971.72998046875,37135.87109375,4298.08984375,587.640014648438,1,13.67,Low Risk
1025,6232.25,23776.779296875,5268.75,779.549987792969,1,14.8,Low Risk
1026,1496.94995117188,9213.349609375,4978.9599609375,3783.01000976563,1,75.98,Medium Risk
1027,8226.51953125,6345.68017578125,8070.41015625,1183.90002441406,1,14.67,Low Risk
1028,5314.75,34434.19140625,8389.16015625,2456.6298828125,1,29.28,Low Risk
1029,8266.349609375,19447.330078125,9152.650390625,2493.10009765625,1,27.24,Low Risk
1030,2190.44995117188,28806.66015625,3069.09008789063,1876.22998046875,-1,61.13,High Risk
1031,1390.38000488281,37556.421875,9199.25,4662.68994140625,1,50.69,Low Risk
1032,6920.7900390625,39537.6015625,3608.1201171875,2819.36010742188,1,78.14,Medium Risk
1033,678.140014648438,25973.359375,8902.2998046875,3585.19995117188,1,40.27,Low Risk
1034,2515.4599609375,16410.619140625,8714.1298828125,4451.47021484375,1,51.08,Low Risk
1035,9096.26953125,39018.12890625,5092.77001953125,3073.669921875,1,60.35,Low Risk
1036,1414.30004882813,21351.919921875,8185.8798828125,3474.26000976563,1,42.44,Low Risk
1037,3818,46899.80859375,7689.56005859375,2211.88989257813,1,28.76,Low Risk
1038,9461.26953125,41404.03125,1404.91003417969,4977.259765625,1,354.28,Medium Risk
1039,298.029998779297,37598.921875,1235.82995605469,3879.55004882813,1,313.92,Medium Risk
1040,4508.6201171875,12820.9599609375,1790.81994628906,4825.56005859375,-1,269.46,High Risk
1041,7885.9501953125,18775.33984375,9534.3701171875,636.219970703125,1,6.67,Low Risk
1042,9098.91015625,42600.05859375,7415.97998046875,114.48999786377,1,1.54,Low Risk
1043,7382.2099609375,2133.85009765625,4730.10009765625,2617.43994140625,1,55.34,Low Risk
1044,8895.080078125,39291.96875,2987.3701171875,3657.57006835938,1,122.43,Medium Risk
1045,440.25,20803.4296875,9530.1796875,4164.83984375,1,43.7,Low Risk
1046,1088.77001953125,40168.1015625,3198.8701171875,4244.08984375,1,132.67,Medium Risk
1047,7403.490234375,28067.19921875,5893.5400390625,1434.82995605469,1,24.35,Low Risk
1048,7557.9501953125,26813.529296875,3188.56005859375,3795.67993164063,1,119.04,Medium Risk
1049,6092.18994140625,35377.98046875,7540.93017578125,786.830017089844,1,10.43,Low Risk
1050,7329.740234375,40510.359375,2552.52001953125,2596.46997070313,1,101.72,Medium Risk
1051,8594.73046875,34979.28125,6358.93017578125,1176.94995117188,1,18.51,Low Risk
1052,5500.27978515625,23085,6846.64990234375,1158.39001464844,1,16.92,Low Risk
1053,9478.509765625,16720.970703125,9675.6103515625,1498.5,1,15.49,Low Risk
1054,6972.9501953125,42435.859375,6426.18994140625,1537.03002929688,-1,23.92,High Risk
1055,4772.6201171875,26518.099609375,5365.41015625,1674.08996582031,1,31.2,Low Risk
1056,4273.02978515625,39389.578125,4534.66015625,4566.85986328125,1,100.71,Medium Risk
1057,7526.64990234375,49790.1484375,1952.34997558594,3434.30004882813,1,175.91,Medium Risk
1058,6341.64990234375,32550.490234375,7497.77001953125,22,-1,0.29,High Risk
1059,8192.6904296875,14638.9599609375,3224.64990234375,2007.13000488281,1,62.24,Low Risk
1060,7831.759765625,43412.26953125,3813.52001953125,825.179992675781,1,21.64,Low Risk
1061,5289.60986328125,14409.98046875,1106.68005371094,3606.06005859375,1,325.84,Medium Risk
1062,9462.4501953125,13759.650390625,6931.1298828125,4912.68017578125,1,70.88,Medium Risk
1063,7072.14990234375,4622.91015625,7829.759765625,2493.97998046875,1,31.85,Low Risk
1064,2088.31005859375,4849.56982421875,1849.21997070313,4904.990234375,-1,265.25,High Risk
1065,6223.02001953125,43253.75,2233.28002929688,1379.46997070313,1,61.77,Low Risk
1066,2097.94995117188,12305.75,8406.669921875,2905.18994140625,1,34.56,Low Risk
1067,5632.60986328125,6325.72021484375,7612.5498046875,2725.77001953125,1,35.81,Low Risk
1068,7920.35009765625,18276.810546875,2113.89990234375,3979.67993164063,1,188.26,Medium Risk
1069,8143.7998046875,35963.66015625,4804.5,1307.01000976563,-1,27.2,High Risk
1070,6543.169921875,17641.919921875,3805.81005859375,1295.81994628906,-1,34.05,High Risk
1071,7854.72998046875,16154.7197265625,2474.90991210938,1774.06005859375,1,71.68,Medium Risk
1072,4775.1298828125,24915.220703125,4945.25,2920.52001953125,1,59.06,Low Risk
1073,5551.490234375,2038.81005859375,8667.6396484375,676.97998046875,1,7.81,Low Risk
1074,8808.1103515625,25062.599609375,8346.4296875,4774.60986328125,1,57.21,Low Risk
1075,4981.5,49510.9296875,6275.02001953125,2303.11010742188,1,36.7,Low Risk
1076,3574.19995117188,40168.078125,6037.10009765625,2516.75,1,41.69,Low Risk
1077,7990.22998046875,4454.10009765625,6891.81005859375,2053.69995117188,1,29.8,Low Risk
1078,599.690002441406,33086.30078125,9777.8798828125,1936.39001464844,1,19.8,Low Risk
1079,9587.73046875,23594.5,8409.740234375,2281.830078125,1,27.13,Low Risk
1080,3466.64990234375,41486.1796875,2919.64990234375,1211.94995117188,1,41.51,Low Risk
1081,6333.2001953125,5827.77978515625,5201.39013671875,739.400024414063,1,14.22,Low Risk
1082,6886.009765625,12403.7099609375,7718.31982421875,2181.6298828125,1,28.27,Low Risk
1083,1457.06994628906,39765.91015625,8633.330078125,3382.330078125,1,39.18,Low Risk
1084,8246.3203125,42610.76953125,1760.86999511719,1782.18005371094,1,101.21,Medium Risk
1085,5763.919921875,26936.470703125,7244.83984375,539.950012207031,1,7.45,Low Risk
1086,3346.48999023438,1965.15002441406,2375.88989257813,2619.81005859375,1,110.27,Medium Risk
1087,8521.7900390625,44792.0390625,1953.81005859375,2620.36010742188,1,134.12,Medium Risk
1088,6288.2998046875,19755.5,8591.740234375,844.570007324219,1,9.83,Low Risk
1089,7879.2001953125,2944.35009765625,8079.5400390625,1715.4599609375,1,21.23,Low Risk
1090,9923.8701171875,41121.80078125,7719.31982421875,3946.56005859375,1,51.13,Low Risk
1091,1389.73999023438,21485.390625,1217.7900390625,160.800003051758,1,13.2,Low Risk
1092,7521.009765625,10309.51953125,3311.73999023438,475.260009765625,1,14.35,Low Risk
1093,7600.93994140625,40277.328125,4879.990234375,3503.3701171875,1,71.79,Medium Risk
1094,8759.4296875,23428.0703125,8920.41015625,2862.39990234375,1,32.09,Low Risk
1095,4139.85009765625,30782.669921875,5708.52001953125,2894.09008789063,1,50.7,Low Risk
1096,8709.5498046875,41332.94921875,5487.75,2288.43994140625,1,41.7,Low Risk
1097,6434.83984375,26598.6796875,1041.5400390625,429.489990234375,1,41.24,Low Risk
1098,780.840026855469,6413.419921875,8467.7998046875,264.519989013672,1,3.12,Low Risk
1099,412.019989013672,48224.328125,6265.8798828125,1620.81005859375,1,25.87,Low Risk
1100,4866.7099609375,15040.48046875,4342.22998046875,283.279998779297,1,6.52,Low Risk
1101,7879.740234375,49718.21875,2444.60009765625,2826.3701171875,-1,115.62,High Risk
1102,3903.88989257813,1295.19995117188,4773.9599609375,3395.13989257813,1,71.12,Medium Risk
1103,8533.1396484375,24705.609375,3148.48999023438,3091.3798828125,1,98.19,Medium Risk
1104,4972.009765625,35541.80859375,5051.75,3646.68994140625,1,72.19,Medium Risk
1105,360.260009765625,45408.7890625,3758.47998046875,4760.3798828125,1,126.66,Medium Risk
1106,9739.2802734375,39236.51171875,1395.76000976563,4837.22998046875,1,346.57,Medium Risk
1107,4947.16015625,13525.759765625,9931.990234375,1427.41003417969,1,14.37,Low Risk
1108,6536.35009765625,12921.919921875,5030.43994140625,1458.09997558594,1,28.99,Low Risk
1109,2072.9599609375,18472.75,8321.98046875,3716.88989257813,1,44.66,Low Risk
1110,3043.57006835938,6416.47021484375,2045.13000488281,4950.0400390625,1,242.04,Medium Risk
1111,4894.419921875,33809.08984375,6478.81005859375,2064.34008789063,-1,31.86,High Risk
1112,8576.26953125,47121.66015625,5724.3701171875,926.52001953125,1,16.19,Low Risk
1113,1109.34997558594,32463.109375,9582.4599609375,3643.8798828125,1,38.03,Low Risk
1114,7825.35986328125,27135.310546875,8232.48046875,1926.46997070313,1,23.4,Low Risk
1115,5835.56982421875,25664.109375,4719.5,400.089996337891,1,8.48,Low Risk
1116,5046.68994140625,30038.0390625,8148.72021484375,3743.25,1,45.94,Low Risk
1117,8778.2197265625,35820.03125,4672.2998046875,2040.67004394531,1,43.68,Low Risk
1118,1269.39001464844,39954.96875,7847.35986328125,2956.72998046875,1,37.68,Low Risk
1119,9908.4697265625,35217.73828125,3623.17993164063,3459.5400390625,-1,95.48,High Risk
1120,8560.8701171875,35546.55859375,4356.5,4104.33984375,1,94.21,Medium Risk
1121,3324.80004882813,47634.9609375,6450.97998046875,3107.169921875,1,48.17,Low Risk
1122,4570.60986328125,45067.828125,5867.93994140625,4679.56982421875,1,79.75,Medium Risk
1123,347.529998779297,41372.23828125,4559.31005859375,2423.9599609375,1,53.17,Low Risk
1124,5323.2900390625,3124.64990234375,9438.669921875,2651.5,1,28.09,Low Risk
1125,5522.419921875,33774.5,5536.3701171875,1520.48999023438,1,27.46,Low Risk
1126,9273.099609375,23294.060546875,7491.259765625,659.489990234375,1,8.8,Low Risk
1127,3940.4599609375,31262.359375,4752.6201171875,3142.6201171875,1,66.12,Low Risk
1128,5749.1201171875,34627.828125,7509.52978515625,1462.9599609375,1,19.48,Low Risk
1129,7432.10986328125,36017.94140625,8131.419921875,3570.85009765625,1,43.91,Low Risk
1130,6124.31005859375,43601.890625,5923.8701171875,3103.32006835938,1,52.39,Low Risk
1131,1646.11999511719,45589.5703125,1294.28002929688,1406.58996582031,1,108.68,Medium Risk
1132,1800.96997070313,30734.58984375,5537.7998046875,2786.98999023438,1,50.33,Low Risk
1133,1469.56005859375,44814.05078125,9090.0302734375,4941.75,1,54.36,Low Risk
1134,2255.52001953125,38466.4609375,1754.73999023438,4411.68017578125,-1,251.42,High Risk
1135,3350.4599609375,10933.5400390625,6257.8701171875,2084.02001953125,1,33.3,Low Risk
1136,7422.7099609375,2730.28002929688,1307.84997558594,3437.03002929688,1,262.8,Medium Risk
1137,703.169982910156,1484.53002929688,5385.16015625,916.510009765625,1,17.02,Low Risk
1138,8222.41015625,29744.5390625,7227.10009765625,50.7299995422363,1,0.7,Low Risk
1139,2698.3798828125,26558.0703125,4424.60986328125,4197.64990234375,1,94.87,Medium Risk
1140,6172.89013671875,35122.05859375,2025.4599609375,2070.77001953125,1,102.24,Medium Risk
1141,5572.41015625,42298.58984375,9526.6298828125,907.539978027344,1,9.53,Low Risk
1142,1624.81994628906,9057.6796875,9397.8203125,1576.48999023438,1,16.78,Low Risk
1143,2944.23999023438,42965.16015625,8157.0400390625,4613.10009765625,1,56.55,Low Risk
1144,3029.6201171875,5806.02001953125,2869.1201171875,4461.93994140625,1,155.52,Medium Risk
1145,6275.919921875,44278.921875,7955.89990234375,3254.64990234375,1,40.91,Low Risk
1146,7906.14990234375,42673.83984375,4014.2099609375,460.279998779297,1,11.47,Low Risk
1147,9963.259765625,35150.828125,6481.669921875,3589.94995117188,1,55.39,Low Risk
1148,1049.38000488281,15701.4296875,5025.3798828125,4450.66015625,1,88.56,Medium Risk
1149,9392.7998046875,5577.259765625,3253.75,4594.89013671875,1,141.22,Medium Risk
1150,5659.10986328125,39126.26953125,6877.5498046875,1931.92004394531,1,28.09,Low Risk
1151,3632,11676.08984375,7471.6201171875,846.919982910156,-1,11.34,High Risk
1152,2917.2900390625,22605.919921875,5754.91015625,4804.56982421875,1,83.49,Medium Risk
1153,2169.5,27012.08984375,2458.2900390625,4052.18994140625,1,164.84,Medium Risk
1154,5615.0400390625,34586.671875,5450.7900390625,2163.5,1,39.69,Low Risk
1155,9465.5703125,24884.470703125,7921.0498046875,3160.3798828125,1,39.9,Low Risk
1156,1903.33996582031,35032.12890625,8618.5302734375,1987.64001464844,1,23.06,Low Risk
1157,4418.0498046875,40887.87109375,1242.56005859375,2286.22998046875,1,183.99,Medium Risk
1158,2118.10009765625,35939.98046875,2679.46997070313,1638.96997070313,1,61.17,Low Risk
1159,1838.73999023438,15675.6298828125,9370.6298828125,278.130004882813,1,2.97,Low Risk
1160,8680.740234375,44820.01953125,8035.33984375,4985.56982421875,1,62.05,Low Risk
1161,2693.42993164063,27978,7466.56005859375,1197.71997070313,1,16.04,Low Risk
1162,2554.919921875,23803.369140625,2241.51000976563,1450.44995117188,1,64.71,Low Risk
1163,9106.9404296875,29177.30078125,1039.23999023438,1624.72998046875,1,156.34,Medium Risk
1164,3921.80004882813,24677.779296875,6299.10009765625,1221.40002441406,1,19.39,Low Risk
1165,186.300003051758,38000.390625,8794.3701171875,1629.02001953125,1,18.52,Low Risk
1166,7239.740234375,21612.529296875,1641.27001953125,2833.25,1,172.63,Medium Risk
1167,5218.419921875,39059.4296875,1624.41003417969,395.649993896484,1,24.36,Low Risk
1168,7763.89990234375,38247.609375,9986.98046875,357.679992675781,1,3.58,Low Risk
1169,5745.919921875,14566.650390625,3127.44995117188,2310.23999023438,1,73.87,Medium Risk
1170,3577.55004882813,5701.1298828125,6987.5400390625,3483.1201171875,1,49.85,Low Risk
1171,758.989990234375,42696.94140625,6020.3798828125,1086.73999023438,1,18.05,Low Risk
1172,8672.76953125,9277.0703125,4730.75,2600.86010742188,1,54.98,Low Risk
1173,2150.13989257813,2527.93994140625,8226.330078125,2202.35009765625,1,26.77,Low Risk
1174,9716.349609375,20714,3140.76000976563,2261.19995117188,1,72,Medium Risk
1175,2533.77001953125,13453.3203125,3518.73999023438,3507.97998046875,1,99.69,Medium Risk
1176,8287.650390625,11797.7001953125,3397.47998046875,2985.64990234375,1,87.88,Medium Risk
1177,7908.60986328125,9443.3701171875,5924.4599609375,2347.97998046875,1,39.63,Low Risk
1178,4681.2001953125,37710.62890625,6904.4599609375,1351.78002929688,1,19.58,Low Risk
1179,4076.8701171875,39387.7109375,1833.88000488281,2926.31005859375,-1,159.57,High Risk
1180,7062.27001953125,3273.09008789063,2320.15991210938,686.909973144531,-1,29.61,High Risk
1181,5332.669921875,27793.779296875,2063.9599609375,2079.59008789063,1,100.76,Medium Risk
1182,6356.39013671875,7622.1298828125,6862.4599609375,673.700012207031,1,9.82,Low Risk
1183,4755.1298828125,25478.150390625,6628.81982421875,1590.71997070313,1,24,Low Risk
1184,5615.830078125,18048.560546875,8471.2900390625,3183.75,1,37.58,Low Risk
1185,1972.58996582031,10888.990234375,3578.59008789063,3933.8701171875,1,109.93,Medium Risk
1186,648.419982910156,47454.9296875,7593.35009765625,1177.97998046875,1,15.51,Low Risk
1187,3623.63989257813,47880.55859375,3566.55004882813,3209.14990234375,1,89.98,Medium Risk
1188,4712.02978515625,28634.560546875,7765.080078125,1366.81994628906,1,17.6,Low Risk
1189,9069.6904296875,10214.4501953125,6471.830078125,2077.40991210938,1,32.1,Low Risk
1190,4198,29580.029296875,4725.56005859375,4571.72021484375,1,96.74,Medium Risk
1191,4395.7998046875,46496.4609375,6715.75,505.679992675781,1,7.53,Low Risk
1192,6780.830078125,19510.279296875,8607.8701171875,4919.669921875,1,57.15,Low Risk
1193,2147.17993164063,7749.10009765625,2997.32006835938,3212.02001953125,1,107.16,Medium Risk
1194,8729.23046875,34990.8203125,6535.02001953125,3044.75,1,46.59,Low Risk
1195,4333.64990234375,33157.1796875,9939.9697265625,1072.48999023438,1,10.79,Low Risk
1196,9314.7900390625,1068.02001953125,8176.68994140625,972.940002441406,1,11.9,Low Risk
1197,2785.56005859375,42826.671875,3694.05004882813,4614.5400390625,1,124.92,Medium Risk
1198,4709.35986328125,33376.609375,8060.9599609375,801.340026855469,1,9.94,Low Risk
1199,7803.7998046875,10589.23046875,5453.7998046875,858.570007324219,1,15.74,Low Risk
1200,5603.68017578125,1158.69995117188,8027.330078125,3501.52001953125,1,43.62,Low Risk
1201,6646.330078125,48642.7109375,1879.59997558594,3522.10009765625,1,187.39,Medium Risk
1202,2878.88989257813,37979.30859375,8697.9697265625,1991.91003417969,1,22.9,Low Risk
1203,3351.75,18887.509765625,9949.8798828125,4537.7001953125,1,45.61,Low Risk
1204,5125.3701171875,22206.630859375,4975.9599609375,4596.1298828125,1,92.37,Medium Risk
1205,2104.55004882813,27404.169921875,5612.72021484375,4206.8701171875,1,74.95,Medium Risk
1206,1350.43005371094,36212.76953125,2683.82006835938,80.3000030517578,1,2.99,Low Risk
1207,8453.6396484375,9473.6201171875,7152.06005859375,1510.65002441406,1,21.12,Low Risk
1208,7771.06005859375,10590.7197265625,1697.82995605469,1451.72998046875,1,85.51,Medium Risk
1209,9327.3603515625,3365.2099609375,6099.64013671875,328.040008544922,-1,5.38,High Risk
1210,5906.85986328125,49303.921875,4766.0498046875,4465.41015625,1,93.69,Medium Risk
1211,4260.6298828125,43902.98046875,2799.75,4962.990234375,1,177.27,Medium Risk
1212,1119.91003417969,28094.939453125,8424.7197265625,716.780029296875,1,8.51,Low Risk
1213,8519.6298828125,22083.41015625,7760.0400390625,1426.36999511719,1,18.38,Low Risk
1214,4616.97021484375,12634.5595703125,3697.30004882813,133.570007324219,1,3.61,Low Risk
1215,5655.22021484375,30154.16015625,4476.41015625,577.210021972656,1,12.89,Low Risk
1216,3203.8798828125,34835.01171875,3273.2900390625,2497.69995117188,1,76.31,Medium Risk
1217,5286.33984375,34769.9609375,2888.19995117188,1839.56994628906,1,63.69,Low Risk
1218,7839.35009765625,1315.36999511719,2992.419921875,2118.65991210938,1,70.8,Medium Risk
1219,7151.3701171875,35399.91015625,2204.21997070313,3330.81005859375,1,151.11,Medium Risk
1220,9890.330078125,43452.26953125,4050.51000976563,488.429992675781,1,12.06,Low Risk
1221,5006.919921875,6630.919921875,7243.7001953125,4238.81005859375,1,58.52,Low Risk
1222,5344.02978515625,38013.46875,3367.9599609375,4327.990234375,1,128.5,Medium Risk
1223,621.989990234375,41338.69140625,7326.2099609375,814.880004882813,1,11.12,Low Risk
1224,3954.88989257813,14532.2998046875,7888.02001953125,3174.13989257813,1,40.24,Low Risk
1225,9228.830078125,35893.19921875,4043.80004882813,3451.7900390625,1,85.36,Medium Risk
1226,3569.7099609375,5740.990234375,1519.17004394531,868.919982910156,1,57.2,Low Risk
1227,7684.509765625,32811.390625,7460.27978515625,1873.93005371094,1,25.12,Low Risk
1228,9778.23046875,26006.140625,2249.9599609375,3461.330078125,1,153.84,Medium Risk
1229,1355.80004882813,42642.76171875,3465.59008789063,3365.26000976563,1,97.1,Medium Risk
1230,3406.53002929688,23146.41015625,6324.31005859375,4193.39013671875,1,66.31,Low Risk
1231,4796.2998046875,21976.69921875,9275.759765625,662.599975585938,-1,7.14,High Risk
1232,2450.01000976563,46755.4609375,7796.72021484375,1614.28002929688,1,20.7,Low Risk
1233,223.119995117188,46779.0703125,3423.02001953125,3764.23999023438,1,109.97,Medium Risk
1234,4739.18017578125,2749.8701171875,8315.009765625,1243.7099609375,1,14.96,Low Risk
1235,5412.5,24792.689453125,4688.18017578125,2685.44995117188,1,57.28,Low Risk
1236,6291.7998046875,8886.919921875,2297.40991210938,686.390014648438,1,29.88,Low Risk
1237,8289.4296875,14411.599609375,3784.80004882813,785.179992675781,1,20.75,Low Risk
1238,2605.1201171875,33640.87890625,8396.2802734375,1279.85998535156,1,15.24,Low Risk
1239,704.260009765625,7335.10986328125,4338.490234375,1469.84997558594,1,33.88,Low Risk
1240,989.369995117188,1552.25,4419.56982421875,208.910003662109,1,4.73,Low Risk
1241,5024.35009765625,36629.05859375,9787.7099609375,4279.259765625,1,43.72,Low Risk
1242,9230.1396484375,32425.869140625,5646.31982421875,219.639999389648,1,3.89,Low Risk
1243,9823.8896484375,45230.55078125,5471.240234375,3813.93994140625,1,69.71,Low Risk
1244,2130.01000976563,27573.19921875,7569.10986328125,1434.92004394531,1,18.96,Low Risk
1245,1604.47998046875,47321.19921875,9655.26953125,1992.08996582031,1,20.63,Low Risk
1246,3599.3701171875,30856.349609375,9903.7900390625,2889.830078125,1,29.18,Low Risk
1247,4692.509765625,19970.369140625,8022.16015625,1123.64001464844,1,14.01,Low Risk
1248,8099.85009765625,30814.720703125,8843.3798828125,383.630004882813,1,4.34,Low Risk
1249,7768.60986328125,37709.828125,9165.830078125,4785.56005859375,1,52.21,Low Risk
1250,9234.3896484375,18029.51953125,7704.93994140625,4141.33984375,1,53.75,Low Risk
1251,8595.2001953125,19253.720703125,6079.9501953125,3796.8798828125,1,62.45,Low Risk
1252,4444.0498046875,31866.9296875,3250.84008789063,2672.5,1,82.21,Medium Risk
1253,288.329986572266,23324.009765625,7558.56982421875,3188.2099609375,1,42.18,Low Risk
1254,2442.23999023438,26821.689453125,5516.43994140625,4321.81005859375,1,78.34,Medium Risk
1255,6139.5400390625,49122,9254.58984375,1944.36999511719,1,21.01,Low Risk
1256,5064.7900390625,3144.96997070313,1012.33001708984,522.929992675781,1,51.66,Low Risk
1257,2477.59008789063,32747.119140625,9282.009765625,4204.81005859375,1,45.3,Low Risk
1258,1402.82995605469,46221.390625,9549.6103515625,313.709991455078,1,3.29,Low Risk
1259,2238.52001953125,12574.3603515625,2975.21997070313,4592.8701171875,1,154.37,Medium Risk
1260,2671.46997070313,11389.349609375,8911.3095703125,3609.64990234375,1,40.51,Low Risk
1261,8686.1796875,18786.900390625,6311.39013671875,2227.15991210938,1,35.29,Low Risk
1262,7131.58984375,4629.85009765625,3640.43994140625,3076.80004882813,1,84.52,Medium Risk
1263,5568.08984375,28453.94921875,7079.419921875,2675.17993164063,1,37.79,Low Risk
1264,307.320007324219,32627.490234375,8177.58984375,2007.82995605469,1,24.55,Low Risk
1265,8229.83984375,41174.44921875,4793.60009765625,642.75,1,13.41,Low Risk
1266,5569.39013671875,4242.6298828125,6590.7998046875,4041.68994140625,1,61.32,Low Risk
1267,6310.669921875,22373.060546875,2813.580078125,2938.73999023438,-1,104.45,High Risk
1268,749.900024414063,39426.12890625,1293.41003417969,3512.67993164063,1,271.58,Medium Risk
1269,8167.02001953125,38646.7890625,9419.5,1042.11999511719,1,11.06,Low Risk
1270,8337.080078125,4608.39013671875,2388.169921875,1006.51000976563,1,42.15,Low Risk
1271,8845.08984375,1558.38000488281,5623.93017578125,4194.9501953125,1,74.59,Medium Risk
1272,5328.08984375,39383.05859375,1766.76000976563,2736.76000976563,1,154.9,Medium Risk
1273,4001.0400390625,7760.89990234375,8702.1298828125,2264.2900390625,1,26.02,Low Risk
1274,823.159973144531,29311.689453125,7943.33984375,466.320007324219,1,5.87,Low Risk
1275,2019.4599609375,5618.06005859375,2740.68994140625,2130.94995117188,1,77.75,Medium Risk
1276,2333.1298828125,15480.0498046875,8324,3517.88989257813,1,42.26,Low Risk
1277,720.630004882813,8743.830078125,4071.6201171875,518.169982910156,-1,12.73,High Risk
1278,1628.31005859375,37083.3203125,8552.6201171875,145.889999389648,-1,1.71,High Risk
1279,8879.349609375,33963.5,3256.18994140625,2765.84008789063,1,84.94,Medium Risk
1280,5499.490234375,7629.97021484375,5244.25,1580.76000976563,1,30.14,Low Risk
1281,7668.4599609375,3907.18994140625,3353.7099609375,4529.93017578125,1,135.07,Medium Risk
1282,2822.73999023438,23850.4296875,7029.25,2962.81005859375,1,42.15,Low Risk
1283,1432.52001953125,10581.849609375,1489.68994140625,1502.25,1,100.84,Medium Risk
1284,3795.2099609375,1398.9599609375,6211.43017578125,1569.5400390625,1,25.27,Low Risk
1285,7950.5498046875,13949.3603515625,7636.919921875,645.380004882813,1,8.45,Low Risk
1286,3043.580078125,11546.9404296875,2758.55004882813,2188.17993164063,1,79.32,Medium Risk
1287,2124.89990234375,34563,3132.61010742188,342.149993896484,1,10.92,Low Risk
1288,321.730010986328,43182.2890625,7531.02001953125,2203.26000976563,1,29.26,Low Risk
1289,6277.7099609375,12644.3095703125,4741.22021484375,602.549987792969,1,12.71,Low Risk
1290,4414.64013671875,11929.33984375,6606.06005859375,3385.8701171875,1,51.25,Low Risk
1291,2661.68994140625,20000.55078125,4840.009765625,3255.42993164063,1,67.26,Low Risk
1292,5245.56982421875,9455.3203125,4769.169921875,4191.7001953125,1,87.89,Medium Risk
1293,7036.18017578125,47393.94140625,3704.89990234375,4612.0400390625,1,124.48,Medium Risk
1294,2549.919921875,12932.7998046875,6265.47998046875,3269.5,1,52.18,Low Risk
1295,6126.830078125,5573.1298828125,6393.97021484375,771.429992675781,1,12.06,Low Risk
1296,2675.51000976563,28287.55078125,7769.64990234375,2541.3701171875,1,32.71,Low Risk
1297,9867.9404296875,27343.359375,5514.9501953125,4705.919921875,1,85.33,Medium Risk
1298,7350.66015625,31963.7890625,6057.25,996.380004882813,1,16.45,Low Risk
1299,6066.31982421875,48368.4296875,8628.0400390625,1946.68005371094,1,22.56,Low Risk
1300,1806.06994628906,16850.869140625,1363.31005859375,3740.27001953125,1,274.35,Medium Risk
1301,5905.2998046875,18619,5675.39990234375,3816.40991210938,1,67.24,Low Risk
1302,8024.52001953125,17514.98046875,2136.27001953125,4746.990234375,1,222.21,Medium Risk
1303,7397.35986328125,31802.849609375,7169.509765625,1235.83996582031,1,17.24,Low Risk
1304,7802.4501953125,30599.380859375,9049.080078125,4291.5,1,47.42,Low Risk
1305,3246.21997070313,26911.55078125,4821.89990234375,262.540008544922,1,5.44,Low Risk
1306,3349.81005859375,18851.970703125,6722.2900390625,728.989990234375,1,10.84,Low Risk
1307,5434.9501953125,21954.830078125,4324.9599609375,4715.18994140625,1,109.02,Medium Risk
1308,2858.7099609375,39832.8515625,7803.0400390625,4403.77001953125,1,56.44,Low Risk
1309,1218.82995605469,30853.08984375,6303.97021484375,304.679992675781,1,4.83,Low Risk
1310,4665.10986328125,36099.078125,6463.81005859375,338.140014648438,1,5.23,Low Risk
1311,119.050003051758,14559.759765625,2560.56005859375,1759.59997558594,1,68.72,Low Risk
1312,7631.509765625,45663.109375,1061.53002929688,1999.90002441406,1,188.4,Medium Risk
1313,7521.89990234375,2722.96997070313,6632,2339.14990234375,1,35.27,Low Risk
1314,5563.97021484375,30189.150390625,2010.27001953125,2742.46997070313,1,136.42,Medium Risk
1315,7501.43017578125,40805.1484375,2201.3701171875,653.150024414063,1,29.67,Low Risk
1316,6282.830078125,43447.98828125,2473.07006835938,4932.06982421875,1,199.43,Medium Risk
1317,7004.81005859375,16658.029296875,4599.52001953125,4789.2001953125,1,104.12,Medium Risk
1318,740.090026855469,23527.7890625,3202.51000976563,2044.22998046875,1,63.83,Low Risk
1319,8824.5302734375,2709.57006835938,9581.8095703125,2438.64990234375,1,25.45,Low Risk
1320,6474.919921875,39698.51171875,7091.64013671875,1815.73999023438,1,25.6,Low Risk
1321,6145.25,7104.02978515625,2747.8701171875,3253.39990234375,1,118.4,Medium Risk
1322,3933.68994140625,21975.990234375,8234.9404296875,3496.53002929688,1,42.46,Low Risk
1323,378.540008544922,49549.640625,3522.64990234375,2676.93994140625,1,75.99,Medium Risk
1324,9024.4697265625,45969.12109375,8198.3203125,4621.509765625,1,56.37,Low Risk
1325,9858.08984375,17171.150390625,5221.31982421875,1733.43994140625,1,33.2,Low Risk
1326,8097.08984375,11970.150390625,5319.75,1300.2900390625,1,24.44,Low Risk
1327,9158.8896484375,13332.9296875,4441.9599609375,3278.3701171875,1,73.8,Medium Risk
1328,1297.47998046875,34554.5,3221.81005859375,812.900024414063,1,25.23,Low Risk
1329,1373.88000488281,36564.0703125,7183.240234375,2886.169921875,1,40.18,Low Risk
1330,8808.099609375,11608.16015625,5530.39013671875,1616.43005371094,1,29.23,Low Risk
1331,669.309997558594,12759.509765625,1079.85998535156,686.570007324219,1,63.58,Low Risk
1332,1022.71002197266,16846.0703125,3894.169921875,1582.31994628906,1,40.63,Low Risk
1333,8186.7900390625,22225.720703125,7896.259765625,1012.71002197266,1,12.83,Low Risk
1334,5614.0498046875,45956.0703125,3659.06005859375,3147.4599609375,1,86.02,Medium Risk
1335,3978.10009765625,2298.8798828125,7166.85009765625,258.570007324219,1,3.61,Low Risk
1336,5579.14013671875,32271.669921875,2826.53002929688,4091.67993164063,1,144.76,Medium Risk
1337,8799.599609375,43223.1796875,7810.259765625,2921.2099609375,1,37.4,Low Risk
1338,7595.60986328125,36444.8203125,4849.47021484375,4285.35986328125,1,88.37,Medium Risk
1339,6946.91015625,11620.3603515625,1071.7099609375,801.359985351563,1,74.77,Medium Risk
1340,9771.169921875,24360.58984375,6846.75,2361.13989257813,1,34.49,Low Risk
1341,5260.93994140625,45603.75,6186.4599609375,3339.7099609375,1,53.98,Low Risk
1342,162.610000610352,6670.16015625,6130.18994140625,729.140014648438,1,11.89,Low Risk
1343,4347.43017578125,49388.05078125,9567.0302734375,69.7300033569336,-1,0.73,High Risk
1344,1056.06005859375,8037.56005859375,4365.02978515625,4715.06982421875,1,108.02,Medium Risk
1345,1252.89001464844,7978.4599609375,9104.7001953125,3903.75,1,42.88,Low Risk
1346,2623.52001953125,40830.109375,1020.5,3911.0400390625,1,383.25,Medium Risk
1347,3875.5400390625,41588.98046875,9664.2802734375,4602.60986328125,-1,47.62,High Risk
1348,4867.83984375,2858.01000976563,5966.33984375,2890.61010742188,1,48.45,Low Risk
1349,1781.21997070313,9246.9599609375,5586.580078125,3207.7900390625,1,57.42,Low Risk
1350,3186.03002929688,47477.859375,9022.150390625,1044.91003417969,1,11.58,Low Risk
1351,2837.73999023438,14687.919921875,6725.5,2351.90991210938,1,34.97,Low Risk
1352,3715.94995117188,1599.73999023438,5693.91015625,787.960021972656,1,13.84,Low Risk
1353,1169.10998535156,13448.0595703125,4458.919921875,494.25,1,11.08,Low Risk
1354,4033.67993164063,37036.19921875,6932.66015625,1276.63000488281,1,18.41,Low Risk
1355,5588.06982421875,45906.21875,1478.19995117188,2297.57006835938,1,155.43,Medium Risk
1356,1059.7900390625,8602.669921875,3230.40991210938,3191.21997070313,1,98.79,Medium Risk
1357,5255.6298828125,11996.2802734375,1907.59997558594,2521.63989257813,1,132.19,Medium Risk
1358,7583.5400390625,22635.029296875,5550.169921875,4472.27001953125,1,80.58,Medium Risk
1359,181.570007324219,37666.8203125,1867.83996582031,1634.19995117188,1,87.49,Medium Risk
1360,570.530029296875,33276.1484375,8302.150390625,4234.06005859375,1,51,Low Risk
1361,4718.10009765625,17049.150390625,3621.8701171875,2178.60009765625,1,60.15,Low Risk
1362,8740.5,4251.240234375,6602.02978515625,690.140014648438,1,10.45,Low Risk
1363,9978.1103515625,13395.0703125,4004.07006835938,4329.2001953125,1,108.12,Medium Risk
1364,1024.59997558594,11758.6103515625,7294.77978515625,2446.5400390625,1,33.54,Low Risk
1365,281.589996337891,2031.63000488281,4183.2001953125,700.150024414063,1,16.74,Low Risk
1366,2364.82006835938,48776.9609375,4413.8701171875,940.789978027344,1,21.31,Low Risk
1367,4727.9599609375,13513.2099609375,5320.64013671875,360.899993896484,-1,6.78,High Risk
1368,5760.77978515625,41990.21875,3912.18994140625,3221.11010742188,1,82.34,Medium Risk
1369,9737.5,24758.220703125,2534.669921875,1815.75,1,71.64,Medium Risk
1370,8895.7900390625,48642.25,4932.52978515625,4832.08984375,1,97.96,Medium Risk
1371,5664.77978515625,8328.099609375,6972.08984375,2692.169921875,1,38.61,Low Risk
1372,3680.96997070313,6422.97998046875,3935.36010742188,1227.23999023438,1,31.18,Low Risk
1373,3280.84008789063,1120.68005371094,8286.6796875,2944.5,1,35.53,Low Risk
1374,5768.97998046875,36203.91015625,8386.740234375,4883.5400390625,1,58.23,Low Risk
1375,7241.39013671875,16012.4404296875,2877.7099609375,115.660003662109,1,4.02,Low Risk
1376,4868.490234375,43647.390625,3429.35009765625,849.190002441406,-1,24.76,High Risk
1377,3113.55004882813,32056.439453125,1020.84997558594,4640.77978515625,1,454.6,Medium Risk
1378,6170.33984375,29294.16015625,4174.43017578125,122.790000915527,1,2.94,Low Risk
1379,5623.6298828125,24857.689453125,9215.1796875,4816.740234375,1,52.27,Low Risk
1380,4330.9501953125,13650.509765625,8041.02001953125,3139.1201171875,1,39.04,Low Risk
1381,7508.72021484375,4169.740234375,9644.16015625,1158.36999511719,1,12.01,Low Risk
1382,2893.98999023438,22734.830078125,2928.09008789063,448.420013427734,1,15.31,Low Risk
1383,4900.759765625,5856.85986328125,6150.72021484375,520.669982910156,1,8.47,Low Risk
1384,9409.3603515625,45380.828125,4282.47021484375,4188.759765625,1,97.81,Medium Risk
1385,7256,41637.12890625,6542.91015625,4107.14990234375,1,62.77,Low Risk
1386,3940.919921875,31368.30078125,7696.77001953125,4169.31982421875,1,54.17,Low Risk
1387,5507.16015625,23169.5390625,1854.47998046875,4803.22021484375,1,259.01,Medium Risk
1388,4114.27001953125,23255.5703125,1790.34997558594,1952.9599609375,1,109.08,Medium Risk
1389,1214.22998046875,23761.240234375,1979.22998046875,4579.2001953125,1,231.36,Medium Risk
1390,3415.8798828125,37527.69140625,3527.27001953125,807.52001953125,1,22.89,Low Risk
1391,8618.3896484375,7184.0498046875,7702.68017578125,4696,1,60.97,Low Risk
1392,4665.89990234375,27033.490234375,6747.2900390625,1218.26000976563,1,18.06,Low Risk
1393,5887.91015625,40820.671875,3702.78002929688,2040.03002929688,1,55.09,Low Risk
1394,1896.31994628906,25996.169921875,8704.4599609375,2576.78002929688,1,29.6,Low Risk
1395,3626.68994140625,1673.31994628906,7557.60986328125,4015.90991210938,1,53.14,Low Risk
1396,9299.1298828125,12989.83984375,9755.51953125,1946.42004394531,1,19.95,Low Risk
1397,3211.03002929688,33760.6484375,7170.72021484375,1707.80004882813,-1,23.82,High Risk
1398,2580.55004882813,46775.78125,7454.7900390625,4913.89013671875,1,65.92,Low Risk
1399,653.409973144531,44793.66015625,8410.3701171875,372.910003662109,1,4.43,Low Risk
1400,1062.58996582031,41312.5390625,9329.1396484375,127.949996948242,1,1.37,Low Risk
1401,5889.41015625,47558.0390625,3496.14990234375,283.459991455078,1,8.11,Low Risk
1402,6634.31982421875,14715.9697265625,6813.39990234375,4570.9599609375,1,67.09,Low Risk
1403,6451.64990234375,1607.48999023438,4710.759765625,1163.92004394531,1,24.71,Low Risk
1404,5444.31005859375,18364.359375,3065.17993164063,218.479995727539,1,7.13,Low Risk
1405,4960.6201171875,29273.5390625,2729.10009765625,3643.82006835938,1,133.52,Medium Risk
1406,814.200012207031,16506.830078125,1882.31994628906,3202.15991210938,1,170.12,Medium Risk
1407,8422.8798828125,3165.97998046875,8635.83984375,3958.72998046875,1,45.84,Low Risk
1408,5179.5,25852.16015625,1102.86999511719,2618.60009765625,1,237.44,Medium Risk
1409,1405.9599609375,10785.1201171875,9952.3896484375,885.739990234375,1,8.9,Low Risk
1410,1444.91003417969,36650.98828125,9682.1396484375,1453.02001953125,1,15.01,Low Risk
1411,5178.27001953125,5370.8798828125,5776.919921875,305.980010986328,1,5.3,Low Risk
1412,2521.31005859375,47948.16015625,7685.0400390625,3519.25,1,45.79,Low Risk
1413,9227.4501953125,43957.33984375,5124.81005859375,3238.35009765625,1,63.19,Low Risk
1414,5039.58984375,43818.8515625,2975.93994140625,3403.09008789063,1,114.35,Medium Risk
1415,9786.33984375,39704.640625,7651.56005859375,4888.2099609375,1,63.89,Low Risk
1416,7368.169921875,32045.880859375,5035.5498046875,301.029998779297,1,5.98,Low Risk
1417,8125.919921875,3618.02001953125,8795.240234375,325.390014648438,-1,3.7,High Risk
1418,3949.89990234375,33458.87109375,8744.2001953125,3691.93994140625,1,42.22,Low Risk
1419,1426.81005859375,37599.44140625,9624.7001953125,4863.81005859375,-1,50.53,High Risk
1420,6927.990234375,7410.18017578125,7286.0498046875,2713.580078125,1,37.24,Low Risk
1421,4130,31172.05078125,5431.509765625,4063.46997070313,1,74.81,Medium Risk
1422,9493.9296875,24464.509765625,6048.22021484375,3046.93994140625,1,50.38,Low Risk
1423,2016.9599609375,24149.640625,4229.3701171875,4661.97998046875,1,110.23,Medium Risk
1424,6302.3798828125,10773.650390625,6934.77978515625,998.099975585938,-1,14.39,High Risk
1425,8674.009765625,37232.46875,1830.0400390625,1810.53002929688,1,98.93,Medium Risk
1426,4088.01000976563,46331.109375,9924.8095703125,3063.76000976563,1,30.87,Low Risk
1427,9541.3095703125,39602.359375,1568.46997070313,993.099975585938,1,63.32,Low Risk
1428,858.5,19082.580078125,6423.64013671875,4170.72998046875,1,64.93,Low Risk
1429,5910.56005859375,49224.69140625,3615.81005859375,3989.6201171875,1,110.34,Medium Risk
1430,7796.1298828125,18844.33984375,8399.5595703125,3594.72998046875,1,42.8,Low Risk
1431,2097.88989257813,12486.76953125,6669.18994140625,3100.53002929688,1,46.49,Low Risk
1432,672.789978027344,48436.1484375,6466.419921875,1096.01000976563,1,16.95,Low Risk
1433,890.989990234375,39701.01171875,7737,4350,1,56.22,Low Risk
1434,3260.3701171875,38300.9609375,2062.77001953125,2887.85009765625,1,140,Medium Risk
1435,2309.39990234375,4794.169921875,3805.52001953125,1059.52001953125,1,27.84,Low Risk
1436,2316.51000976563,10409.16015625,5552.990234375,3684.61010742188,1,66.35,Low Risk
1437,4639.35986328125,1907.38000488281,3879.71997070313,158.369995117188,1,4.08,Low Risk
1438,940.840026855469,39055.80859375,1991.41003417969,1090.13000488281,1,54.74,Low Risk
1439,9955.4599609375,14633.91015625,3786.080078125,1134.2099609375,1,29.96,Low Risk
1440,6988.5,7478.97021484375,5125.60986328125,1458.31994628906,1,28.45,Low Risk
1441,399.899993896484,9912.669921875,2330.1298828125,171.869995117188,1,7.38,Low Risk
1442,6949.85009765625,32415.470703125,6956.47998046875,4212.8798828125,1,60.56,Low Risk
1443,7939.10009765625,22219.48046875,1653.71997070313,486.760009765625,1,29.43,Low Risk
1444,1988.55004882813,47128.421875,9024.4501953125,4145.990234375,1,45.94,Low Risk
1445,8418.740234375,18928.689453125,4265.91015625,901.340026855469,-1,21.13,High Risk
1446,6156.47021484375,41859.83984375,4230.25,4204.89013671875,1,99.4,Medium Risk
1447,8226.4697265625,27776.7890625,2888.48999023438,145.460006713867,1,5.04,Low Risk
1448,7195.27001953125,35562.03125,5337.31982421875,3922.39990234375,1,73.49,Medium Risk
1449,7075.81982421875,9264.3798828125,8489.5595703125,2664,1,31.38,Low Risk
1450,1666.58996582031,37700.23828125,6280.7099609375,1081.47998046875,1,17.22,Low Risk
1451,3226.38989257813,5197.10986328125,8291.4404296875,2032.44995117188,1,24.51,Low Risk
1452,5280.1298828125,34864.94921875,9719.0703125,485.440002441406,1,4.99,Low Risk
1453,1214.2099609375,23810.359375,6627.47998046875,686.25,1,10.35,Low Risk
1454,4837.080078125,12197.7802734375,2517.90991210938,1835.43005371094,1,72.89,Medium Risk
1455,4508.669921875,24538.970703125,3724.80004882813,2062.1298828125,1,55.36,Low Risk
1456,2396.0400390625,42928.23046875,6952.56005859375,3880.05004882813,1,55.81,Low Risk
1457,2077.2099609375,8581.240234375,8038.1201171875,3781.47998046875,1,47.04,Low Risk
1458,2549,9311.6904296875,6891.06982421875,1200.56994628906,1,17.42,Low Risk
1459,6090.56005859375,27165.869140625,6210.580078125,919.400024414063,1,14.8,Low Risk
1460,4208.02978515625,31637.470703125,9342.599609375,841.549987792969,1,9.01,Low Risk
1461,4198.2001953125,21589.7890625,5468.89990234375,2953.6298828125,1,54.01,Low Risk
1462,1899.16003417969,14053.240234375,6999.91015625,2902.669921875,1,41.47,Low Risk
1463,7894.919921875,4292.41015625,3811.06005859375,524.650024414063,1,13.77,Low Risk
1464,7033.759765625,3439.86010742188,4499.60986328125,1702.01000976563,1,37.83,Low Risk
1465,4347.83984375,3000.18994140625,3109.89990234375,4371.919921875,1,140.58,Medium Risk
1466,1507.80004882813,45162.87109375,8202.26953125,4711.39990234375,1,57.44,Low Risk
1467,7175.5400390625,7436.5,2792.2900390625,4859.6201171875,1,174.04,Medium Risk
1468,8998.5595703125,15461.0498046875,3091.23999023438,3468.11010742188,1,112.19,Medium Risk
1469,1864.7900390625,49308.71875,1964.64001464844,188.600006103516,1,9.6,Low Risk
1470,6066.33984375,46446.26171875,7611.330078125,2425.8701171875,1,31.87,Low Risk
1471,4300.66015625,3100.22998046875,1683.34997558594,1215.9599609375,1,72.23,Medium Risk
1472,967.739990234375,28011.919921875,1536.65002441406,4439.83984375,1,288.93,Medium Risk
1473,7285.68994140625,32041.4296875,6627.35986328125,211.699996948242,1,3.19,Low Risk
1474,804.359985351563,3651.59008789063,4379.56982421875,564.75,1,12.9,Low Risk
1475,7052.08984375,36678.1796875,9343.6796875,1431.15002441406,1,15.32,Low Risk
1476,2883.40991210938,49405.62890625,8894.1796875,3504.2900390625,1,39.4,Low Risk
1477,5700.02978515625,22039.599609375,5470.8798828125,4680.990234375,1,85.56,Medium Risk
1478,1688.48999023438,23021.4609375,1738.53002929688,1940.86999511719,1,111.64,Medium Risk
1479,3771.8798828125,33308,5953.18017578125,1708.21997070313,1,28.69,Low Risk
1480,1130.48999023438,37090.55859375,9949.1103515625,3913.52001953125,1,39.34,Low Risk
1481,4726.31005859375,39698.83984375,6943.35986328125,4491.0400390625,1,64.68,Low Risk
1482,2211.580078125,4801.41015625,8147.27001953125,437.970001220703,1,5.38,Low Risk
1483,1960.51000976563,40233.76171875,4632.06005859375,4930.56982421875,1,106.44,Medium Risk
1484,1160.81005859375,43339.62109375,1669.93994140625,2548.7099609375,1,152.62,Medium Risk
1485,7677.7998046875,3216.1298828125,9458.2998046875,4971.22998046875,1,52.56,Low Risk
1486,6431.25,2917.61010742188,3966.93994140625,63.5999984741211,1,1.6,Low Risk
1487,1653.34997558594,27993.630859375,2361.39990234375,4454.89990234375,1,188.66,Medium Risk
1488,4777.0498046875,25343.51953125,2398.2099609375,493.529998779297,1,20.58,Low Risk
1489,6642.759765625,49024.73828125,2225.03002929688,3888.98999023438,1,174.78,Medium Risk
1490,8792.8798828125,15425.669921875,4866.259765625,1.45000004768372,-1,0.03,High Risk
1491,689.760009765625,29919.80078125,8740.3603515625,681.72998046875,1,7.8,Low Risk
1492,3687.31005859375,25826.990234375,2325.21997070313,804.77001953125,1,34.61,Low Risk
1493,6197.93994140625,27250.9296875,7798.35009765625,3035.8798828125,1,38.93,Low Risk
1494,254.610000610352,33323.75,1652.22998046875,3469.72998046875,1,210,Medium Risk
1495,2510.90991210938,27342.150390625,2084.48999023438,450.170013427734,1,21.6,Low Risk
1496,7474.52001953125,1340.28002929688,2046.10998535156,2029.4599609375,1,99.19,Medium Risk
1497,3621.7900390625,42341.80078125,5647.72998046875,3508.8701171875,1,62.13,Low Risk
1498,936.5,10856.5703125,8916.8095703125,4547.72998046875,1,51,Low Risk
1499,6303.2900390625,12326.580078125,7697.33984375,947.72998046875,1,12.31,Low Risk
1500,2575.52001953125,32750.669921875,8775.580078125,2123.73999023438,1,24.2,Low Risk
1501,7046.3798828125,24409.830078125,8777.1103515625,1140.11999511719,-1,12.99,High Risk
1502,9011.73046875,29149.51953125,2028.39001464844,184.479995727539,1,9.09,Low Risk
1503,5325.7998046875,25377.44921875,5960.02978515625,2279.92993164063,1,38.25,Low Risk
1504,6031.52001953125,21475.26953125,8100.27978515625,2098.59008789063,1,25.91,Low Risk
1505,5192.6201171875,24681.8203125,9546.4697265625,4107.97021484375,1,43.03,Low Risk
1506,8192.6796875,7913.18994140625,7157.240234375,4452.52978515625,1,62.21,Low Risk
1507,2492.96997070313,48495.98046875,8708.759765625,1766.92004394531,1,20.29,Low Risk
1508,4075.28002929688,29162.83984375,4346.06005859375,3541.43994140625,1,81.49,Medium Risk
1509,8960.8095703125,15054.0302734375,7353.1201171875,2889.51000976563,1,39.3,Low Risk
1510,7264.10009765625,35929.171875,4333.6298828125,3850.26000976563,1,88.85,Medium Risk
1511,3268.85009765625,44125.19921875,2753.17993164063,731.590026855469,1,26.57,Low Risk
1512,8343.0595703125,15526.919921875,1587.26000976563,4064.94995117188,1,256.1,Medium Risk
1513,2464.36010742188,16901.0703125,8960.740234375,3013.580078125,1,33.63,Low Risk
1514,6378.3798828125,22488.890625,1580.58996582031,3837.31005859375,1,242.78,Medium Risk
1515,9568.919921875,11647.2001953125,9997.3095703125,2099.98999023438,1,21.01,Low Risk
1516,5789.64013671875,40679.62890625,5596.330078125,41.2000007629395,1,0.74,Low Risk
1517,8014.72021484375,29624.66015625,5534.43017578125,4589.830078125,1,82.93,Medium Risk
1518,7380.759765625,3795.17993164063,1661.36999511719,3642.3701171875,1,219.24,Medium Risk
1519,8670.6396484375,49838.5,1671.44995117188,3453.78002929688,1,206.63,Medium Risk
1520,9690.76953125,29173.599609375,7463.18017578125,2366.36010742188,-1,31.71,High Risk
1521,320.929992675781,44606.87890625,4985.669921875,219.300003051758,1,4.4,Low Risk
1522,375.910003662109,25579.2890625,2598.40991210938,689.080017089844,1,26.52,Low Risk
1523,5984.77978515625,29540.029296875,2822.669921875,2192.7900390625,1,77.68,Medium Risk
1524,9547.0302734375,23269.2890625,3085.52001953125,3966.8701171875,1,128.56,Medium Risk
1525,4908.259765625,21715.279296875,8293.509765625,4449.009765625,1,53.64,Low Risk
1526,8413.8203125,11696.919921875,6504.64990234375,2289.07006835938,1,35.19,Low Risk
1527,7702.2900390625,48144.08984375,1650.32995605469,4974.91015625,1,301.45,Medium Risk
1528,5032.7001953125,9906.7900390625,7215.740234375,4898.97998046875,1,67.89,Low Risk
1529,5180.41015625,26793.810546875,5678.27978515625,1818.32995605469,1,32.02,Low Risk
1530,4416.72998046875,5267.75,6217.9501953125,324.089996337891,1,5.21,Low Risk
1531,2596.77001953125,49675.46875,3719.77001953125,2464.42993164063,1,66.25,Low Risk
1532,8601.25,28228.140625,1160.69995117188,4897.419921875,1,421.94,Medium Risk
1533,2174.73999023438,40914.578125,5578.60009765625,1829.15002441406,1,32.79,Low Risk
1534,9078.509765625,28583.509765625,6356.16015625,1757.22998046875,1,27.65,Low Risk
1535,3661.30004882813,40444.28125,6807.2998046875,1520.03002929688,1,22.33,Low Risk
1536,362.320007324219,27186.08984375,4979.31982421875,4750.240234375,1,95.4,Medium Risk
1537,1766.93994140625,22803.740234375,6046.43017578125,941.450012207031,1,15.57,Low Risk
1538,8889.4697265625,23339.380859375,5895.77001953125,2176.42993164063,1,36.92,Low Risk
1539,1371.59997558594,1114.82995605469,4326.35009765625,1022.29998779297,1,23.63,Low Risk
1540,7413.85986328125,19162.08984375,8271.2197265625,558.690002441406,-1,6.75,High Risk
1541,1909.85998535156,47645.26171875,4898.7998046875,2182.4599609375,1,44.55,Low Risk
1542,5039.43994140625,34103.26953125,3135.6201171875,4029.6298828125,1,128.51,Medium Risk
1543,2131.55004882813,46046.62890625,1080.51000976563,38.75,1,3.59,Low Risk
1544,3398.34008789063,10812.8701171875,3585.080078125,2425.21997070313,1,67.65,Low Risk
1545,1335.73999023438,25066.849609375,1931.02001953125,2529.61010742188,1,131,Medium Risk
1546,5604.419921875,2689.61010742188,5510.5400390625,379.970001220703,1,6.9,Low Risk
1547,3721.669921875,34175.55859375,4433.080078125,4891.669921875,1,110.34,Medium Risk
1548,3718.2900390625,39416.80078125,3259.38989257813,989.130004882813,1,30.35,Low Risk
1549,481.880004882813,37642.26953125,2163.2900390625,4533.10986328125,1,209.55,Medium Risk
1550,1447.67004394531,5251.72998046875,8250.990234375,1146.52001953125,1,13.9,Low Risk
1551,7104.5498046875,13128.8603515625,9863.349609375,2623.1298828125,1,26.59,Low Risk
1552,2993.96997070313,33135.5390625,8753.419921875,4001.1201171875,1,45.71,Low Risk
1553,4476.47998046875,38190.55859375,8081.02978515625,4748.9501953125,1,58.77,Low Risk
1554,7654.3701171875,14436.3203125,5780.81005859375,2007.43005371094,1,34.73,Low Risk
1555,4503.10009765625,20905.810546875,8520,350.489990234375,1,4.11,Low Risk
1556,2333.53002929688,18212.0390625,5807.16015625,114.940002441406,-1,1.98,High Risk
1557,5543.259765625,1223.68005371094,3898.19995117188,4369.02001953125,1,112.08,Medium Risk
1558,8031.93994140625,29249.140625,3035.52001953125,2393.56005859375,1,78.85,Medium Risk
1559,6036.4501953125,33786.53125,2943.18994140625,749.739990234375,1,25.47,Low Risk
1560,4259.7900390625,14545.349609375,5105.31982421875,2320.69995117188,1,45.46,Low Risk
1561,1343.68005371094,34701.44140625,6745.22998046875,1112.19995117188,1,16.49,Low Risk
1562,2562.26000976563,12894.6904296875,2368.34008789063,3497.30004882813,1,147.67,Medium Risk
1563,9466.580078125,36060.98828125,1109.46997070313,2037,1,183.6,Medium Risk
1564,7740.89990234375,23402.1796875,1205.10998535156,3640.68994140625,1,302.1,Medium Risk
1565,966.960021972656,43724.80859375,3774.35009765625,3825.02001953125,1,101.34,Medium Risk
1566,154.589996337891,27691.990234375,7486.31982421875,1871.07995605469,1,24.99,Low Risk
1567,1836.65002441406,10047.990234375,1034.16003417969,3316.01000976563,1,320.65,Medium Risk
1568,9444.51953125,41278.55078125,5206.02001953125,3868.75,1,74.31,Medium Risk
1569,5842.39013671875,39106.25,3676.52001953125,255.210006713867,1,6.94,Low Risk
1570,8402.73046875,5127.18017578125,9225.5,965.609985351563,1,10.47,Low Risk
1571,4705.72998046875,3353.98999023438,9628.580078125,4911.4599609375,1,51.01,Low Risk
1572,8283.7001953125,7678.259765625,4588.60009765625,36.0299987792969,1,0.79,Low Risk
1573,435.769989013672,42420.44140625,9795.5302734375,1564.66003417969,1,15.97,Low Risk
1574,4325.509765625,16698.75,9739.490234375,3910.93994140625,1,40.16,Low Risk
1575,3838.18994140625,25732.8203125,6184.77001953125,1581.5400390625,1,25.57,Low Risk
1576,9817.3095703125,30545.349609375,4468.91015625,4097.1201171875,1,91.68,Medium Risk
1577,3074.7099609375,37430.58984375,1950.30004882813,661.549987792969,1,33.92,Low Risk
1578,4227.47998046875,41667.80859375,5982.27978515625,4383.9501953125,1,73.28,Medium Risk
1579,7612.1298828125,26277.41015625,8513.8603515625,2363.5400390625,1,27.76,Low Risk
1580,8819.0595703125,21372.220703125,4562.81982421875,184.460006713867,1,4.04,Low Risk
1581,8796.0400390625,10601.150390625,5547.77978515625,3116.53002929688,1,56.18,Low Risk
1582,4005.65991210938,30768.5,4585.06982421875,1386.2900390625,1,30.23,Low Risk
1583,9490.6904296875,27943.98046875,7332.5400390625,3502.11010742188,1,47.76,Low Risk
1584,6569.740234375,15266.8603515625,5957.6298828125,4513.669921875,1,75.76,Medium Risk
1585,8526.240234375,22863.970703125,5625.89013671875,418.239990234375,1,7.43,Low Risk
1586,9270.1396484375,37242.8984375,2959.5,1221.33996582031,1,41.27,Low Risk
1587,2412.63989257813,31726.919921875,6337.759765625,1955.56994628906,1,30.86,Low Risk
1588,5042.06982421875,24605.30078125,5452.330078125,4799.52001953125,-1,88.03,High Risk
1589,5919.18994140625,14343.509765625,7319.4501953125,2027.71997070313,1,27.7,Low Risk
1590,8044.1298828125,33732.2109375,6690.68017578125,566.400024414063,1,8.47,Low Risk
1591,4071.5400390625,31755.240234375,3644.64990234375,1488.2099609375,1,40.83,Low Risk
1592,2183.44995117188,23453.439453125,6668.93994140625,96.5899963378906,1,1.45,Low Risk
1593,7458.02001953125,12687.6796875,7876.0498046875,955.929992675781,1,12.14,Low Risk
1594,5964.10986328125,9568.9501953125,6859.759765625,3048.60009765625,1,44.44,Low Risk
1595,8993.16015625,17630.580078125,5497.240234375,843.900024414063,1,15.35,Low Risk
1596,6584.7998046875,45527.03125,6948.759765625,4585.81982421875,1,65.99,Low Risk
1597,266.589996337891,37940.44140625,5258.60986328125,3566.44995117188,1,67.82,Low Risk
1598,9669.849609375,44662.421875,4053.65991210938,3441.1201171875,1,84.89,Medium Risk
1599,5971.7998046875,42287.3515625,6594.9501953125,2236.13989257813,1,33.91,Low Risk
1600,5999.18017578125,23485.25,1171.22998046875,3901.67993164063,1,333.13,Medium Risk
1601,9101.6904296875,26991.6796875,1835.76000976563,937.22998046875,1,51.05,Low Risk
1602,6671.7099609375,9309.7197265625,2648.40991210938,2217.03002929688,1,83.71,Medium Risk
1603,4845.27978515625,36322.73828125,9811.23046875,4969.10986328125,1,50.65,Low Risk
1604,1162.11999511719,21675.490234375,3579.05004882813,1433.78002929688,1,40.06,Low Risk
1605,9625.76953125,8902.1796875,5501.2099609375,2025.68994140625,1,36.82,Low Risk
1606,877.030029296875,5672.39013671875,6128.2099609375,1101.68005371094,1,17.98,Low Risk
1607,1785.96997070313,35110.609375,1116.25,379.170013427734,1,33.97,Low Risk
1608,8213.41015625,24627.94921875,1689.90002441406,2017.52001953125,-1,119.39,High Risk
1609,4955.009765625,1440.77001953125,2403.5400390625,726.320007324219,1,30.22,Low Risk
1610,1864.85998535156,41401.26171875,2960.830078125,2558.19995117188,1,86.4,Medium Risk
1611,2933,31353.650390625,1654.35998535156,3763.46997070313,1,227.49,Medium Risk
1612,9940.740234375,2880.43994140625,6854.3798828125,4240.669921875,1,61.87,Low Risk
1613,5881.7998046875,15929.5595703125,2076.3798828125,840.090026855469,1,40.46,Low Risk
1614,4075.96997070313,36397.87890625,9055.25,4508.18017578125,-1,49.79,High Risk
1615,8774.5498046875,3892.4599609375,5528.6201171875,1797.40002441406,1,32.51,Low Risk
1616,4849,37076.37890625,2682.67993164063,2239.42993164063,1,83.48,Medium Risk
1617,3148.56005859375,25739.869140625,3082.46997070313,2912.39990234375,1,94.48,Medium Risk
1618,1725.80004882813,39360.01171875,6820.91015625,745.130004882813,-1,10.92,High Risk
1619,7470.25,42906.609375,2016.03002929688,4208.14013671875,1,208.73,Medium Risk
1620,6002.60986328125,38620.16015625,1403.05004882813,3946.63989257813,-1,281.29,High Risk
1621,1014.29998779297,4825.669921875,8195.490234375,2364.59008789063,1,28.85,Low Risk
1622,5957.240234375,23558.30078125,5428.52978515625,1587.94995117188,1,29.25,Low Risk
1623,1678.56005859375,16618.0390625,8649.48046875,2484.76000976563,1,28.73,Low Risk
1624,9819.0302734375,25916.130859375,9553.9697265625,3271.68994140625,1,34.24,Low Risk
1625,2671.1201171875,48324.2890625,5088.43017578125,3501.669921875,1,68.82,Low Risk
1626,6990.56005859375,7095.41015625,3730.96997070313,2188.46997070313,-1,58.66,High Risk
1627,6594.85009765625,43414.3203125,4332.2001953125,132.759994506836,1,3.06,Low Risk
1628,6944.3798828125,49551.80078125,9039.0498046875,3565.1298828125,1,39.44,Low Risk
1629,4356.9501953125,49511.078125,9986.2001953125,1599.05004882813,1,16.01,Low Risk
1630,835.880004882813,40037.78125,4431.47998046875,4394.16015625,1,99.16,Medium Risk
1631,9802.0703125,23813.439453125,9680.91015625,2108.2900390625,1,21.78,Low Risk
1632,1996.10998535156,9722.0302734375,5548.60009765625,3978.64990234375,1,71.71,Medium Risk
1633,7720.22998046875,30802.439453125,1329.83996582031,1836.02001953125,1,138.06,Medium Risk
1634,1461.97998046875,30908.259765625,2823.15991210938,1854.2099609375,1,65.68,Low Risk
1635,2883.85009765625,16505.2890625,4485.2099609375,3812.82006835938,1,85.01,Medium Risk
1636,5642.8798828125,31224.2890625,4187.14013671875,2697.61010742188,1,64.43,Low Risk
1637,4193.35009765625,6710.81005859375,8317.8701171875,1281.71997070313,-1,15.41,High Risk
1638,9586.83984375,32066.41015625,8086.81005859375,4197.47021484375,1,51.91,Low Risk
1639,8492.080078125,44939.3984375,2136.39990234375,3149.64990234375,1,147.43,Medium Risk
1640,9225.7197265625,24131.19921875,1511.9599609375,3172.25,1,209.81,Medium Risk
1641,6442.89990234375,38463.58984375,7388.64013671875,3918.92993164063,1,53.04,Low Risk
1642,2267.27001953125,32146.390625,4830.52001953125,3152.46997070313,1,65.26,Low Risk
1643,5233.14013671875,1150.14001464844,2545.14990234375,1290.63000488281,1,50.71,Low Risk
1644,7678.77978515625,6977.919921875,1777.57995605469,51.6399993896484,1,2.91,Low Risk
1645,740.710021972656,38966.9296875,2927.080078125,3943.330078125,1,134.72,Medium Risk
1646,8644.8603515625,2982.18994140625,9624.490234375,4786.85009765625,1,49.74,Low Risk
1647,6350.3701171875,47856.140625,1783.43994140625,3597.05004882813,1,201.69,Medium Risk
1648,7263.35986328125,44809.73046875,5956.81982421875,4130.7099609375,1,69.34,Low Risk
1649,6973.52001953125,18756.369140625,1235.68005371094,4318.89990234375,1,349.52,Medium Risk
1650,8492.849609375,16208.8095703125,9130.4599609375,1264.63000488281,1,13.85,Low Risk
1651,966.460021972656,31033.66015625,5607.759765625,1784.35998535156,1,31.82,Low Risk
1652,3832.73999023438,30977.83984375,9436.7099609375,3669.92993164063,1,38.89,Low Risk
1653,5075.89990234375,5362.6298828125,3922,2197.26000976563,1,56.02,Low Risk
1654,5511.31005859375,11553.900390625,4646.97998046875,3184.32006835938,1,68.52,Low Risk
1655,9431.2998046875,32186.859375,7746.0400390625,1345.97998046875,1,17.38,Low Risk
1656,520.390014648438,40237.76171875,9477.4599609375,3574.5400390625,1,37.72,Low Risk
1657,8677.2900390625,10408.1201171875,2260.38989257813,2970.72998046875,1,131.43,Medium Risk
1658,5563.81982421875,35394.6796875,4579.97998046875,4788.16015625,-1,104.55,High Risk
1659,5590.81982421875,43653.2890625,9735.26953125,4617.509765625,1,47.43,Low Risk
1660,3271.27001953125,6772.4501953125,3932.669921875,2806.28002929688,1,71.36,Medium Risk
1661,6471.83984375,22516.0703125,9432.4501953125,1258.41003417969,1,13.34,Low Risk
1662,6499.490234375,42677.21875,6581.41015625,1945.51000976563,1,29.56,Low Risk
1663,1974.01000976563,19160.720703125,5326.6201171875,3691.06005859375,1,69.29,Low Risk
1664,6802.35986328125,14203.41015625,3987.88989257813,2108.03002929688,1,52.86,Low Risk
1665,2740.38989257813,37535.12109375,5581.97021484375,4111.31005859375,1,73.65,Medium Risk
1666,6918.990234375,20638.119140625,6884.14990234375,1193.68005371094,1,17.34,Low Risk
1667,6158.240234375,35609.28125,7395.68994140625,3856,1,52.14,Low Risk
1668,7187.919921875,7193.169921875,1686.76000976563,3924.56005859375,1,232.67,Medium Risk
1669,295.029998779297,28122.029296875,6763,921.27001953125,1,13.62,Low Risk
1670,1341.11999511719,19593.580078125,9031.8095703125,441.660003662109,1,4.89,Low Risk
1671,8417.990234375,49867.94921875,4842.0400390625,3006.94995117188,1,62.1,Low Risk
1672,3869.15991210938,29978.1796875,3254.51000976563,3873.169921875,1,119.01,Medium Risk
1673,8383.509765625,34426.1015625,7293.490234375,4688.47021484375,1,64.28,Low Risk
1674,720.47998046875,7420.72021484375,2023.98999023438,3412.4599609375,1,168.6,Medium Risk
1675,7716.77978515625,49606.48828125,9394.8095703125,3415.77001953125,1,36.36,Low Risk
1676,929.289978027344,3518.82006835938,5617.2998046875,2168.169921875,1,38.6,Low Risk
1677,4736.43017578125,4471,6954.9599609375,1584.32995605469,1,22.78,Low Risk
1678,9381.98046875,4711.02978515625,4172.39990234375,2112.11010742188,1,50.62,Low Risk
1679,869.010009765625,43659.4296875,4870.97021484375,3483.7099609375,1,71.52,Medium Risk
1680,3571.56005859375,36700.87890625,6192.75,4918.2099609375,1,79.42,Medium Risk
1681,5231.64990234375,48679.58984375,9884.76953125,3427.3798828125,1,34.67,Low Risk
1682,9004.6298828125,4261.4599609375,7321.2900390625,2897.1298828125,1,39.57,Low Risk
1683,3392.81005859375,34892.109375,9413.5400390625,2058.55004882813,1,21.87,Low Risk
1684,8089.7099609375,27130.189453125,9597.8896484375,1939.47998046875,1,20.21,Low Risk
1685,7209.91015625,32317.669921875,8028.35009765625,2161.05004882813,1,26.92,Low Risk
1686,3139.96997070313,26132.900390625,1370.47998046875,2466.40991210938,1,179.97,Medium Risk
1687,3474.05004882813,34092,3432.90991210938,2164.19995117188,1,63.04,Low Risk
1688,1991.02001953125,45445.8984375,8260.990234375,4372.66015625,-1,52.93,High Risk
1689,6960.330078125,29786.220703125,1122.93005371094,87.0999984741211,1,7.76,Low Risk
1690,5674.7099609375,44924.37890625,5369.41015625,2813.47998046875,1,52.4,Low Risk
1691,1634.03002929688,39325.94921875,7896.330078125,4220.77001953125,1,53.45,Low Risk
1692,6238.7001953125,43381.28125,9378.3896484375,2179.52001953125,1,23.24,Low Risk
1693,5036.6298828125,33303.2890625,4969.41015625,4353.56005859375,1,87.61,Medium Risk
1694,1016.64001464844,26411.6796875,8463.0498046875,2992.02001953125,1,35.35,Low Risk
1695,9541.66015625,4408.16015625,5108.75,1385.86999511719,1,27.13,Low Risk
1696,8364.080078125,41910.21875,2283.21997070313,1081.78002929688,1,47.38,Low Risk
1697,803.140014648438,12858.5302734375,5112.52001953125,220.380004882813,1,4.31,Low Risk
1698,9319.5498046875,2796.38989257813,4976.52001953125,3518.40991210938,1,70.7,Medium Risk
1699,9175.1103515625,26434.490234375,5721.990234375,3253.98999023438,1,56.87,Low Risk
1700,517.609985351563,31993.26953125,9374.4501953125,3914.5,1,41.76,Low Risk
1701,2094.63989257813,33429.73828125,6563.66015625,4778.830078125,1,72.81,Medium Risk
1702,7053.83984375,33816.0703125,1809.92004394531,1643.09997558594,1,90.78,Medium Risk
1703,9352.2802734375,33032.3984375,4876.56982421875,1211.93005371094,1,24.85,Low Risk
1704,8248.83984375,40601.41015625,5101.68994140625,1387.40002441406,1,27.19,Low Risk
1705,2890.7900390625,38698.71875,8434.23046875,2775.3701171875,1,32.91,Low Risk
1706,431.040008544922,40828.87109375,5653.81005859375,2326.98999023438,1,41.16,Low Risk
1707,4781.58984375,23552.83984375,4890.93994140625,447.709991455078,1,9.15,Low Risk
1708,1010.41998291016,4078.1201171875,2209.82006835938,1096.81005859375,1,49.63,Low Risk
1709,2528.42993164063,32339.240234375,8018.740234375,2777.80004882813,1,34.64,Low Risk
1710,6436.9599609375,11300.51953125,7943.6298828125,4872.85986328125,1,61.34,Low Risk
1711,5000.68994140625,43116.55859375,2803.2099609375,3819.44995117188,1,136.25,Medium Risk
1712,3829.52001953125,36361.62109375,6946.56982421875,4914.85009765625,-1,70.75,High Risk
1713,9306.6298828125,38527.62109375,1754.58996582031,3605.25,1,205.48,Medium Risk
1714,2010.36999511719,15034.6904296875,6201.1201171875,4936.56982421875,1,79.61,Medium Risk
1715,4926.02978515625,32019.650390625,5886.27001953125,1248.31994628906,1,21.21,Low Risk
1716,5777.60009765625,26876.109375,2124.8798828125,4576.759765625,1,215.39,Medium Risk
1717,3287.22998046875,14154.1396484375,6963.7099609375,3342.98999023438,1,48.01,Low Risk
1718,7082.43994140625,40799.05859375,1781.91003417969,2990.169921875,1,167.81,Medium Risk
1719,8686.0595703125,27947.9609375,8317.7099609375,3507.8798828125,1,42.17,Low Risk
1720,5460.64013671875,10348.6201171875,2367.5400390625,2846.06005859375,1,120.21,Medium Risk
1721,7835.240234375,15957.1103515625,4839,1801.68994140625,1,37.23,Low Risk
1722,703.52001953125,12128.26953125,8657.9296875,4067.78002929688,1,46.98,Low Risk
1723,1622.44995117188,16307.599609375,1582.53002929688,1857.59997558594,1,117.38,Medium Risk
1724,4674.0498046875,10220.2900390625,8209.5703125,2153.14990234375,1,26.23,Low Risk
1725,9218.099609375,19185.810546875,7726.06005859375,3943.330078125,1,51.04,Low Risk
1726,5362.759765625,35005.1796875,3625.75,4870.25,1,134.32,Medium Risk
1727,4379.7900390625,48005.671875,9061.0400390625,1569.7900390625,1,17.32,Low Risk
1728,6041.06005859375,11316.26953125,9234.2001953125,4898.58984375,1,53.05,Low Risk
1729,1332.2099609375,15691.650390625,7584.22998046875,4440,1,58.54,Low Risk
1730,6571.43994140625,1105.52001953125,8442.6103515625,990.489990234375,1,11.73,Low Risk
1731,1030.81005859375,12039.9296875,2305.07006835938,802.869995117188,1,34.83,Low Risk
1732,5810.25,21504.140625,4980.240234375,4092.88989257813,1,82.18,Medium Risk
1733,7172.4599609375,23625.130859375,9728.9697265625,332.609985351563,1,3.42,Low Risk
1734,4173.919921875,14050.240234375,1861.57995605469,4922.4599609375,1,264.42,Medium Risk
1735,9117.9404296875,8365.830078125,4744.580078125,1026.27001953125,1,21.63,Low Risk
1736,1605.11999511719,28590.419921875,9658.2802734375,118.25,1,1.22,Low Risk
1737,1792.48999023438,21050.26953125,6274.39013671875,3323.80004882813,1,52.97,Low Risk
1738,5217.4501953125,21887.029296875,1259.80004882813,2848.34008789063,1,226.09,Medium Risk
1739,9323.3896484375,44854.05078125,8669.8896484375,4556.1201171875,1,52.55,Low Risk
1740,3967.919921875,28510.69921875,3905.830078125,687.200012207031,1,17.59,Low Risk
1741,9271.3603515625,20028.630859375,1323.47998046875,928.239990234375,1,70.14,Medium Risk
1742,6965.39990234375,13435.7001953125,8478.419921875,3651.55004882813,1,43.07,Low Risk
1743,7847.2998046875,22001.2890625,7710.75,1954.68005371094,1,25.35,Low Risk
1744,9384.919921875,43231.55078125,5779.22998046875,3142.53002929688,-1,54.38,High Risk
1745,5766.0498046875,48289.8984375,4267.93994140625,174.360000610352,1,4.09,Low Risk
1746,6452.35986328125,19484.310546875,7826.419921875,4037.7099609375,1,51.59,Low Risk
1747,5832.009765625,11240.1201171875,6382.10009765625,1317.18005371094,1,20.64,Low Risk
1748,7870.10009765625,45811.4609375,3119.330078125,2664.919921875,1,85.43,Medium Risk
1749,2806.71997070313,8077.41015625,8917.0302734375,3471.55004882813,1,38.93,Low Risk
1750,7901.669921875,15571.8798828125,5806.2900390625,830.340026855469,1,14.3,Low Risk
1751,7164.10009765625,11003.150390625,8722.5,394.260009765625,1,4.52,Low Risk
1752,6060.4599609375,28725.650390625,1744.7099609375,2.10999989509583,1,0.12,Low Risk
1753,484.040008544922,21023.419921875,3063.77001953125,288.829986572266,1,9.43,Low Risk
1754,7767.990234375,15071.150390625,3825.05004882813,4554.4599609375,1,119.07,Medium Risk
1755,1411.02001953125,38628.48046875,8609.3603515625,2596.2900390625,1,30.16,Low Risk
1756,9623.51953125,33541.71875,8847.9599609375,323.820007324219,1,3.66,Low Risk
1757,906.780029296875,49780.05859375,7940.18017578125,4982.27001953125,1,62.75,Low Risk
1758,7230.72998046875,16287.419921875,6242.7900390625,452.700012207031,1,7.25,Low Risk
1759,3668.2099609375,42418.76953125,5098.52001953125,4590.8701171875,1,90.04,Medium Risk
1760,7383.330078125,15822.8701171875,1852.06994628906,1095.64001464844,1,59.16,Low Risk
1761,5237.6298828125,1442.82995605469,6899.669921875,3513.48999023438,1,50.92,Low Risk
1762,6332.10009765625,8393.990234375,8518,1166.25,1,13.69,Low Risk
1763,846.820007324219,25915.060546875,8731.900390625,4960.47021484375,1,56.81,Low Risk
1764,9668.1396484375,40690.4609375,3169.26000976563,897.47998046875,-1,28.32,High Risk
1765,138.080001831055,3813.21997070313,6282.58984375,1753.2099609375,1,27.91,Low Risk
1766,9417.48046875,41768.71875,9491.6103515625,681.340026855469,1,7.18,Low Risk
1767,5725.68017578125,36087.6484375,8683.01953125,2474.34008789063,1,28.5,Low Risk
1768,2656.8701171875,2691.43994140625,2415.68994140625,2148.63989257813,-1,88.95,High Risk
1769,6413.5,6208.490234375,4529.6201171875,4068.26000976563,-1,89.81,High Risk
1770,6761.68017578125,4705.8701171875,1881.68994140625,4271.93994140625,1,227.03,Medium Risk
1771,7330.27978515625,34270.66015625,8498.080078125,4290.77001953125,1,50.49,Low Risk
1772,262.730010986328,28490.44921875,6461.009765625,183.759994506836,-1,2.84,High Risk
1773,9829.5498046875,18584.060546875,7304.08984375,899.700012207031,1,12.32,Low Risk
1774,6217.33984375,5327.27001953125,2481.830078125,3195.5,1,128.76,Medium Risk
1775,3837.61010742188,20256.08984375,7532.740234375,3008.84008789063,1,39.94,Low Risk
1776,5749.43994140625,34426.48046875,3028.27001953125,4032.64990234375,1,133.17,Medium Risk
1777,1866.38000488281,5577.169921875,9756.41015625,3873.96997070313,1,39.71,Low Risk
1778,2547.93994140625,42972.66015625,8875.7001953125,1078.71997070313,1,12.15,Low Risk
1779,949.219970703125,4082.52001953125,1144.14001464844,1719.68994140625,1,150.3,Medium Risk
1780,8804.41015625,30801.490234375,7061.8701171875,2828.43994140625,1,40.05,Low Risk
1781,2590.84008789063,10268.240234375,4033.03002929688,4313.7900390625,1,106.96,Medium Risk
1782,7423.1298828125,5490.33984375,7161.83984375,2626.0400390625,1,36.67,Low Risk
1783,2814.57006835938,18393.609375,2589.97998046875,3451.7099609375,1,133.27,Medium Risk
1784,1545.2900390625,33679.46875,3457.46997070313,1928.13000488281,1,55.77,Low Risk
1785,1170.53002929688,6931.58984375,1416.65002441406,486.640014648438,1,34.35,Low Risk
1786,8616.419921875,24309.169921875,4317.1201171875,2210.38989257813,1,51.2,Low Risk
1787,1285.39001464844,20899.25,6429.580078125,798,1,12.41,Low Risk
1788,962.780029296875,21945.259765625,8808.8603515625,1791.69995117188,1,20.34,Low Risk
1789,192.610000610352,47227.421875,2898.80004882813,1515.16003417969,1,52.27,Low Risk
1790,3727.76000976563,18102.470703125,8904.91015625,1226.69995117188,1,13.78,Low Risk
1791,9432.599609375,49589.8203125,8228.33984375,3427.90991210938,1,41.66,Low Risk
1792,9095.6298828125,27381.169921875,6832.43017578125,1004.34002685547,1,14.7,Low Risk
1793,1239.02001953125,42281.55859375,8748.7001953125,3385.38989257813,1,38.7,Low Risk
1794,223.699996948242,18094.349609375,3934.169921875,194.100006103516,1,4.93,Low Risk
1795,7534.97021484375,5153.919921875,9476.0703125,3371.64990234375,1,35.58,Low Risk
1796,3134.1298828125,5135.77978515625,2613.5400390625,212.660003662109,1,8.14,Low Risk
1797,8363.2998046875,29133.3203125,6206.4599609375,890.080017089844,1,14.34,Low Risk
1798,2232.75,46565.87109375,5203.080078125,2515.98999023438,1,48.36,Low Risk
1799,4972.8701171875,4489.81982421875,7753.35009765625,4939.52978515625,1,63.71,Low Risk
1800,426.170013427734,34766.75,4138.830078125,3189.48999023438,1,77.06,Medium Risk
1801,8957.6796875,28599.30078125,9272.3603515625,17.1200008392334,1,0.18,Low Risk
1802,1861.9599609375,32960.28125,1866.03002929688,3879.3798828125,1,207.89,Medium Risk
1803,3017.56005859375,11561.509765625,6519.6201171875,1702.97998046875,1,26.12,Low Risk
1804,4849.02978515625,4454.919921875,1666.7099609375,4960.5,1,297.62,Medium Risk
1805,2785.56005859375,4661.68017578125,9745.98046875,3031.89990234375,1,31.11,Low Risk
1806,497.619995117188,13089.509765625,2820.68994140625,4626.759765625,-1,164.03,High Risk
1807,387.950012207031,11468.3203125,7955.10009765625,244.440002441406,1,3.07,Low Risk
1808,9556.6103515625,7191.52001953125,7561.0400390625,1845.44995117188,1,24.41,Low Risk
1809,3322.40991210938,13969.4697265625,9784.08984375,1437.06005859375,1,14.69,Low Risk
1810,3410.47998046875,27164.7109375,9405.0498046875,1872.92004394531,1,19.91,Low Risk
1811,9236.7099609375,47526.1796875,8841.7001953125,1523.65002441406,1,17.23,Low Risk
1812,8377.919921875,46191.171875,6790.25,1390.96997070313,1,20.48,Low Risk
1813,6900.72021484375,14313.9697265625,5694.02001953125,2406.169921875,-1,42.26,High Risk
1814,6619.2099609375,4244.27978515625,2821.25,3902.4599609375,1,138.32,Medium Risk
1815,8030.75,49786.05078125,6703.169921875,3233.0400390625,1,48.23,Low Risk
1816,1771.86999511719,24344.009765625,7449.4599609375,1848.11999511719,-1,24.81,High Risk
1817,6676.31982421875,48936.75,9488.6904296875,2947.78002929688,1,31.07,Low Risk
1818,1074.15002441406,27344.4609375,3540.21997070313,4534.7900390625,1,128.09,Medium Risk
1819,1352.47998046875,44431.6796875,4222.68017578125,1343.58996582031,1,31.82,Low Risk
1820,2503.2900390625,22913.810546875,5042.81982421875,2502.7099609375,1,49.63,Low Risk
1821,7127.06005859375,31479.130859375,7223.02978515625,4558.18994140625,1,63.11,Low Risk
1822,8936.2001953125,27251.279296875,8577.25,3655.2900390625,1,42.62,Low Risk
1823,6938.77978515625,11773.990234375,3320.40991210938,873.710021972656,1,26.31,Low Risk
1824,4224.56982421875,38426.12109375,5861.64013671875,3966.96997070313,1,67.68,Low Risk
1825,5185.25,3685.46997070313,3266.73999023438,4011.30004882813,1,122.79,Medium Risk
1826,7152.02978515625,18758.1796875,5179.97021484375,3729.5,1,72,Medium Risk
1827,6171.490234375,43625.23046875,9409.599609375,2979.02001953125,1,31.66,Low Risk
1828,5341.72998046875,25631.5,8942.849609375,590.010009765625,1,6.6,Low Risk
1829,2444.25,4804.6298828125,5150.60986328125,2346.169921875,1,45.55,Low Risk
1830,6207.91015625,11168.98046875,4300.080078125,433.380004882813,1,10.08,Low Risk
1831,284.809997558594,6372.33984375,5903.85009765625,2594.53002929688,1,43.95,Low Risk
1832,5644.52978515625,14604.0302734375,7599.7099609375,2025.71997070313,1,26.66,Low Risk
1833,8225.3798828125,9100.2802734375,2052.76000976563,29.5599994659424,1,1.44,Low Risk
1834,1879.53002929688,35885.58984375,3040.35009765625,3888.55004882813,1,127.9,Medium Risk
1835,1230.68005371094,33311.890625,2082.21997070313,3253.82006835938,1,156.27,Medium Risk
1836,9705.330078125,7618.85986328125,1167.63000488281,1203.88000488281,1,103.1,Medium Risk
1837,8450.2900390625,22804.55078125,8055.43994140625,3210.19995117188,1,39.85,Low Risk
1838,3089.81005859375,15496.240234375,4373.5400390625,2720.63989257813,1,62.21,Low Risk
1839,2164.8701171875,17523.580078125,7878.0498046875,2540.59008789063,1,32.25,Low Risk
1840,3406.98999023438,29223.009765625,5466.580078125,1882.07995605469,1,34.43,Low Risk
1841,4369.1298828125,45035.76171875,7170.169921875,217.210006713867,1,3.03,Low Risk
1842,8228.7197265625,44968.9296875,5481.31005859375,4930.85009765625,1,89.96,Medium Risk
1843,2468.1201171875,21238.05078125,5383.68017578125,2548.96997070313,1,47.35,Low Risk
1844,7236.3701171875,20266.560546875,8979.4697265625,273.739990234375,1,3.05,Low Risk
1845,9299.98046875,26380.8203125,6742.3701171875,253.399993896484,1,3.76,Low Risk
1846,3857.169921875,24231.640625,1991.66003417969,3847.82006835938,-1,193.2,High Risk
1847,357.859985351563,4027.46997070313,6115.259765625,1723.64001464844,1,28.19,Low Risk
1848,8293.400390625,29358.720703125,2261.09008789063,2144.17993164063,1,94.83,Medium Risk
1849,7113.2998046875,29651.890625,6233.9501953125,3076.36010742188,1,49.35,Low Risk
1850,1575.7900390625,23066.529296875,6946.490234375,10.4700002670288,1,0.15,Low Risk
1851,6009.3701171875,21284.26953125,2741.27001953125,2579.61010742188,1,94.1,Medium Risk
1852,8265.6796875,47008.33984375,2443.96997070313,3464,1,141.74,Medium Risk
1853,1892.2099609375,30440.380859375,2649.34008789063,1963.75,1,74.12,Medium Risk
1854,2306.72998046875,40997.69140625,8409.33984375,811.380004882813,-1,9.65,High Risk
1855,2097.63989257813,47738.2109375,2423.03002929688,4259.919921875,1,175.81,Medium Risk
1856,9975.26953125,40694.98046875,8024.0498046875,1986.5,1,24.76,Low Risk
1857,2372.26000976563,47206,1180.17004394531,4982.169921875,1,422.16,Medium Risk
1858,2742.48999023438,38205.390625,8421.169921875,2677.7099609375,1,31.8,Low Risk
1859,574.460021972656,9335.91015625,3189.22998046875,632.049987792969,1,19.82,Low Risk
1860,9834.4599609375,12119.58984375,2695.55004882813,398.119995117188,1,14.77,Low Risk
1861,2542.8701171875,10500.8701171875,6677.47998046875,1041.42004394531,1,15.6,Low Risk
1862,7279.81005859375,16784.1796875,8851.41015625,4474.64013671875,1,50.55,Low Risk
1863,361.049987792969,18394.650390625,7447.47021484375,2460.65991210938,1,33.04,Low Risk
1864,7855.68994140625,40747.921875,6045.33984375,4139.490234375,1,68.47,Low Risk
1865,7531.0400390625,18681.75,3156.81005859375,3354.13989257813,1,106.25,Medium Risk
1866,933.109985351563,36633.71875,4678.18017578125,4291.0400390625,1,91.72,Medium Risk
1867,1313.76000976563,45287.01953125,8719.08984375,2588.86010742188,1,29.69,Low Risk
1868,3021.580078125,6613.1201171875,8184.18994140625,4095.26000976563,1,50.04,Low Risk
1869,3611.2099609375,1012.79998779297,2996.59008789063,4715.2099609375,1,157.35,Medium Risk
1870,7856.64990234375,44544.26953125,8892.8798828125,723.049987792969,1,8.13,Low Risk
1871,705.77001953125,12674.5498046875,3157.9599609375,4984.97998046875,1,157.85,Medium Risk
1872,6537.3701171875,8518.4501953125,9845.75,3695.90991210938,1,37.54,Low Risk
1873,2362.48999023438,15465.23046875,7691.919921875,2872.36010742188,1,37.34,Low Risk
1874,3886.44995117188,10115.2802734375,7376.8701171875,4961.08984375,1,67.25,Low Risk
1875,121.819999694824,39888.94921875,6252.58984375,833.349975585938,1,13.33,Low Risk
1876,2982.1201171875,32090.890625,8702.0498046875,3238.32006835938,1,37.21,Low Risk
1877,1796.25,9197.91015625,8951.2197265625,941.510009765625,1,10.52,Low Risk
1878,5089.31982421875,29594.619140625,3291,2542.93994140625,1,77.27,Medium Risk
1879,1666.09997558594,11196.4599609375,8127.830078125,197.979995727539,1,2.44,Low Risk
1880,8374.58984375,10680.240234375,2488.23999023438,1718.43994140625,1,69.06,Low Risk
1881,8840.76953125,30176.900390625,4552.68994140625,4366.5498046875,1,95.91,Medium Risk
1882,8468.3701171875,33569.66015625,9234.0400390625,3792.78002929688,1,41.07,Low Risk
1883,9819.849609375,17963.900390625,3742.30004882813,1984.25,1,53.02,Low Risk
1884,9155,38406.96875,4885.8798828125,855.659973144531,1,17.51,Low Risk
1885,2869.89990234375,42023.51171875,4788.2001953125,309.910003662109,1,6.47,Low Risk
1886,3213.15991210938,45900.87109375,6135.5498046875,4765.10986328125,1,77.66,Medium Risk
1887,5373.330078125,31676.939453125,8507.349609375,2162.05004882813,1,25.41,Low Risk
1888,3911.080078125,11781.2197265625,5923.72021484375,3602.02001953125,1,60.81,Low Risk
1889,9702.1201171875,37674.78125,9453.490234375,4541.02001953125,1,48.04,Low Risk
1890,3461.36010742188,6284.4501953125,8872.599609375,3682.86010742188,1,41.51,Low Risk
1891,7426.81982421875,9879.5302734375,6521.009765625,2342.14990234375,1,35.92,Low Risk
1892,5796.080078125,41806.62109375,4887.60009765625,1845.69995117188,1,37.76,Low Risk
1893,9569.16015625,45630.640625,3922.72998046875,4365.60986328125,1,111.29,Medium Risk
1894,7470.72021484375,4269.14013671875,6510.52001953125,1594.4599609375,1,24.49,Low Risk
1895,3106.09008789063,16293.9599609375,8276.2099609375,1635.7099609375,1,19.76,Low Risk
1896,2050.97998046875,31829.69921875,5550.10986328125,3784.53002929688,1,68.19,Low Risk
1897,8560.7197265625,46993.73828125,8930.1201171875,2929.10009765625,1,32.8,Low Risk
1898,9119.0400390625,28965.55078125,3587.81005859375,2139.8701171875,1,59.64,Low Risk
1899,8327.830078125,41228.640625,8737.8203125,2252.7900390625,1,25.78,Low Risk
1900,7400.75,46215,6974.4599609375,2917.86010742188,1,41.84,Low Risk
1901,3285.1298828125,26433.099609375,3624.64990234375,2187.13989257813,1,60.34,Low Risk
1902,5103.18994140625,37282.03125,4728.6201171875,1583.39001464844,1,33.49,Low Risk
1903,9165.4599609375,33458.23046875,1345.10998535156,4530.41015625,1,336.81,Medium Risk
1904,1435.47998046875,33896.75,9235.73046875,2531.94995117188,1,27.41,Low Risk
1905,4999.7001953125,26336.26953125,7915.2998046875,993.030029296875,1,12.55,Low Risk
1906,3619.5400390625,31536.390625,6487.41015625,822.820007324219,1,12.68,Low Risk
1907,6807.14990234375,28164.349609375,9740.75,1438.15002441406,1,14.76,Low Risk
1908,6377.2900390625,32249.41015625,9297.01953125,4932.6201171875,1,53.06,Low Risk
1909,5644.56982421875,25754.689453125,9249.8603515625,4623.3798828125,1,49.98,Low Risk
1910,2868.18994140625,11902.349609375,3734.60009765625,460.459991455078,-1,12.33,High Risk
1911,1679.55004882813,34987.30078125,3040.76000976563,421.399993896484,1,13.86,Low Risk
1912,7864.9501953125,19817.55078125,7693.18017578125,1909.18005371094,1,24.82,Low Risk
1913,9918.3203125,7259.330078125,3938.57006835938,2566.15991210938,1,65.15,Low Risk
1914,1774.03002929688,42714.890625,3447.94995117188,1517.92004394531,1,44.02,Low Risk
1915,850.340026855469,9886,3272.77001953125,3280.53002929688,1,100.24,Medium Risk
1916,7482.740234375,27494.740234375,1622.81994628906,2142.85009765625,1,132.04,Medium Risk
1917,3504.169921875,36334.75,7521.5,2686.5400390625,1,35.72,Low Risk
1918,2208.73999023438,32737.419921875,1074.89001464844,1402.98999023438,1,130.52,Medium Risk
1919,5298.740234375,8882.1201171875,6082.10986328125,347.290008544922,1,5.71,Low Risk
1920,6784.6201171875,10512.76953125,3400.11010742188,3460.6298828125,1,101.78,Medium Risk
1921,2227.01000976563,8293.5498046875,7010.509765625,3630.80004882813,1,51.79,Low Risk
1922,9945.58984375,4554.81005859375,9506.580078125,2370.0400390625,-1,24.93,High Risk
1923,3349.419921875,14880.400390625,7219.85009765625,4311.72998046875,1,59.72,Low Risk
1924,3218.03002929688,26682.779296875,4405.2001953125,1531.22998046875,1,34.76,Low Risk
1925,4287.7099609375,9474.58984375,2603.5400390625,3620.69995117188,1,139.07,Medium Risk
1926,7475.7900390625,48572.1015625,4051.0400390625,2900.8798828125,1,71.61,Medium Risk
1927,8745.25,35242.69140625,5129.35986328125,2147.06005859375,1,41.86,Low Risk
1928,3307.4599609375,29588.2890625,8928.3203125,1060.17004394531,1,11.87,Low Risk
1929,1275.59997558594,34389.51171875,9793.580078125,3304,1,33.74,Low Risk
1930,2635.69995117188,22361.55078125,9346.5595703125,800.219970703125,1,8.56,Low Risk
1931,934.369995117188,24025.5,5505.7998046875,3625.51000976563,1,65.85,Low Risk
1932,6340.41015625,44544.578125,5245.14990234375,1074.80004882813,1,20.49,Low Risk
1933,7432.89013671875,36375.03125,3446.11010742188,86.5299987792969,1,2.51,Low Risk
1934,4349.740234375,29821.16015625,4420.77001953125,1515.22998046875,1,34.28,Low Risk
1935,9532.669921875,47560.421875,9256.23046875,4320.68994140625,1,46.68,Low Risk
1936,7302.490234375,33469.421875,8753.98046875,143.690002441406,1,1.64,Low Risk
1937,3858.6201171875,20535.810546875,2323.419921875,311.959991455078,1,13.43,Low Risk
1938,1111.92004394531,3325.43994140625,4191.89013671875,2668.89990234375,1,63.67,Low Risk
1939,4987.669921875,20143.130859375,6226.47021484375,20.5900001525879,1,0.33,Low Risk
1940,5087.97021484375,46315.48046875,2004.76000976563,3193.17993164063,1,159.28,Medium Risk
1941,5550.81005859375,3187.84008789063,4166.81005859375,3121.830078125,1,74.92,Medium Risk
1942,6856.25,10043.5703125,6263.31982421875,1105.53002929688,1,17.65,Low Risk
1943,2717.38989257813,40628.62890625,5064.89013671875,2175.13989257813,1,42.95,Low Risk
1944,124.599998474121,18882.7890625,8776.8095703125,3830.96997070313,1,43.65,Low Risk
1945,8147.16015625,10109.0400390625,6349.02001953125,1008.29998779297,-1,15.88,High Risk
1946,8253.009765625,40967.58984375,7040.490234375,3015.64990234375,1,42.83,Low Risk
1947,9125.0595703125,28363.5390625,5747.080078125,2195.080078125,1,38.19,Low Risk
1948,9693.4599609375,27874.7109375,3778.47998046875,1971.31005859375,1,52.17,Low Risk
1949,1675.80004882813,15395.4599609375,6341.6298828125,1646.71997070313,1,25.97,Low Risk
1950,3603.330078125,34081.6015625,9981.6396484375,2723.09008789063,1,27.28,Low Risk
1951,8528.4599609375,43229.48046875,2805.86010742188,1256.19995117188,1,44.77,Low Risk
1952,9346.58984375,37760.05859375,7513.66015625,3183.330078125,1,42.37,Low Risk
1953,243.839996337891,31008.880859375,7408.35009765625,571.27001953125,1,7.71,Low Risk
1954,3936.59008789063,18175.4609375,8022.77001953125,4291.8701171875,1,53.5,Low Risk
1955,1222.52001953125,42885.37890625,4937.89013671875,3823.080078125,1,77.42,Medium Risk
1956,7905.740234375,28739.26953125,1096.57995605469,2078.8798828125,1,189.58,Medium Risk
1957,7496.58984375,44589.6484375,9137.1298828125,890.950012207031,1,9.75,Low Risk
1958,7567.60009765625,13454.75,3321.2099609375,1975.14001464844,-1,59.47,High Risk
1959,3963.330078125,33060.48046875,4608.97021484375,3371,1,73.14,Medium Risk
1960,4121.85009765625,46824.26171875,8474.7998046875,1830.75,1,21.6,Low Risk
1961,2692.4599609375,19330.19921875,8847.509765625,411.880004882813,1,4.66,Low Risk
1962,3672.85009765625,47612.05078125,7190.740234375,545.580017089844,1,7.59,Low Risk
1963,9832.509765625,20230.640625,4957.5,3482.73999023438,1,70.25,Medium Risk
1964,561.030029296875,22446.7109375,6801.85009765625,4284,1,62.98,Low Risk
1965,3307.669921875,40515.921875,4884.64990234375,4146.27001953125,1,84.88,Medium Risk
1966,7920.240234375,13777.8095703125,2846.93994140625,3721.60009765625,1,130.72,Medium Risk
1967,3885.22998046875,35587.78125,4041.88989257813,3800.15991210938,1,94.02,Medium Risk
1968,9504.849609375,15621.0703125,6437.72998046875,4903.39990234375,1,76.17,Medium Risk
1969,3388.22998046875,30094.740234375,1771.7900390625,779.950012207031,-1,44.02,High Risk
1970,8512.6103515625,39022.078125,1191.06005859375,2726.6298828125,1,228.92,Medium Risk
1971,8169.43994140625,2280.830078125,1042.44995117188,1314.31994628906,1,126.08,Medium Risk
1972,191.160003662109,5335.3798828125,2009.42004394531,1151.38000488281,1,57.3,Low Risk
1973,4089.59008789063,46784.33984375,2234.10009765625,2046.4599609375,1,91.6,Medium Risk
1974,2878.31005859375,40975.6484375,7084.0400390625,1683.11999511719,1,23.76,Low Risk
1975,4848.1201171875,43973.46875,4642.10009765625,3271.05004882813,1,70.46,Medium Risk
1976,4681.43017578125,22508.140625,1402.13000488281,2073.94995117188,1,147.91,Medium Risk
1977,9064.740234375,36101.23828125,2698.67993164063,1425.91003417969,1,52.84,Low Risk
1978,1917.4599609375,49915.48828125,5609.740234375,418.820007324219,1,7.47,Low Risk
1979,1903.68994140625,22194.029296875,6590.66015625,1454.18994140625,1,22.06,Low Risk
1980,1169.85998535156,42492.2109375,9871.0703125,2419.48999023438,1,24.51,Low Risk
1981,7412.64990234375,4884.8701171875,5669.259765625,3035.32006835938,1,53.54,Low Risk
1982,9186.8203125,27649.26953125,2070.71997070313,3196.56005859375,1,154.37,Medium Risk
1983,3748.18994140625,17328.75,6828.2001953125,1047.19995117188,1,15.34,Low Risk
1984,712.039978027344,26631.4296875,6456.58984375,2044.31994628906,1,31.66,Low Risk
1985,1644.60998535156,6589.64990234375,4085.65991210938,2015.68005371094,1,49.34,Low Risk
1986,1113.59997558594,19016.41015625,6928.89990234375,74.5599975585938,1,1.08,Low Risk
1987,5964.169921875,4749.9599609375,9368.009765625,4420.669921875,1,47.19,Low Risk
1988,2894.75,23201.560546875,1179.57995605469,3369.53002929688,1,285.66,Medium Risk
1989,8984.73046875,22647.94921875,2859.7099609375,3311.080078125,1,115.78,Medium Risk
1990,1706.59997558594,17155.80078125,2065.73999023438,2891.580078125,1,139.98,Medium Risk
1991,9308.5400390625,47467.2890625,7347.8701171875,2303.92993164063,1,31.36,Low Risk
1992,3394.11010742188,5063.740234375,6950.22021484375,1123.97998046875,1,16.17,Low Risk
1993,8686.330078125,41419.05078125,1843.13000488281,1962.14001464844,1,106.46,Medium Risk
1994,9495.0595703125,18391.4296875,2219.34008789063,881.940002441406,1,39.74,Low Risk
1995,9865,10766.3701171875,8669.509765625,4077.2900390625,1,47.03,Low Risk
1996,8055.56982421875,14355.3896484375,6332.56982421875,1054.81994628906,1,16.66,Low Risk
1997,1106.69995117188,45192.80078125,5593.1201171875,1386.30004882813,1,24.79,Low Risk
1998,648.25,41420.03125,5736.419921875,63.560001373291,1,1.11,Low Risk
1999,7423.31982421875,1772.11999511719,2487.89990234375,1872.14001464844,1,75.25,Medium Risk
2000,8980.6904296875,8219.1396484375,4580.81005859375,3549.02001953125,1,77.48,Medium Risk
2001,1743.9599609375,34076.328125,6241.2099609375,891.320007324219,1,14.28,Low Risk
2002,9416.5703125,16553.2890625,5418.06005859375,2556.830078125,1,47.19,Low Risk
2003,6141.259765625,46037.91015625,4856.47021484375,4693.64990234375,1,96.65,Medium Risk
2004,1327.68994140625,39538.578125,3566.64990234375,2192.56005859375,1,61.47,Low Risk
2005,1753.63000488281,43876.8984375,4319.31982421875,3973.2900390625,1,91.99,Medium Risk
2006,752.960021972656,10450.650390625,7091.81005859375,3991.88989257813,1,56.29,Low Risk
2007,1517.82995605469,8384.5595703125,9753.9296875,3261.25,1,33.44,Low Risk
2008,7348.02978515625,46664.5703125,9064.6904296875,1830.38000488281,1,20.19,Low Risk
2009,2265.7900390625,20805.509765625,8188.4501953125,3798.169921875,1,46.38,Low Risk
2010,5660.3798828125,21370.119140625,7421.58984375,4699.759765625,1,63.33,Low Risk
2011,7238.7001953125,34543.9609375,4991.830078125,1360.68994140625,1,27.26,Low Risk
2012,8963.25,20475.099609375,4546.740234375,2507.8798828125,1,55.16,Low Risk
2013,5940.27978515625,43884.37890625,6926.35986328125,3001.580078125,1,43.34,Low Risk
2014,5740.2001953125,47994.671875,2661.5400390625,2971.919921875,1,111.66,Medium Risk
2015,9136.9501953125,17293.4296875,9378.1103515625,2083.61010742188,1,22.22,Low Risk
2016,3019.56005859375,11194.830078125,2061.28002929688,2718,1,131.86,Medium Risk
2017,2116.64990234375,4689.97998046875,2034.48999023438,279.25,1,13.73,Low Risk
2018,8740.6796875,11503.7802734375,2645.71997070313,322.109985351563,1,12.17,Low Risk
2019,837.780029296875,7832.830078125,1631.64001464844,4658.830078125,1,285.53,Medium Risk
2020,1977.84997558594,2426.89990234375,1477.97998046875,2755.53002929688,1,186.44,Medium Risk
2021,4171.41015625,3286.21997070313,2371.81005859375,976.090026855469,-1,41.15,High Risk
2022,3676.3798828125,25958.8203125,3947.71997070313,1322.43994140625,1,33.5,Low Risk
2023,7090.31005859375,35681.8984375,6116.9501953125,3519.6298828125,1,57.54,Low Risk
2024,1008.89001464844,49179.6484375,5860.97021484375,3460.2900390625,1,59.04,Low Risk
2025,4823.85986328125,8628.33984375,1666.88000488281,3290.64990234375,1,197.41,Medium Risk
2026,8104.68994140625,35213.26171875,7289.27001953125,1249.71997070313,1,17.14,Low Risk
2027,6865.10009765625,28145.849609375,3636,4167.60009765625,1,114.62,Medium Risk
2028,6353.330078125,24428.150390625,4716.93017578125,324.390014648438,1,6.88,Low Risk
2029,2469.65991210938,36370.1796875,4306.64990234375,2109.26000976563,1,48.98,Low Risk
2030,3996.9599609375,12694.1103515625,5457.8798828125,3818.080078125,1,69.96,Low Risk
2031,1889.16003417969,16253.2998046875,1295.27001953125,1191.30004882813,1,91.97,Medium Risk
2032,5138.35986328125,19845.94921875,2740.30004882813,1202.22998046875,1,43.87,Low Risk
2033,5883.27001953125,9937.41015625,2383.75,6.71999979019165,1,0.28,Low Risk
2034,6348.68994140625,24452.44921875,8226.2001953125,2471.419921875,1,30.04,Low Risk
2035,8771.9599609375,7461.4599609375,5999.0400390625,4593.06005859375,1,76.56,Medium Risk
2036,712.119995117188,16589.009765625,7845.83984375,2563.3798828125,1,32.67,Low Risk
2037,3944.2900390625,6544.9501953125,7357.08984375,4667.72998046875,1,63.45,Low Risk
2038,5950.60986328125,2758.27001953125,3408.330078125,1077.16003417969,1,31.6,Low Risk
2039,5744.22021484375,18405.2890625,5594.419921875,1974.26000976563,1,35.29,Low Risk
2040,314.869995117188,31259.970703125,2305.330078125,4957.9599609375,1,215.07,Medium Risk
2041,1974.16003417969,8442.6201171875,8028.97998046875,3997.64990234375,1,49.79,Low Risk
2042,8472.8701171875,49679.3984375,2843.40991210938,2878.14990234375,1,101.22,Medium Risk
2043,5202.3798828125,14443.0703125,9863.2001953125,435.390014648438,-1,4.41,High Risk
2044,4194.22998046875,2112.0400390625,9756.48046875,652.369995117188,-1,6.69,High Risk
2045,9011.740234375,2373.67993164063,2491.68994140625,2201.27001953125,1,88.34,Medium Risk
2046,842.030029296875,33661.859375,1065.16003417969,4074.64990234375,1,382.54,Medium Risk
2047,9230.8701171875,33823.6484375,2053.42993164063,3706.919921875,1,180.52,Medium Risk
2048,375.049987792969,45232.44140625,4678.2001953125,4272.68994140625,1,91.33,Medium Risk
2049,5670.43994140625,5451.22021484375,8017.68017578125,2026.13000488281,1,25.27,Low Risk
2050,5595.39990234375,19442.060546875,8613.7998046875,2887.36010742188,1,33.52,Low Risk
2051,6426.77978515625,44574.37890625,5342.41015625,1539.97998046875,1,28.83,Low Risk
2052,393.299987792969,40086.19140625,8849.2802734375,2690.65991210938,1,30.41,Low Risk
2053,5352.14013671875,12439.0400390625,8959.0498046875,3081.55004882813,1,34.4,Low Risk
2054,1224.78002929688,44608.3984375,6431.669921875,2580.09008789063,1,40.12,Low Risk
2055,1644.18994140625,34360.01171875,4085.30004882813,990.390014648438,-1,24.24,High Risk
2056,2232.01000976563,13951.5302734375,7703.7099609375,1696.92004394531,1,22.03,Low Risk
2057,6170.4501953125,3196.38989257813,7033.31005859375,3146.580078125,1,44.74,Low Risk
2058,3961.8798828125,25374.720703125,5210.89013671875,2869.48999023438,1,55.07,Low Risk
2059,944.840026855469,35940.80078125,7930.39990234375,2242.14990234375,1,28.27,Low Risk
2060,2961.22998046875,14163.5595703125,8365.580078125,311.609985351563,1,3.72,Low Risk
2061,858.549987792969,9268.0595703125,6848.52978515625,2268.64990234375,-1,33.13,High Risk
2062,6674.85986328125,4688.77978515625,1140.56005859375,2832.48999023438,1,248.34,Medium Risk
2063,5618.91015625,42259.2109375,5191.39990234375,1093.94995117188,1,21.07,Low Risk
2064,4136.08984375,3681.84008789063,4929.7099609375,72.0299987792969,1,1.46,Low Risk
2065,9284,30860.779296875,9044.73046875,2560.68994140625,1,28.31,Low Risk
2066,5235.3798828125,38398.921875,5592.7998046875,1896.09997558594,1,33.9,Low Risk
2067,8886.599609375,39243.609375,4373.66015625,3449.2900390625,1,78.87,Medium Risk
2068,5832.93994140625,33031.30078125,3815.5,628.989990234375,1,16.49,Low Risk
2069,3830.25,32987,6368.83984375,2708.90991210938,1,42.53,Low Risk
2070,5436.06982421875,24230.5,1641.05004882813,4497.93017578125,1,274.09,Medium Risk
2071,1603.43994140625,21418.640625,8880.1298828125,4627.22021484375,1,52.11,Low Risk
2072,6780.06005859375,7730.3798828125,6583,4397.77001953125,-1,66.8,High Risk
2073,9823.1201171875,27232.330078125,3179.580078125,4009.4599609375,1,126.1,Medium Risk
2074,2549.63989257813,4480.4599609375,3569.44995117188,4690.10009765625,1,131.4,Medium Risk
2075,3299.65991210938,23941.66015625,9131.080078125,4844.259765625,1,53.05,Low Risk
2076,4120.31005859375,36814.140625,1296.43005371094,1422.13000488281,1,109.7,Medium Risk
2077,4886.47998046875,22700.2890625,3724.32006835938,2438.669921875,1,65.48,Low Risk
2078,7219.1201171875,25905.869140625,3644.05004882813,3548.03002929688,1,97.37,Medium Risk
2079,1453.06005859375,42268.08984375,7711.85986328125,2540.30004882813,1,32.94,Low Risk
2080,3094.40991210938,32682.529296875,2830.73999023438,4537.6201171875,1,160.3,Medium Risk
2081,5432.83984375,7252.22998046875,1591.86999511719,4872.9501953125,-1,306.11,High Risk
2082,5936.81982421875,27603.919921875,4502.52978515625,2480.7900390625,1,55.1,Low Risk
2083,5412.64013671875,18864.189453125,7469.02001953125,1653.71997070313,1,22.14,Low Risk
2084,4411.33984375,11134.7998046875,1535.23999023438,2035.33996582031,1,132.57,Medium Risk
2085,7143.60009765625,32750.470703125,2545.1298828125,3392.93994140625,1,133.31,Medium Risk
2086,2124.30004882813,19938.66015625,6690.5400390625,3631.23999023438,1,54.27,Low Risk
2087,2899,38598.0390625,7360.25,1890.31994628906,1,25.68,Low Risk
2088,4500.39013671875,29738.5390625,1019.51000976563,4231.89013671875,1,415.09,Medium Risk
2089,6985.47998046875,6108.56982421875,9428.2802734375,630.059997558594,1,6.68,Low Risk
2090,915.27001953125,18167.109375,4414.259765625,118.980003356934,1,2.7,Low Risk
2091,1245.14001464844,14222.2998046875,4254.56982421875,4898.7900390625,1,115.14,Medium Risk
2092,7845.83984375,8348.66015625,8545.91015625,4601.52978515625,1,53.84,Low Risk
2093,2683.44995117188,40210.76171875,1986.0400390625,1528.81005859375,1,76.98,Medium Risk
2094,9638.51953125,19547.91015625,3090.75,4779.990234375,1,154.65,Medium Risk
2095,9617.91015625,31049.6796875,8685.5703125,1564.5,-1,18.01,High Risk
2096,6890.85986328125,44218.58984375,6071.2900390625,2360.23999023438,1,38.88,Low Risk
2097,7197.0400390625,27607.3203125,6537.27001953125,2641.8701171875,1,40.41,Low Risk
2098,6544.89990234375,13645.9501953125,3749.77001953125,3193.3798828125,1,85.16,Medium Risk
2099,1855.57995605469,39743.55859375,5808.39990234375,2628.330078125,1,45.25,Low Risk
2100,5054.509765625,22351.990234375,8558.509765625,4557.16015625,1,53.25,Low Risk
2101,7950.85986328125,28627.990234375,9840.91015625,2799.4599609375,1,28.45,Low Risk
2102,7769.31005859375,45202.078125,4495.06005859375,150.679992675781,1,3.35,Low Risk
2103,8997.830078125,24974.48046875,2443.419921875,883.080017089844,1,36.14,Low Risk
2104,9017.900390625,17400.01953125,4252.72998046875,4790.830078125,1,112.65,Medium Risk
2105,2688.7099609375,36642.2890625,4119.83984375,222.729995727539,1,5.41,Low Risk
2106,7245.02978515625,7541.52001953125,4191.56982421875,3780.46997070313,1,90.19,Medium Risk
2107,6548.27001953125,45772.48828125,3289.80004882813,4883.10009765625,1,148.43,Medium Risk
2108,8869.7197265625,45861.76953125,5914.6298828125,150.190002441406,1,2.54,Low Risk
2109,1916.40002441406,29390.9609375,9722.01953125,4299.759765625,-1,44.23,High Risk
2110,7423.9501953125,8560.5,1477.2900390625,3521.23999023438,1,238.36,Medium Risk
2111,4290.990234375,23152.4609375,6151.83984375,163.720001220703,1,2.66,Low Risk
2112,4005.40991210938,21741.94921875,9602.2099609375,2994.580078125,1,31.19,Low Risk
2113,454.329986572266,15617.3701171875,4790.39013671875,4580.7001953125,1,95.62,Medium Risk
2114,9618.4599609375,9579.91015625,5908.5400390625,2226.11010742188,1,37.68,Low Risk
2115,6790.10986328125,13921.080078125,1978.63000488281,3717.3701171875,1,187.88,Medium Risk
2116,5947.9501953125,28220.900390625,6343.93994140625,1628.36999511719,1,25.67,Low Risk
2117,2586.5400390625,34599.62890625,4480.33984375,1969.03002929688,1,43.95,Low Risk
2118,6618.60986328125,49000.2109375,7544.169921875,3442.85009765625,1,45.64,Low Risk
2119,9461.4697265625,11572.16015625,5500.06982421875,152.970001220703,1,2.78,Low Risk
2120,1716.55004882813,10996.7998046875,1965.39001464844,3664.26000976563,1,186.44,Medium Risk
2121,9839.7099609375,6734.6298828125,2424.27001953125,1314.97998046875,1,54.24,Low Risk
2122,4331.5498046875,47010.6796875,8948.3095703125,4242.1298828125,1,47.41,Low Risk
2123,9784.4697265625,19710.609375,6386.6201171875,2795.92993164063,-1,43.78,High Risk
2124,6375.2900390625,46275.05859375,1631.31994628906,1441.81005859375,1,88.38,Medium Risk
2125,3308.65991210938,44582.33984375,3749.7900390625,3411.6298828125,1,90.98,Medium Risk
2126,3807,3154.81005859375,7813.06005859375,4572.580078125,1,58.52,Low Risk
2127,2976.48999023438,14708.7900390625,6216.759765625,2587.07006835938,1,41.61,Low Risk
2128,3414.2900390625,15823.6201171875,8907.41015625,4310.4501953125,1,48.39,Low Risk
2129,6500.7099609375,14590.009765625,3582.82006835938,4679.509765625,1,130.61,Medium Risk
2130,264.390014648438,21841.44921875,8855.26953125,1877.21997070313,1,21.2,Low Risk
2131,9679.5498046875,25466.080078125,4820.33984375,4146.77001953125,-1,86.03,High Risk
2132,7708.43017578125,38151.76953125,9735.5,3888.57006835938,1,39.94,Low Risk
2133,9415.990234375,14117.4404296875,8627.759765625,2781.96997070313,1,32.24,Low Risk
2134,7203.68017578125,15638.58984375,9295.419921875,275.399993896484,1,2.96,Low Risk
2135,4862.22998046875,30331.6796875,8522.48046875,4016.330078125,1,47.13,Low Risk
2136,1978.30004882813,9784.1796875,7697.080078125,263.410003662109,1,3.42,Low Risk
2137,5211.580078125,24186.44921875,8187.2099609375,4836.31982421875,1,59.07,Low Risk
2138,7145.7900390625,13298.26953125,6022.93994140625,2283.32006835938,1,37.91,Low Risk
2139,8556.41015625,10701.509765625,4523.5498046875,133.899993896484,1,2.96,Low Risk
2140,3308.89990234375,39987,4658.18994140625,1152.69995117188,1,24.75,Low Risk
2141,5153.759765625,35649.01953125,4856.89013671875,1147.68005371094,1,23.63,Low Risk
2142,6237.81005859375,13240.8203125,5544.25,4317.8798828125,1,77.88,Medium Risk
2143,5927.06982421875,21343.5,7099.14013671875,369.910003662109,1,5.21,Low Risk
2144,618.489990234375,8556.98046875,4295.27978515625,862.47998046875,1,20.08,Low Risk
2145,4885.60009765625,3605.25,7135.1298828125,1835.2099609375,-1,25.72,High Risk
2146,8109.41015625,29675.7890625,4027.31005859375,886.429992675781,1,22.01,Low Risk
2147,8042.81005859375,18814.630859375,6149.580078125,959.760009765625,1,15.61,Low Risk
2148,5120.7099609375,11155.3095703125,6931.0498046875,1065.17004394531,1,15.37,Low Risk
2149,9528.330078125,6615.7001953125,4527.39990234375,712.400024414063,1,15.74,Low Risk
2150,8279.6796875,34321.359375,5895.43017578125,3092.830078125,1,52.46,Low Risk
2151,7399.5400390625,14301.5400390625,1146.94995117188,354.140014648438,1,30.88,Low Risk
2152,5204.4501953125,45462.05859375,5284.0400390625,1783.15002441406,1,33.75,Low Risk
2153,5947.7001953125,10447.48046875,8391.75,3359.0400390625,1,40.03,Low Risk
2154,2310.03002929688,12944.98046875,3690.46997070313,1551.72998046875,1,42.05,Low Risk
2155,5370.830078125,42735,3391.81005859375,1718.89001464844,1,50.68,Low Risk
2156,5307.6201171875,29049.109375,7951.7099609375,3839.88989257813,1,48.29,Low Risk
2157,2107.35009765625,6310.5498046875,3886.51000976563,3927.8798828125,1,101.06,Medium Risk
2158,9516.3701171875,27923.55078125,4501.39013671875,3702.2099609375,1,82.25,Medium Risk
2159,2523.05004882813,16098.26953125,8391.669921875,1664.67004394531,1,19.84,Low Risk
2160,1131.80004882813,37110.140625,1578.56005859375,2652.98999023438,1,168.06,Medium Risk
2161,4723.39013671875,4811.72021484375,9413.41015625,4367.8798828125,1,46.4,Low Risk
2162,6892.1298828125,45976.390625,2777.42993164063,2134.57006835938,1,76.85,Medium Risk
2163,2032,24431.919921875,2944.81005859375,1364.43005371094,1,46.33,Low Risk
2164,1910.63000488281,36979.96875,7963.6298828125,143.910003662109,1,1.81,Low Risk
2165,2688.56005859375,35528.421875,2092.73999023438,2853.57006835938,1,136.36,Medium Risk
2166,3096.89990234375,9734.2900390625,2267.2099609375,1075.17004394531,1,47.42,Low Risk
2167,2537.3798828125,44124.5703125,1822.52001953125,3646.84008789063,1,200.1,Medium Risk
2168,4759.919921875,12402.3603515625,6444.81982421875,420.929992675781,1,6.53,Low Risk
2169,280.799987792969,10337.7998046875,8575.26953125,2069.38989257813,1,24.13,Low Risk
2170,966.419982910156,26511.44921875,2620.1201171875,1671.31994628906,1,63.79,Low Risk
2171,7320.7099609375,49242.7890625,4555.35009765625,1398.14001464844,1,30.69,Low Risk
2172,4182.169921875,16356.330078125,7120.759765625,4943.5400390625,1,69.42,Low Risk
2173,3667.13989257813,48258.109375,3746.48999023438,494.869995117188,1,13.21,Low Risk
2174,203.399993896484,22319.470703125,2748.96997070313,12.2600002288818,1,0.45,Low Risk
2175,3052.36010742188,41899.109375,9156.1298828125,74.4400024414063,1,0.81,Low Risk
2176,8229.75,26969.23046875,7323.68017578125,515.789978027344,1,7.04,Low Risk
2177,3469.63989257813,11057.7998046875,9327.4501953125,4242.509765625,1,45.48,Low Risk
2178,9640.5703125,44119.671875,8030.0400390625,815.900024414063,1,10.16,Low Risk
2179,3960.59008789063,4526.35009765625,4131.06982421875,2865.35009765625,1,69.36,Low Risk
2180,4694.8798828125,34454.96875,1229.10998535156,3181.7900390625,1,258.87,Medium Risk
2181,8038.89990234375,41707.16015625,5203.60986328125,3834.830078125,1,73.7,Medium Risk
2182,9831.9404296875,41769.25,4304.919921875,652.890014648438,1,15.17,Low Risk
2183,3778.81005859375,33109.66015625,5545.6201171875,643.940002441406,1,11.61,Low Risk
2184,1287.36999511719,13298.8701171875,1110.68005371094,1553,1,139.82,Medium Risk
2185,5278.27001953125,27051.669921875,5800.93017578125,515.47998046875,1,8.89,Low Risk
2186,5958.43017578125,31847.279296875,4717.240234375,1386.33996582031,1,29.39,Low Risk
2187,9598.6201171875,44595.01953125,7122.83984375,2971.75,1,41.72,Low Risk
2188,4197.830078125,8823.73046875,3422.23999023438,2143.72998046875,1,62.64,Low Risk
2189,999.02001953125,23781.05078125,8370.26953125,1484.93994140625,1,17.74,Low Risk
2190,6544.25,17323.66015625,9368.509765625,1679.86999511719,1,17.93,Low Risk
2191,309.010009765625,21957.91015625,2490.2099609375,1168.66003417969,1,46.93,Low Risk
2192,4311.64013671875,9969.419921875,6818.4501953125,2239.22998046875,1,32.84,Low Risk
2193,4155.5,11654.1103515625,6702.2001953125,2295.38989257813,1,34.25,Low Risk
2194,2622.7099609375,38722.6015625,4061.59008789063,4480.2099609375,1,110.31,Medium Risk
2195,9646.66015625,24440.439453125,2023.5400390625,3340.0400390625,1,165.06,Medium Risk
2196,4093.73999023438,26193.2109375,7018.5498046875,3152.88989257813,1,44.92,Low Risk
2197,8957.599609375,44976.4296875,5099.6298828125,1309.27001953125,1,25.67,Low Risk
2198,5199.58984375,12759,2721.21997070313,1705.08996582031,1,62.66,Low Risk
2199,8223.3095703125,17134.310546875,1515.23999023438,4361.77001953125,1,287.86,Medium Risk
2200,4568.81005859375,16122.2001953125,9514.4599609375,2830.52001953125,1,29.75,Low Risk
2201,9916.2197265625,33302.671875,4679.25,900.890014648438,1,19.25,Low Risk
2202,6436.2900390625,28560.08984375,7738.56982421875,3631.9599609375,1,46.93,Low Risk
2203,1643.88000488281,24105.689453125,2228.86010742188,321.149993896484,1,14.41,Low Risk
2204,163.669998168945,33731.23046875,6617.68994140625,4467.490234375,1,67.51,Low Risk
2205,9296.1103515625,24712.009765625,1225.30004882813,2730.6298828125,1,222.85,Medium Risk
2206,6899.330078125,40981.91015625,4801.18017578125,4902.3701171875,1,102.11,Medium Risk
2207,1152.28002929688,21101.91015625,3209.28002929688,1382.0400390625,1,43.06,Low Risk
2208,7460.52001953125,44639.76953125,4018.43994140625,551.969970703125,1,13.74,Low Risk
2209,2348.77001953125,6861.8701171875,6617.52001953125,2449.5,1,37.02,Low Risk
2210,8111.3798828125,5603.4599609375,4193.4599609375,2738.27001953125,1,65.3,Low Risk
2211,6138.22998046875,33129.37109375,3224.86010742188,3765.39990234375,-1,116.76,High Risk
2212,1324.22998046875,20095.58984375,7431.919921875,3004.90991210938,1,40.43,Low Risk
2213,802.400024414063,23330,5877.85009765625,2010.60998535156,1,34.21,Low Risk
2214,4714.56982421875,35104.91015625,6645.72021484375,931.109985351563,1,14.01,Low Risk
2215,9375.25,11512.4296875,4441.47998046875,4440.3701171875,1,99.98,Medium Risk
2216,5689.85986328125,3152.46997070313,3300.14990234375,1563.28002929688,1,47.37,Low Risk
2217,7615.18017578125,22505.5703125,3246.89990234375,1067.19995117188,1,32.87,Low Risk
2218,4747.7900390625,44841.5390625,9930.580078125,1321.23999023438,1,13.3,Low Risk
2219,3902.39990234375,23086.16015625,6994.009765625,2731.06005859375,1,39.05,Low Risk
2220,8239.849609375,29026.25,1899.56005859375,68.5100021362305,1,3.61,Low Risk
2221,4687.52978515625,11210.0400390625,6789.4599609375,3877.669921875,1,57.11,Low Risk
2222,1501.27001953125,23739.619140625,1929.19995117188,3961.02001953125,1,205.32,Medium Risk
2223,2817.75,24552.0703125,3696.26000976563,4378.419921875,1,118.46,Medium Risk
2224,5657.7001953125,12521.919921875,8609.5400390625,4085.28002929688,1,47.45,Low Risk
2225,4085.51000976563,9026.0400390625,9229.2197265625,440.679992675781,1,4.77,Low Risk
2226,3727.2900390625,18162.630859375,8740.169921875,2648.75,1,30.31,Low Risk
2227,6720.77001953125,2904.40991210938,5989.35009765625,839.929992675781,1,14.02,Low Risk
2228,6399.56982421875,9156.1396484375,5078.02001953125,521.650024414063,1,10.27,Low Risk
2229,3208.86010742188,36836.3203125,3211.32006835938,18.4400005340576,-1,0.57,High Risk
2230,3658.32006835938,32807.55859375,8183.22021484375,152.880004882813,1,1.87,Low Risk
2231,7545.4599609375,16326.259765625,6605.2099609375,1760.92004394531,1,26.66,Low Risk
2232,9220.75,28006.939453125,5765.5498046875,91.2900009155273,-1,1.58,High Risk
2233,3309.72998046875,41639.859375,3330.89990234375,2141.82006835938,1,64.3,Low Risk
2234,2989.59008789063,42118.08984375,3792.71997070313,662.900024414063,1,17.48,Low Risk
2235,2726.27001953125,33064.46875,3206.68994140625,4121.35986328125,1,128.52,Medium Risk
2236,1500.92004394531,7078.6201171875,6740.5,1910.30004882813,1,28.34,Low Risk
2237,3834.02001953125,8982.1103515625,6503.0400390625,3197.77001953125,1,49.17,Low Risk
2238,5208.4599609375,15291.990234375,2542.35009765625,2362.82006835938,1,92.94,Medium Risk
2239,5420.58984375,33865.01953125,3987.48999023438,2287.36010742188,1,57.36,Low Risk
2240,6941.2001953125,13642.1904296875,1153.16003417969,2369.30004882813,1,205.46,Medium Risk
2241,620.260009765625,23757.189453125,2599.46997070313,1396.5400390625,1,53.72,Low Risk
2242,5657.9501953125,41450.76171875,5757.66015625,618.450012207031,1,10.74,Low Risk
2243,2624.38989257813,44696.91015625,4397.72021484375,4421.22998046875,1,100.53,Medium Risk
2244,2467.32006835938,42088.71875,6285.2099609375,3770.71997070313,1,59.99,Low Risk
2245,7918.2900390625,6705.5,4790.580078125,1253.86999511719,1,26.17,Low Risk
2246,1619.42004394531,45626.94921875,1842.52001953125,83.3499984741211,1,4.52,Low Risk
2247,3358.09008789063,34522.80078125,6999.419921875,2643.8701171875,1,37.77,Low Risk
2248,6412.6201171875,31320.5390625,9503.2998046875,447.959991455078,1,4.71,Low Risk
2249,6464.4501953125,13129.7099609375,3460.86010742188,3555.31005859375,1,102.73,Medium Risk
2250,576.070007324219,46483.171875,2868.30004882813,1531.40002441406,1,53.39,Low Risk
2251,818.330017089844,1850.68994140625,8542.5498046875,2939.27001953125,1,34.41,Low Risk
2252,6588.10009765625,5027.10986328125,3438.96997070313,2198.10009765625,1,63.92,Low Risk
2253,9536.2001953125,8530.0498046875,4401.25,446.609985351563,1,10.15,Low Risk
2254,9985.1796875,35013.078125,2999.68994140625,4891.25,1,163.06,Medium Risk
2255,9872.3896484375,31520.009765625,6657.5400390625,6.23000001907349,1,0.09,Low Risk
2256,3580.63989257813,47289.2109375,5050.58984375,4664.5,1,92.36,Medium Risk
2257,2493.919921875,18100.099609375,4329.08984375,3491.15991210938,1,80.64,Medium Risk
2258,1076.63000488281,18033.220703125,3346.75,2740.830078125,1,81.9,Medium Risk
2259,3325.68994140625,33807.171875,9591.58984375,4142.06982421875,1,43.18,Low Risk
2260,2840.85009765625,9533.7001953125,1768.88000488281,142.970001220703,1,8.08,Low Risk
2261,5810.27978515625,23738.08984375,3469.42993164063,685.609985351563,1,19.76,Low Risk
2262,3750.97998046875,1756.22998046875,4112.669921875,2997.59008789063,1,72.89,Medium Risk
2263,2392.14990234375,30009.939453125,8358.830078125,2662.80004882813,1,31.86,Low Risk
2264,6164.18994140625,39415.53125,9565.580078125,2747.9599609375,1,28.73,Low Risk
2265,3298.3701171875,10983.9599609375,1069.40002441406,4268.5400390625,1,399.15,Medium Risk
2266,3601.0400390625,16051.3603515625,9638.8095703125,3330.92993164063,1,34.56,Low Risk
2267,6024.56005859375,7460.1298828125,9658,1769.33996582031,1,18.32,Low Risk
2268,1270.35998535156,31168.05078125,9202.1201171875,3037.3798828125,1,33.01,Low Risk
2269,7765.06982421875,28637.009765625,9276.91015625,3482.60009765625,1,37.54,Low Risk
2270,9657.7998046875,41493.41015625,8223.41015625,965.940002441406,1,11.75,Low Risk
2271,4959.18017578125,48546.83984375,3701.44995117188,132.300003051758,1,3.57,Low Risk
2272,5642.60009765625,49198.5390625,8211.9599609375,2519.02001953125,1,30.68,Low Risk
2273,3907.96997070313,6251.22021484375,5401.83984375,3375.18994140625,1,62.48,Low Risk
2274,9571.509765625,28103.689453125,5864.6201171875,4343.52001953125,1,74.06,Medium Risk
2275,1416.15002441406,39693.078125,1206.38000488281,2910.3701171875,1,241.25,Medium Risk
2276,8153.8701171875,33290.171875,5276.39990234375,2935.76000976563,1,55.64,Low Risk
2277,6539.22021484375,44952.3515625,3437.86010742188,2532.47998046875,1,73.66,Medium Risk
2278,7935.81005859375,22644.240234375,4036.71997070313,4623.22021484375,1,114.53,Medium Risk
2279,9509.5498046875,21927.759765625,5279.10986328125,4296.2900390625,1,81.38,Medium Risk
2280,5011.91015625,2279.51000976563,7191.10009765625,2540.69995117188,1,35.33,Low Risk
2281,2954.46997070313,1766.83996582031,1682.65002441406,3383.57006835938,1,201.09,Medium Risk
2282,7817.169921875,34939.6484375,6440.7099609375,3261.84008789063,-1,50.64,High Risk
2283,8461.25,24101.83984375,3703.34008789063,1239.23999023438,1,33.46,Low Risk
2284,6893.93017578125,33351.30859375,8444.1796875,1187.36999511719,1,14.06,Low Risk
2285,8505.1201171875,12672.8896484375,9046.5,4995.39990234375,1,55.22,Low Risk
2286,7330.240234375,43291.51953125,1896.78002929688,4113.4599609375,1,216.87,Medium Risk
2287,9578.98046875,45240.359375,8872.8095703125,3730.97998046875,1,42.05,Low Risk
2288,5749.740234375,33452.5390625,5870.740234375,4623.1298828125,1,78.75,Medium Risk
2289,3866.68994140625,14612.26953125,2474.64990234375,3645.13989257813,-1,147.3,High Risk
2290,6837.14990234375,11591.6396484375,1085.22998046875,4017.28002929688,-1,370.18,High Risk
2291,784.22998046875,31649.490234375,6440.7001953125,1441.25,1,22.38,Low Risk
2292,5034.06982421875,47098.12109375,5788.509765625,2539.46997070313,1,43.87,Low Risk
2293,7756.669921875,29327.509765625,7441.0400390625,2136.84008789063,1,28.72,Low Risk
2294,1772.73999023438,42125.94140625,5561.02978515625,1629.7099609375,1,29.31,Low Risk
2295,4064.03002929688,28704.869140625,1200.18994140625,3709.3798828125,1,309.07,Medium Risk
2296,3567.84008789063,34055.4609375,4893.759765625,2288.94995117188,1,46.77,Low Risk
2297,3416.18994140625,28821.060546875,8570.08984375,4575.75,1,53.39,Low Risk
2298,6541.2001953125,29192.8203125,4443.56005859375,1997.56994628906,-1,44.95,High Risk
2299,5025.2099609375,37223.25,3359.830078125,2192.34008789063,1,65.25,Low Risk
2300,7993.419921875,20415.98046875,3620.3798828125,4452.2900390625,1,122.98,Medium Risk
2301,672.710021972656,45295.890625,1947.58996582031,147.789993286133,1,7.59,Low Risk
2302,4593.7001953125,43311.1484375,4452.7900390625,2586.48999023438,1,58.09,Low Risk
2303,238.589996337891,36540.3984375,8007.5498046875,1245.61999511719,-1,15.56,High Risk
2304,2286.51000976563,37427.87890625,1540.97998046875,2146.64990234375,1,139.3,Medium Risk
2305,7776.22021484375,21248.80078125,9250.5498046875,3341.73999023438,1,36.12,Low Risk
2306,1149.90002441406,41793.80078125,5058.27978515625,3097.76000976563,1,61.24,Low Risk
2307,1145.22998046875,46697.87109375,6913.83984375,1703.81005859375,1,24.64,Low Risk
2308,4074.23999023438,39962.28125,4358.9599609375,1591.68005371094,1,36.52,Low Risk
2309,7791.72021484375,7518.1201171875,3400.82006835938,1833.09997558594,1,53.9,Low Risk
2310,6416.43017578125,39544.46875,1849.46997070313,3696.48999023438,1,199.87,Medium Risk
2311,7839.3798828125,23764,5243.8798828125,2232.27001953125,1,42.57,Low Risk
2312,590.530029296875,30826.279296875,4769.89013671875,728.760009765625,1,15.28,Low Risk
2313,5680.8798828125,49566.83984375,6150.89013671875,4589.8701171875,1,74.62,Medium Risk
2314,4587.60009765625,18608.390625,4616.8701171875,1713.94995117188,1,37.12,Low Risk
2315,8970.6103515625,18077.890625,5029.22021484375,2283.8798828125,1,45.41,Low Risk
2316,7399.66015625,13893.51953125,8093.8701171875,2539.48999023438,1,31.38,Low Risk
2317,4300.97998046875,7229.02978515625,2141.94995117188,3578.48999023438,1,167.07,Medium Risk
2318,5583.10986328125,9240.509765625,4669.6298828125,1427.51000976563,1,30.57,Low Risk
2319,4305.85009765625,26199.1796875,2256.080078125,3854.89990234375,1,170.87,Medium Risk
2320,4467.35009765625,45580.19140625,9435.830078125,14.5200004577637,1,0.15,Low Risk
2321,6377.419921875,40685.05859375,8460.01953125,3705.85009765625,1,43.8,Low Risk
2322,2243.68994140625,9942.1103515625,8622.75,839.530029296875,1,9.74,Low Risk
2323,3398.52001953125,28522.8203125,2234.0400390625,927.590026855469,1,41.52,Low Risk
2324,2863.669921875,42499.30859375,8877.9697265625,2707.53002929688,1,30.5,Low Risk
2325,8027.93994140625,27435.16015625,2288.72998046875,1537.18005371094,1,67.16,Low Risk
2326,9425.240234375,45660.171875,5193.83984375,694.409973144531,1,13.37,Low Risk
2327,4201.580078125,45486.359375,1900.5,908.090026855469,1,47.78,Low Risk
2328,863.299987792969,18063.9609375,9371.0400390625,4542.93994140625,-1,48.48,High Risk
2329,1026.15002441406,43822.55078125,9853.830078125,3538.32006835938,-1,35.91,High Risk
2330,4055.92993164063,29670.669921875,4809.4501953125,774.190002441406,1,16.1,Low Risk
2331,4010.35009765625,24512.470703125,9543.849609375,4026.53002929688,1,42.19,Low Risk
2332,1546.94995117188,38939,1835.52001953125,4784.919921875,1,260.68,Medium Risk
2333,8090.52001953125,39691.21875,9195.8798828125,511.179992675781,1,5.56,Low Risk
2334,5051.330078125,34095.69921875,4099.27978515625,3549.61010742188,1,86.59,Medium Risk
2335,1179.68994140625,40733.7890625,7009.68994140625,1348.28002929688,1,19.23,Low Risk
2336,1077.32995605469,47619.76953125,4219.85986328125,2684.65991210938,1,63.62,Low Risk
2337,4515.0498046875,43781.2890625,6390.240234375,1145.0400390625,1,17.92,Low Risk
2338,1256.68005371094,4638.41015625,3063.31005859375,713.369995117188,1,23.29,Low Risk
2339,5655.83984375,42651.421875,6625.259765625,2757.18994140625,1,41.62,Low Risk
2340,3911.64990234375,39294.859375,5581.52978515625,4157.9599609375,1,74.49,Medium Risk
2341,9204.7802734375,46410.328125,4260.7001953125,4828.330078125,1,113.32,Medium Risk
2342,4247.2099609375,37238.87890625,4952.72021484375,4045.98999023438,1,81.69,Medium Risk
2343,6182.85986328125,44014.8203125,5493.56005859375,1301.26000976563,-1,23.69,High Risk
2344,8132.41015625,1500.71997070313,4743.81982421875,3187.71997070313,1,67.2,Low Risk
2345,3098.46997070313,48912.4609375,1627.94995117188,683.760009765625,1,42,Low Risk
2346,5167.7001953125,10354.41015625,8087.080078125,2063.11010742188,1,25.51,Low Risk
2347,1297.31005859375,43347.25,6978.85009765625,743.900024414063,1,10.66,Low Risk
2348,4384.419921875,46550.921875,7130.330078125,3856.46997070313,1,54.09,Low Risk
2349,3820.6298828125,1108.94995117188,1463.26000976563,748.349975585938,1,51.14,Low Risk
2350,4339.06982421875,45770.23046875,7955.31982421875,3709.35009765625,1,46.63,Low Risk
2351,1163.35998535156,41631.37890625,7983.330078125,508.420013427734,1,6.37,Low Risk
2352,4044.169921875,46198.21875,8151.52978515625,2721.19995117188,1,33.38,Low Risk
2353,8715.6396484375,9667.23046875,6531.81982421875,1034.26000976563,1,15.83,Low Risk
2354,9376.849609375,39094.609375,5630.35986328125,745.369995117188,1,13.24,Low Risk
2355,2493.10009765625,24886.810546875,8854.51953125,2188.2900390625,1,24.71,Low Risk
2356,3074.9599609375,13626.759765625,6242.08984375,4818.080078125,1,77.19,Medium Risk
2357,194.610000610352,38052.3984375,1835.34997558594,435.779998779297,1,23.74,Low Risk
2358,1244.25,24189.41015625,4136.35986328125,2220.06005859375,-1,53.67,High Risk
2359,3516.67993164063,45094.3515625,7418.419921875,462.970001220703,1,6.24,Low Risk
2360,6882.580078125,35825.83984375,4699.7099609375,1218.2099609375,-1,25.92,High Risk
2361,2992.82006835938,7818.1201171875,8202.400390625,1360.71997070313,1,16.59,Low Risk
2362,846.429992675781,13287.41015625,5205.25,2534.72998046875,1,48.7,Low Risk
2363,7335.58984375,13962.1396484375,4467.6298828125,3911.46997070313,1,87.55,Medium Risk
2364,4720.97998046875,17858.44921875,4144.2099609375,1672.75,1,40.36,Low Risk
2365,5240.0498046875,33656.0703125,3834.61010742188,3901.1298828125,1,101.73,Medium Risk
2366,3327.64990234375,44822.30078125,5314.009765625,80.8600006103516,1,1.52,Low Risk
2367,6169.14013671875,30091.310546875,6393.02978515625,277.75,1,4.34,Low Risk
2368,8918.7197265625,37838.28125,9323.16015625,847.409973144531,1,9.09,Low Risk
2369,5582.2099609375,16519.91015625,7585.990234375,2238.90991210938,1,29.51,Low Risk
2370,5916.41015625,26600.779296875,2903.0400390625,1839.18005371094,1,63.35,Low Risk
2371,3798.27001953125,25702.189453125,5084.7998046875,3619.09008789063,1,71.17,Medium Risk
2372,918.039978027344,35351.9296875,3759.36010742188,4964.14013671875,1,132.05,Medium Risk
2373,4342.56005859375,26379.990234375,3185.52001953125,3990.7099609375,1,125.28,Medium Risk
2374,9253.9296875,17378.4296875,6924.25,4088.07006835938,1,59.04,Low Risk
2375,6834.1298828125,12951.4599609375,2014.11999511719,4938.9599609375,1,245.22,Medium Risk
2376,4953.18017578125,13480.58984375,1233.84997558594,2313.76000976563,1,187.52,Medium Risk
2377,6246.740234375,49063.33984375,4722.14990234375,4832.7998046875,1,102.34,Medium Risk
2378,5629.509765625,18516.349609375,2236.3701171875,2920.39990234375,1,130.59,Medium Risk
2379,9132.7900390625,40523.6015625,5598.18994140625,3383.80004882813,1,60.44,Low Risk
2380,2316.09008789063,4496.9501953125,5950.4599609375,148.440002441406,1,2.49,Low Risk
2381,8897.990234375,5393.009765625,2491.8701171875,2341.39990234375,1,93.96,Medium Risk
2382,6915.85986328125,34621.41015625,7270.0498046875,4874.419921875,1,67.05,Low Risk
2383,1364.68994140625,23403.25,2026.08996582031,4659.8701171875,1,229.99,Medium Risk
2384,3781.86010742188,44144.171875,6557.08984375,1933.15002441406,1,29.48,Low Risk
2385,4419.35986328125,43248.7890625,6808.56982421875,2857.22998046875,1,41.97,Low Risk
2386,921.039978027344,38027.19921875,8284.6796875,4242.93017578125,1,51.21,Low Risk
2387,5586.56982421875,40950.48828125,8981.740234375,1569.83996582031,1,17.48,Low Risk
2388,2667.69995117188,43654.69921875,7032.10986328125,1088.77001953125,1,15.48,Low Risk
2389,4635.4599609375,39395.19921875,6586.66015625,740.900024414063,1,11.25,Low Risk
2390,4443.7998046875,26817.720703125,7095.97998046875,632.659973144531,1,8.92,Low Risk
2391,5264.56982421875,13972.580078125,5746.7099609375,4458.33984375,1,77.58,Medium Risk
2392,8477.4501953125,39581.73046875,6551.97998046875,2897.65991210938,1,44.23,Low Risk
2393,7829.5400390625,16567.7109375,9153.669921875,2680.56005859375,1,29.28,Low Risk
2394,8742.7099609375,12996.080078125,7249.2001953125,864.260009765625,1,11.92,Low Risk
2395,5766.240234375,9411.7099609375,3710.80004882813,1985.63000488281,1,53.51,Low Risk
2396,6196.47021484375,31732.240234375,7434.93994140625,4952.27001953125,1,66.61,Low Risk
2397,4361.81982421875,12881.4697265625,1815.43005371094,2411.19995117188,1,132.82,Medium Risk
2398,7200.47021484375,19366.55078125,5077.68994140625,271.100006103516,-1,5.34,High Risk
2399,2128.4599609375,35744.08984375,4537.43017578125,1990.65002441406,1,43.87,Low Risk
2400,4804.31982421875,39897.62890625,4009.169921875,270.519989013672,1,6.75,Low Risk
2401,7170.31005859375,16423.470703125,6609.669921875,3255.69995117188,1,49.26,Low Risk
2402,7801,42297.19921875,2522.28002929688,2096.669921875,1,83.13,Medium Risk
2403,2554.69995117188,3839.8798828125,9477.919921875,760.919982910156,1,8.03,Low Risk
2404,1897.32995605469,49307.76953125,3317.38989257813,4235.35009765625,1,127.67,Medium Risk
2405,2956.48999023438,21426.94921875,7242.35009765625,2948.78002929688,1,40.72,Low Risk
2406,9209.5400390625,16919.380859375,4939.18017578125,2425.97998046875,1,49.12,Low Risk
2407,1378.2900390625,46260.109375,2841.67993164063,3960.10009765625,1,139.36,Medium Risk
2408,9535.6396484375,7487.06005859375,4814.9501953125,2869.98999023438,-1,59.61,High Risk
2409,9948.6396484375,18532.140625,4261.77001953125,326.290008544922,1,7.66,Low Risk
2410,7856.10009765625,18586.150390625,8022.85986328125,1289.39001464844,1,16.07,Low Risk
2411,7628.18017578125,21793.720703125,6927.2998046875,2867.65991210938,1,41.4,Low Risk
2412,9537.5400390625,42568.609375,8498.41015625,527.52001953125,1,6.21,Low Risk
2413,2976.30004882813,42619.69140625,1374.5400390625,1250.31005859375,1,90.96,Medium Risk
2414,1376.92004394531,29990.23046875,8494.9296875,3032.18994140625,1,35.69,Low Risk
2415,8248.6904296875,49596.1796875,4705.39990234375,4627.990234375,1,98.35,Medium Risk
2416,1792.2099609375,42363.87890625,3326.85009765625,3661.39990234375,1,110.06,Medium Risk
2417,549.559997558594,34372.390625,2835.19995117188,2537.830078125,1,89.51,Medium Risk
2418,2044.96997070313,10773.4599609375,4119.75,1059.56005859375,1,25.72,Low Risk
2419,4435.27978515625,27936.810546875,4115.97998046875,962.969970703125,1,23.4,Low Risk
2420,5001.509765625,11481.4296875,2282.76000976563,3880.6298828125,1,170,Medium Risk
2421,718.77001953125,15781.16015625,6394.8798828125,4632.66015625,1,72.44,Medium Risk
2422,4489.60009765625,34607.328125,1743.58996582031,602.469970703125,1,34.55,Low Risk
2423,6082.64990234375,10036.5703125,5501.52978515625,3376.46997070313,1,61.37,Low Risk
2424,9324.8798828125,5451.2099609375,4524.97021484375,3639.32006835938,1,80.43,Medium Risk
2425,2350.4599609375,27045.73046875,8336.759765625,2551.330078125,1,30.6,Low Risk
2426,2188.61010742188,1046.61999511719,2982.169921875,1655.83996582031,1,55.52,Low Risk
2427,3955.31005859375,30836.849609375,6040.56982421875,3541.93994140625,1,58.64,Low Risk
2428,9838.1796875,45165.73828125,2063.26000976563,2286.92993164063,1,110.84,Medium Risk
2429,3428.6298828125,10321.8896484375,7452.14990234375,2292.35009765625,1,30.76,Low Risk
2430,534.289978027344,19755.689453125,3924.65991210938,508.880004882813,1,12.97,Low Risk
2431,2729.59008789063,45901.9609375,9631.4296875,3148.84008789063,1,32.69,Low Risk
2432,5627.18994140625,35489.69140625,9162.330078125,455.820007324219,1,4.97,Low Risk
2433,4184.18017578125,7630.3701171875,5307.93994140625,1395.60998535156,1,26.29,Low Risk
2434,7764.81005859375,19717.73046875,8103.77001953125,900.409973144531,1,11.11,Low Risk
2435,6111.990234375,38043.76171875,1668.01000976563,4725.6201171875,1,283.31,Medium Risk
2436,5638.6298828125,33574.109375,8040.85009765625,401.100006103516,1,4.99,Low Risk
2437,3297.63989257813,8627.26953125,5028.43017578125,2312.48999023438,1,45.99,Low Risk
2438,5563.27978515625,4061.6201171875,1851.64001464844,3064.61010742188,1,165.51,Medium Risk
2439,6194.35009765625,34401.578125,3505.10009765625,2330.2099609375,-1,66.48,High Risk
2440,1874.13000488281,30842.119140625,3694.21997070313,3309.13989257813,1,89.58,Medium Risk
2441,7385.08984375,3907.7900390625,7450.52978515625,157.649993896484,-1,2.12,High Risk
2442,3990.0400390625,48765.78125,8078.669921875,4636.7998046875,1,57.4,Low Risk
2443,7448.52978515625,13369.490234375,5799.9501953125,1773.83996582031,1,30.58,Low Risk
2444,1859.32995605469,19915.150390625,3976.86010742188,2164.21997070313,1,54.42,Low Risk
2445,6599.56005859375,9702.2802734375,4667.0498046875,2689.15991210938,1,57.62,Low Risk
2446,366.140014648438,41597.58984375,6624.60986328125,3221.55004882813,1,48.63,Low Risk
2447,1673.76000976563,48165.83984375,6683.47021484375,627.809997558594,1,9.39,Low Risk
2448,8922.099609375,11451.98046875,2629.84008789063,1835.06005859375,1,69.78,Low Risk
2449,4668.56982421875,14875.2900390625,5505.22021484375,2980.78002929688,1,54.14,Low Risk
2450,5127.83984375,35619.28125,6106.2099609375,2639.59008789063,1,43.23,Low Risk
2451,9085.01953125,26866.5703125,7746.1201171875,258.25,1,3.33,Low Risk
2452,4900.83984375,6148.31005859375,5204.06005859375,3750.36010742188,1,72.07,Medium Risk
2453,6580.43017578125,46502.3515625,9429.7998046875,1934.89001464844,1,20.52,Low Risk
2454,2297.36010742188,30946.400390625,6990.4599609375,97.25,1,1.39,Low Risk
2455,907.570007324219,15761.6201171875,7499.27978515625,3983.13989257813,1,53.11,Low Risk
2456,3598.17993164063,25000.349609375,6277.740234375,28.7800006866455,1,0.46,Low Risk
2457,8006.93017578125,25512.099609375,8609.0498046875,1010.69000244141,1,11.74,Low Risk
2458,4523.68994140625,26745.470703125,4236.2099609375,3622.69995117188,1,85.52,Medium Risk
2459,1764.68994140625,25367.98046875,1288.31994628906,2965.52001953125,1,230.19,Medium Risk
2460,5496.47021484375,28527.869140625,2030.72998046875,2790.13989257813,1,137.4,Medium Risk
2461,2712.02001953125,20274.279296875,4855.39990234375,2533.80004882813,1,52.19,Low Risk
2462,9472.009765625,8161.97021484375,4531.22021484375,4790.77001953125,1,105.73,Medium Risk
2463,5816.39013671875,33564.5703125,5023.6201171875,298.149993896484,1,5.93,Low Risk
2464,9831.330078125,39831.83984375,5850.47021484375,2311.02001953125,1,39.5,Low Risk
2465,526.419982910156,42209.890625,4670.58984375,4843.5400390625,1,103.7,Medium Risk
2466,214.440002441406,2075.64990234375,1416.21997070313,1312.34997558594,1,92.67,Medium Risk
2467,4823.25,20826.640625,8197.4501953125,164.5,1,2.01,Low Risk
2468,8633.7900390625,48943.46875,9412.48046875,2377.28002929688,1,25.26,Low Risk
2469,5291.6298828125,4065.59008789063,6211.25,3854.82006835938,1,62.06,Low Risk
2470,8774.25,39492.1484375,5211.72998046875,1005.47998046875,1,19.29,Low Risk
2471,1392.59997558594,7179.52978515625,2026.23999023438,1241.39001464844,1,61.27,Low Risk
2472,7023.33984375,41407.3203125,9308.900390625,805.820007324219,1,8.66,Low Risk
2473,6632.7900390625,33938.83984375,4254.990234375,1796.18994140625,1,42.21,Low Risk
2474,5495.14013671875,36526.62109375,7978.6298828125,4423.240234375,1,55.44,Low Risk
2475,4110.5400390625,48888.73828125,2740.38989257813,1015.28002929688,1,37.05,Low Risk
2476,6505.97998046875,47034.7109375,9180.7001953125,1312.28002929688,1,14.29,Low Risk
2477,5545.91015625,15914.2001953125,7408.0498046875,4424.02001953125,1,59.72,Low Risk
2478,2798.98999023438,19385.609375,3820.31005859375,4644.47021484375,1,121.57,Medium Risk
2479,1135.68994140625,20951.900390625,7826.43017578125,267.179992675781,1,3.41,Low Risk
2480,3927.82006835938,9848.169921875,3738.56005859375,2703.96997070313,-1,72.33,High Risk
2481,5173.1201171875,19675.609375,2932.61010742188,1482.33996582031,1,50.55,Low Risk
2482,5134.2998046875,48972.21875,8269.1904296875,844.52001953125,1,10.21,Low Risk
2483,4313.27001953125,24988.58984375,9369.509765625,2590.77001953125,1,27.65,Low Risk
2484,3340.82006835938,47677.44140625,1466.88000488281,3894.7099609375,1,265.51,Medium Risk
2485,3569.88989257813,4501.43994140625,1783.31005859375,858.02001953125,-1,48.11,High Risk
2486,2731.8701171875,2924.98999023438,8975.98046875,1614.88000488281,1,17.99,Low Risk
2487,5841.08984375,29191.1796875,9525.1796875,2844.22998046875,1,29.86,Low Risk
2488,8513.8896484375,37076.44140625,7356.47998046875,4460.66015625,1,60.64,Low Risk
2489,8808.9296875,11655.490234375,4874.81005859375,4454.08984375,1,91.37,Medium Risk
2490,9937.8798828125,25664.5703125,5656.10009765625,3297.25,1,58.3,Low Risk
2491,979.299987792969,43774.078125,4338.919921875,3681.48999023438,1,84.85,Medium Risk
2492,2221.15991210938,38324.5,9494.6298828125,546.340026855469,1,5.75,Low Risk
2493,7329.0498046875,12358.8798828125,7133.4599609375,3387.64990234375,1,47.49,Low Risk
2494,6487.8798828125,17389.099609375,9532.009765625,1676.4599609375,1,17.59,Low Risk
2495,1425.27001953125,15983.76953125,9135.98046875,3566.97998046875,-1,39.04,High Risk
2496,6347.080078125,36255.83984375,7168.52978515625,640.080017089844,1,8.93,Low Risk
2497,4123.97021484375,48440.87890625,3105.57006835938,2915.830078125,1,93.89,Medium Risk
2498,9572.91015625,14723.83984375,5043.759765625,1795.40002441406,1,35.6,Low Risk
2499,8566.900390625,29826.73046875,7064.93017578125,2138.18994140625,1,30.26,Low Risk
2500,825.099975585938,49439.37109375,5220.419921875,543.530029296875,1,10.41,Low Risk
2501,990.900024414063,8721.3896484375,4982.68017578125,3449.60009765625,1,69.23,Low Risk
2502,4228.85986328125,33295.03125,4807.7099609375,3727.2099609375,1,77.53,Medium Risk
2503,182.869995117188,17267.419921875,2608.23999023438,671.840026855469,-1,25.76,High Risk
2504,1034.43005371094,49591.76171875,4469.35009765625,2518.14990234375,1,56.34,Low Risk
2505,9332.7001953125,6329.7998046875,9890.4599609375,3935.2900390625,1,39.79,Low Risk
2506,7945.080078125,23111.5703125,3308.580078125,1116.26000976563,-1,33.74,High Risk
2507,6759.81982421875,13493.6904296875,3794.44995117188,459.369995117188,1,12.11,Low Risk
2508,8319.349609375,2552.42993164063,9670.0595703125,4557.2001953125,1,47.13,Low Risk
2509,2575.5400390625,48216.26171875,5608.5400390625,3815.31005859375,1,68.03,Low Risk
2510,7283.10986328125,28840.419921875,7945.740234375,1519.57995605469,1,19.12,Low Risk
2511,6194.10986328125,35338.5703125,3216.80004882813,3666.44995117188,1,113.98,Medium Risk
2512,8501.6103515625,31393.470703125,4624,144.139999389648,-1,3.12,High Risk
2513,2898.61010742188,8275.2099609375,6600.58984375,4039.57006835938,1,61.2,Low Risk
2514,7660.7900390625,9357.4599609375,3254.7099609375,1944.36999511719,1,59.74,Low Risk
2515,8541.25,31695.830078125,4462.97021484375,1324.08996582031,1,29.67,Low Risk
2516,5535.169921875,39210.671875,5283.7900390625,1051.44995117188,1,19.9,Low Risk
2517,4196.47021484375,30942.439453125,8573.2802734375,2063.71997070313,-1,24.07,High Risk
2518,9491.66015625,28948.3203125,7234.06005859375,3261.06005859375,1,45.08,Low Risk
2519,1772.80004882813,37552.1484375,9247.4404296875,3971.9599609375,1,42.95,Low Risk
2520,459.100006103516,12936.8095703125,9702.5595703125,96.5100021362305,1,0.99,Low Risk
2521,1873.48999023438,36850.66015625,5255.14013671875,4703.080078125,1,89.49,Medium Risk
2522,6866.18994140625,21149.80078125,4780.14990234375,4185.33984375,1,87.56,Medium Risk
2523,7910.56005859375,34028.44921875,6044.8701171875,4796.64013671875,1,79.35,Medium Risk
2524,7196.58984375,14461.1201171875,9080.8095703125,1285.18005371094,1,14.15,Low Risk
2525,4256.68017578125,7735.77978515625,1177.76000976563,799.669982910156,1,67.9,Low Risk
2526,9678.98046875,2428.7900390625,3087.78002929688,4373.85986328125,1,141.65,Medium Risk
2527,4498.58984375,40370.23828125,8538.41015625,92.6800003051758,1,1.09,Low Risk
2528,9814.919921875,10651.490234375,5698.52978515625,2077.59008789063,1,36.46,Low Risk
2529,9189.349609375,18809.75,8499.6904296875,2148.77001953125,1,25.28,Low Risk
2530,4130.72998046875,38673.890625,6864.18994140625,1130.93005371094,1,16.48,Low Risk
2531,1693.98999023438,23058.91015625,8317.2998046875,1158.52001953125,1,13.93,Low Risk
2532,989.390014648438,11659.900390625,4765.60009765625,3336.1201171875,1,70,Medium Risk
2533,5361.60009765625,10543.3603515625,1089.73999023438,1597.02001953125,1,146.55,Medium Risk
2534,7655.759765625,20988.830078125,7065.93017578125,518.049987792969,1,7.33,Low Risk
2535,1842.86999511719,28693.640625,5473.35009765625,1689.55004882813,1,30.87,Low Risk
2536,3250.2900390625,20225.23046875,9850.2001953125,2501.19995117188,1,25.39,Low Risk
2537,6342.259765625,45323.91015625,2082.17993164063,205.169998168945,1,9.85,Low Risk
2538,4662.60009765625,1187.86999511719,6575.759765625,4953.72998046875,1,75.33,Medium Risk
2539,6078.2900390625,20698.5703125,3711.05004882813,3539.11010742188,1,95.37,Medium Risk
2540,6796.0400390625,37398.91015625,5521.18017578125,566.789978027344,1,10.27,Low Risk
2541,3868.8798828125,44653.66015625,1660.06005859375,216.410003662109,1,13.04,Low Risk
2542,7881.06982421875,18561.689453125,8749.0302734375,4955.830078125,1,56.64,Low Risk
2543,7058.35986328125,34005.87109375,9023.33984375,3129.40991210938,1,34.68,Low Risk
2544,6906.77978515625,29437.08984375,5424.52001953125,2999.43994140625,1,55.29,Low Risk
2545,1579.89001464844,10875.08984375,1751.75,1109.30004882813,1,63.33,Low Risk
2546,4794.93017578125,34366.26953125,6230.2900390625,4373.60986328125,1,70.2,Medium Risk
2547,5814.009765625,13228.669921875,3580.1201171875,350.799987792969,1,9.8,Low Risk
2548,2341.21997070313,39411.48046875,1224.7900390625,3830.19995117188,1,312.72,Medium Risk
2549,7609.81005859375,43429.16015625,8467.330078125,667.070007324219,1,7.88,Low Risk
2550,1298.69995117188,24442.689453125,2161.36010742188,4014.60009765625,1,185.74,Medium Risk
2551,1583.58996582031,3652.10009765625,9326.25,1072.97998046875,1,11.5,Low Risk
2552,4191.85986328125,37130.28125,6967.919921875,4873.39990234375,1,69.94,Low Risk
2553,1439.91003417969,23893.5390625,2287.60009765625,1015.09002685547,1,44.37,Low Risk
2554,215.279998779297,5631.43994140625,3396.31005859375,3003.55004882813,1,88.44,Medium Risk
2555,4172.8798828125,17225.7109375,9789.580078125,4339.08984375,1,44.32,Low Risk
2556,6520.669921875,15241.419921875,6836.93017578125,2165.44995117188,1,31.67,Low Risk
2557,5001.8701171875,36591.609375,5338.6201171875,2358.11010742188,1,44.17,Low Risk
2558,616.580017089844,21779.26953125,9586.6298828125,4732.72998046875,1,49.37,Low Risk
2559,2401.40991210938,29765.33984375,1273.81994628906,361.200012207031,1,28.36,Low Risk
2560,5291.0498046875,25553.830078125,4451.419921875,2561.03002929688,1,57.53,Low Risk
2561,7407.1201171875,36488.58984375,8364.2001953125,2004.05004882813,1,23.96,Low Risk
2562,7959.77978515625,36184.48828125,9596.16015625,2479.38989257813,1,25.84,Low Risk
2563,5241.75,22990.69921875,8056.8798828125,1470.63000488281,1,18.25,Low Risk
2564,6496.66015625,7616.6298828125,6735.4599609375,357.899993896484,1,5.31,Low Risk
2565,9043.830078125,20985.939453125,2157.35009765625,1251.84997558594,1,58.03,Low Risk
2566,745.469970703125,8846.6298828125,5831.27978515625,105.930000305176,1,1.82,Low Risk
2567,1081.81005859375,47998.73828125,6171.919921875,616.690002441406,1,9.99,Low Risk
2568,4632.81005859375,47557.05859375,8454.509765625,1222.97998046875,1,14.47,Low Risk
2569,6136.3701171875,23377.599609375,7021.56005859375,1477.15002441406,1,21.04,Low Risk
2570,145.880004882813,2353.77001953125,8609.16015625,1880.10998535156,1,21.84,Low Risk
2571,4580.22998046875,19357.5390625,6226.1298828125,4498.27978515625,1,72.25,Medium Risk
2572,1810.32995605469,44859.609375,2219.60009765625,2827.57006835938,1,127.39,Medium Risk
2573,6486.5400390625,15113.0400390625,7743.31982421875,4471.68017578125,1,57.75,Low Risk
2574,2750.580078125,31477.009765625,6725.56982421875,319.519989013672,1,4.75,Low Risk
2575,9029.1904296875,10012.919921875,4133.52001953125,1663.69995117188,1,40.25,Low Risk
2576,732.090026855469,41433.05078125,8376.16015625,1930.94995117188,1,23.05,Low Risk
2577,8111.14013671875,44702.96875,8948.9697265625,300.619995117188,1,3.36,Low Risk
2578,3984.0400390625,31140.869140625,7605.080078125,4614.39013671875,1,60.68,Low Risk
2579,8585.8896484375,31564.359375,5356.10009765625,1438.5400390625,1,26.86,Low Risk
2580,8169.7099609375,19549.439453125,3783.71997070313,3908.35009765625,1,103.29,Medium Risk
2581,2469,35647.48046875,3057.18994140625,2337.75,1,76.47,Medium Risk
2582,600.619995117188,24444.619140625,8475.3203125,2245.73999023438,1,26.5,Low Risk
2583,6985.66015625,37528.859375,6857.06005859375,4239.85986328125,1,61.83,Low Risk
2584,2123.51000976563,48457.078125,6766.6298828125,1672.43005371094,1,24.72,Low Risk
2585,9312.01953125,41296.421875,2804.05004882813,204.970001220703,1,7.31,Low Risk
2586,765.580017089844,26349.23046875,6000.58984375,2584.05004882813,1,43.06,Low Risk
2587,3307.39990234375,48965.5390625,9887.5498046875,1190.97998046875,1,12.05,Low Risk
2588,225.229995727539,30747.029296875,5020.1298828125,1723.27001953125,1,34.33,Low Risk
2589,3238.48999023438,4178.75,5965.14013671875,1792.83996582031,1,30.06,Low Risk
2590,5458.4599609375,36788.01171875,8883.830078125,4447.85009765625,1,50.07,Low Risk
2591,6583.14013671875,41183.0390625,8863.8095703125,4343.740234375,1,49.01,Low Risk
2592,7291.68994140625,7607.1298828125,1594.47998046875,4669.97021484375,1,292.88,Medium Risk
2593,8351.16015625,34285.2109375,9125.6298828125,2879.26000976563,1,31.55,Low Risk
2594,1196.76000976563,46124.921875,6904.89013671875,2970.78002929688,1,43.02,Low Risk
2595,7642.5400390625,13319.8701171875,4082.0400390625,2455.14990234375,1,60.15,Low Risk
2596,2855.85009765625,29665.419921875,7901.64013671875,3672.69995117188,1,46.48,Low Risk
2597,1468.64001464844,14454.830078125,5394.740234375,4613.02001953125,1,85.51,Medium Risk
2598,2729.98999023438,38945.9609375,5933.18994140625,127.279998779297,1,2.15,Low Risk
2599,8594.1298828125,29452.33984375,6739.77001953125,1365.48999023438,1,20.26,Low Risk
2600,6311.18017578125,21975.740234375,8257.990234375,257.690002441406,1,3.12,Low Risk
2601,6014.080078125,2420.40991210938,5245.490234375,1702.05004882813,1,32.45,Low Risk
2602,5887.91015625,47295.1484375,3335.6201171875,4240.3701171875,1,127.12,Medium Risk
2603,4145.41015625,25389.220703125,6511.41015625,2413.81005859375,1,37.07,Low Risk
2604,4228.35009765625,40401.37109375,9744.23046875,4452.7900390625,1,45.7,Low Risk
2605,1568.41003417969,20202.849609375,1876.94995117188,4300.3701171875,-1,229.11,High Risk
2606,3392.8701171875,42606.078125,1059.81994628906,708.099975585938,-1,66.81,High Risk
2607,5169.1201171875,8841.91015625,4494.39013671875,1418.11999511719,1,31.55,Low Risk
2608,6099.580078125,12343.2001953125,5896.5,2776.77001953125,-1,47.09,High Risk
2609,809.219970703125,17336.1796875,5598.72021484375,1830.43005371094,1,32.69,Low Risk
2610,3404.71997070313,5341.169921875,3835.73999023438,3096.25,1,80.72,Medium Risk
2611,3460.27001953125,22748.2109375,9400.2099609375,2983.36010742188,1,31.74,Low Risk
2612,5199.18994140625,24810.30078125,3195.13989257813,159.470001220703,1,4.99,Low Risk
2613,7129.33984375,6625.2001953125,2101.59008789063,1990.2099609375,1,94.7,Medium Risk
2614,6388.7998046875,21927.83984375,3013.57006835938,2245.22998046875,1,74.5,Medium Risk
2615,5751.759765625,10667.509765625,1875.06994628906,4449.18994140625,1,237.28,Medium Risk
2616,2985.0400390625,43885.37890625,8612.76953125,3557.1201171875,1,41.3,Low Risk
2617,8406.66015625,25955.380859375,4613.9599609375,1162.9599609375,1,25.21,Low Risk
2618,7874.39990234375,47646.33984375,8475.830078125,2925.81005859375,1,34.52,Low Risk
2619,1917.77001953125,17730.140625,6741.66015625,2079.97998046875,-1,30.85,High Risk
2620,6585.7998046875,17728.359375,5270.89990234375,4499.68994140625,1,85.37,Medium Risk
2621,9075.8798828125,17596.880859375,1920.90002441406,177.270004272461,1,9.23,Low Risk
2622,4412.4501953125,14145.9404296875,1334.26000976563,4982.83984375,1,373.45,Medium Risk
2623,9255.2197265625,39427.58984375,6016.22021484375,672.539978027344,1,11.18,Low Risk
2624,317.440002441406,14854.2998046875,2800.32006835938,3155.53002929688,1,112.68,Medium Risk
2625,5210.77978515625,15112.650390625,4987.35986328125,1485.2900390625,1,29.78,Low Risk
2626,2637.07006835938,3297.919921875,9517.849609375,2545.2900390625,1,26.74,Low Risk
2627,2695.36010742188,48302.7109375,2203.11010742188,1518.67004394531,1,68.93,Low Risk
2628,8787.7197265625,44428.3984375,7359.009765625,2178.30004882813,1,29.6,Low Risk
2629,3183.84008789063,15332.9697265625,2908.85009765625,1157.18994140625,1,39.78,Low Risk
2630,330.980010986328,26517.6796875,3168.17993164063,413.190002441406,-1,13.04,High Risk
2631,5442.919921875,24654.509765625,6747.8798828125,3114.68994140625,1,46.16,Low Risk
2632,9711.5400390625,5297.4501953125,2177.89990234375,4378.77978515625,1,201.06,Medium Risk
2633,883.049987792969,27028.66015625,4489.06005859375,2805.86010742188,1,62.5,Low Risk
2634,2934.3701171875,6553,4421.8798828125,2323.4599609375,1,52.54,Low Risk
2635,4748.080078125,22270.390625,5097.85986328125,136.539993286133,1,2.68,Low Risk
2636,8321.75,5302.41015625,3866.51000976563,2457.2099609375,1,63.55,Low Risk
2637,2762.06005859375,29856.890625,3460.32006835938,3681.330078125,-1,106.39,High Risk
2638,3502.47998046875,3401.43994140625,8037.52978515625,790.590026855469,1,9.84,Low Risk
2639,3906.5,31793,1717.7900390625,3822.19995117188,1,222.51,Medium Risk
2640,3858.3798828125,35653.69921875,8648.3798828125,2418.86010742188,1,27.97,Low Risk
2641,2083.419921875,28972.30078125,8545.4501953125,3814.3701171875,1,44.64,Low Risk
2642,9165.08984375,24005.009765625,9393.5703125,743.5,1,7.91,Low Risk
2643,7949.81005859375,3978.84008789063,3157.60009765625,1008.75,1,31.95,Low Risk
2644,9758.8603515625,1556.31005859375,9247.4501953125,2230.94995117188,1,24.13,Low Risk
2645,3772.84008789063,17779.140625,5053.8798828125,2383.47998046875,1,47.16,Low Risk
2646,548.419982910156,38791.37109375,7153.81982421875,4970.81005859375,1,69.48,Low Risk
2647,1243.4599609375,32716.619140625,8666.01953125,4930.77001953125,1,56.9,Low Risk
2648,3639.09008789063,7138.77001953125,1563.66003417969,2284.53002929688,1,146.1,Medium Risk
2649,9119.5302734375,34709.01953125,1312.47998046875,1199.01000976563,1,91.35,Medium Risk
2650,9812.740234375,29170.859375,2816.28002929688,3463.17993164063,1,122.97,Medium Risk
2651,8237.76953125,9169.4404296875,6046.64013671875,967.989990234375,1,16.01,Low Risk
2652,2460.40991210938,38009.78125,8002.919921875,1381.47998046875,1,17.26,Low Risk
2653,6631.02001953125,41684.921875,7979.22021484375,2694.48999023438,1,33.77,Low Risk
2654,6006.41015625,12395.3095703125,9037.5703125,4727.43994140625,1,52.31,Low Risk
2655,8250.2001953125,32158.4296875,6007.2001953125,144.970001220703,1,2.41,Low Risk
2656,5146.52001953125,19528.490234375,6042.02001953125,3372.05004882813,-1,55.81,High Risk
2657,3249.48999023438,3864.59008789063,1705.64001464844,4326.02001953125,1,253.63,Medium Risk
2658,290.850006103516,43206.30859375,7887.47998046875,3668.60009765625,1,46.51,Low Risk
2659,7970.759765625,41216.48046875,5325.22021484375,2409.75,1,45.25,Low Risk
2660,5349.4599609375,16579.1796875,2878.330078125,4287,1,148.94,Medium Risk
2661,5388.4599609375,27043.75,2125.80004882813,3911.53002929688,1,184,Medium Risk
2662,9574.919921875,26106.109375,9002.6298828125,3668.5400390625,1,40.75,Low Risk
2663,4913.64990234375,9695.5,6187.669921875,530.630004882813,1,8.58,Low Risk
2664,3226.42993164063,8138.02001953125,6563.7900390625,3523.43994140625,1,53.68,Low Risk
2665,3464.39990234375,42369.12890625,3166.85009765625,777.950012207031,1,24.57,Low Risk
2666,216.289993286133,43500.55078125,5952.81005859375,4490.25,1,75.43,Medium Risk
2667,1311.28002929688,36533.80859375,2431.2900390625,3240.67993164063,1,133.29,Medium Risk
2668,533.710021972656,4565.509765625,4769.83984375,4389.240234375,1,92.02,Medium Risk
2669,2508.28002929688,45547.96875,3214.80004882813,855.200012207031,1,26.6,Low Risk
2670,740.059997558594,49056.87890625,2499,2893.02001953125,1,115.77,Medium Risk
2671,3378.05004882813,39005.078125,8195.2001953125,70.0400009155273,1,0.85,Low Risk
2672,1348.68005371094,18317.220703125,6955.2099609375,464.190002441406,1,6.67,Low Risk
2673,9187.400390625,20882.9609375,8196.2099609375,1736.78002929688,1,21.19,Low Risk
2674,9390,43612.19921875,8523.169921875,1414.97998046875,1,16.6,Low Risk
2675,6074.22021484375,14729.1201171875,4507.85009765625,4002.919921875,1,88.8,Medium Risk
2676,8074.330078125,7951.02001953125,7805.77001953125,2718.77001953125,1,34.83,Low Risk
2677,6804.39013671875,41317.41015625,7605.5,4524.259765625,1,59.49,Low Risk
2678,8129.97998046875,10473.2900390625,3220.01000976563,4762.0400390625,1,147.89,Medium Risk
2679,6434.08984375,45457.69140625,7202.2998046875,4355.06005859375,1,60.47,Low Risk
2680,4358.919921875,30188.419921875,9353.1103515625,1422.51000976563,1,15.21,Low Risk
2681,8750.169921875,28213.119140625,7172.2900390625,3057.48999023438,1,42.63,Low Risk
2682,4436.85986328125,39011.71875,3946.1201171875,3809,1,96.53,Medium Risk
2683,4022.5,1806.80004882813,7317.5400390625,2656.26000976563,1,36.3,Low Risk
2684,6281.39013671875,35963.41015625,6231.2099609375,1668.18005371094,1,26.77,Low Risk
2685,9385.51953125,30326.19921875,8251.4296875,911.989990234375,1,11.05,Low Risk
2686,4477.81005859375,26665.25,3445.8701171875,4817.56982421875,1,139.81,Medium Risk
2687,5791.9501953125,11648.98046875,2460.1201171875,1031.11999511719,1,41.91,Low Risk
2688,4974.08984375,41642.2890625,4892.6298828125,4057.94995117188,1,82.94,Medium Risk
2689,9106.3603515625,13281.8701171875,6636.740234375,665.859985351563,1,10.03,Low Risk
2690,6799.77978515625,24998.869140625,1871.11999511719,4940.85009765625,1,264.06,Medium Risk
2691,4253.93017578125,8745.9404296875,3369.07006835938,1687.18005371094,1,50.08,Low Risk
2692,6108.33984375,48711.80078125,2503.28002929688,3892.84008789063,1,155.51,Medium Risk
2693,1644.98999023438,10532.1103515625,7932.2998046875,762.5,1,9.61,Low Risk
2694,3485.23999023438,40357.69921875,7340.18017578125,3584.88989257813,1,48.84,Low Risk
2695,7388.18994140625,13890.8798828125,6628.740234375,3451.75,1,52.07,Low Risk
2696,5667.7001953125,13546.1201171875,5167.56982421875,1898.51000976563,1,36.74,Low Risk
2697,3211.30004882813,21663.810546875,5027.169921875,201.520004272461,1,4.01,Low Risk
2698,3686.75,42446.53125,5656.52001953125,2060.22998046875,1,36.42,Low Risk
2699,8116.85009765625,34690.30859375,8366.740234375,2798.65991210938,1,33.45,Low Risk
2700,5454.740234375,43710.109375,6365.66015625,276.010009765625,1,4.34,Low Risk
2701,2463.67993164063,3313.39990234375,7718.14013671875,1345.46997070313,-1,17.43,High Risk
2702,3038.44995117188,47828.94140625,3350.77001953125,4895.6298828125,1,146.1,Medium Risk
2703,4732.0498046875,4779.7099609375,5299.91015625,4599.5,1,86.78,Medium Risk
2704,7652.08984375,36332.19921875,6673.5498046875,4088.3798828125,1,61.26,Low Risk
2705,9974.66015625,11151.48046875,3836.32006835938,750.710021972656,1,19.57,Low Risk
2706,1939.03002929688,42201.3984375,5675.16015625,2028.7900390625,1,35.75,Low Risk
2707,7573.7998046875,43255.71875,8560.9404296875,1037.02001953125,1,12.11,Low Risk
2708,6210.47021484375,28011.240234375,1696.16003417969,1077.05004882813,1,63.5,Low Risk
2709,5358.81005859375,20740.669921875,8280.83984375,4401.72998046875,1,53.16,Low Risk
2710,9667.919921875,39875.19140625,6428.35009765625,2061.51000976563,1,32.07,Low Risk
2711,3295.26000976563,43827.5390625,4701.419921875,4244.91015625,1,90.29,Medium Risk
2712,1852.07995605469,37174.71875,6051.22998046875,1833.0400390625,1,30.29,Low Risk
2713,8788.2099609375,45438.921875,6453.47021484375,270.790008544922,1,4.2,Low Risk
2714,780.02001953125,31700.05078125,8026.60986328125,672.049987792969,1,8.37,Low Risk
2715,8189.47998046875,33853.12109375,8219.1201171875,224.710006713867,1,2.73,Low Risk
2716,5933.43994140625,29021.240234375,7660.1298828125,1394.06994628906,-1,18.2,High Risk
2717,1723.64001464844,24919.94921875,1154,2592.6201171875,1,224.66,Medium Risk
2718,2350.88989257813,33088.171875,6013.97021484375,1100.07995605469,1,18.29,Low Risk
2719,1642.81994628906,28496.609375,4882.60009765625,2890.53002929688,-1,59.2,High Risk
2720,7211.5498046875,36830.76171875,6186.7001953125,1471.59997558594,1,23.79,Low Risk
2721,1558.38000488281,46777.48046875,6449.25,2432.919921875,1,37.72,Low Risk
2722,6845.56982421875,19279.310546875,6545.0498046875,1567.96997070313,1,23.96,Low Risk
2723,1368.68994140625,21147.25,4149.81005859375,2993.9599609375,1,72.15,Medium Risk
2724,8042.43994140625,1736.65002441406,5022.60009765625,3179.40991210938,1,63.3,Low Risk
2725,9202.9599609375,26824.689453125,1143.76000976563,4297.47998046875,1,375.73,Medium Risk
2726,5637.18994140625,7438.64990234375,9419,4125.83984375,1,43.8,Low Risk
2727,9665.2197265625,36084.03125,9891.83984375,2751.64990234375,1,27.82,Low Risk
2728,3964.76000976563,39199.76171875,4608.52001953125,1988.84997558594,1,43.16,Low Risk
2729,2521.56005859375,36414.2890625,4776.52001953125,1055.22998046875,1,22.09,Low Risk
2730,1855.23999023438,27785.5703125,5135.72998046875,3088.67993164063,1,60.14,Low Risk
2731,4841.740234375,27176.650390625,3641.02001953125,2728.6201171875,1,74.94,Medium Risk
2732,1394.39001464844,32681.140625,4919.6201171875,187.830001831055,1,3.82,Low Risk
2733,8770.330078125,28180.33984375,4227.85009765625,186.880004882813,1,4.42,Low Risk
2734,7869.18017578125,37764.25,1176.05004882813,750.380004882813,1,63.81,Low Risk
2735,5664.97021484375,44831.859375,2139.85009765625,3586.47998046875,1,167.6,Medium Risk
2736,7242.47998046875,27270.349609375,1708,4296.22998046875,1,251.54,Medium Risk
2737,594.900024414063,6406.740234375,3149.13989257813,127.730003356934,1,4.06,Low Risk
2738,2114.830078125,7420.60986328125,1898,4091.01000976563,1,215.54,Medium Risk
2739,6250,19420,3071.78002929688,2326.8798828125,1,75.75,Medium Risk
2740,4826.9501953125,25318.33984375,1036.48999023438,2006.09997558594,1,193.55,Medium Risk
2741,6085.77001953125,12027.4697265625,9899.01953125,2723.3798828125,1,27.51,Low Risk
2742,980.789978027344,23184.759765625,1983.17004394531,4684.93994140625,1,236.23,Medium Risk
2743,6558.97998046875,7650.9599609375,8560.7099609375,2844.43994140625,1,33.23,Low Risk
2744,8055.7998046875,12800.669921875,1918.69995117188,522.900024414063,1,27.25,Low Risk
2745,5508.1201171875,36963.98828125,3802,2358.8701171875,1,62.04,Low Risk
2746,3638.330078125,49292.94921875,9473.990234375,4889.22998046875,1,51.61,Low Risk
2747,1829.01000976563,10123.9501953125,3797.14990234375,816.590026855469,-1,21.51,High Risk
2748,2727.01000976563,17615.73046875,6891.72998046875,2310.89990234375,1,33.53,Low Risk
2749,5273.080078125,18183.650390625,3864.51000976563,3485.35009765625,1,90.19,Medium Risk
2750,2629.6298828125,11942.98046875,9486,1824.88000488281,1,19.24,Low Risk
2751,7801.66015625,10998.7900390625,1094.28002929688,3845.330078125,1,351.4,Medium Risk
2752,1404.23999023438,7453.02001953125,3260.2099609375,1060.81994628906,1,32.54,Low Risk
2753,5212.60009765625,45468.21875,4718.580078125,467.760009765625,1,9.91,Low Risk
2754,5010.06982421875,32819.25,8420.2197265625,1645.38000488281,1,19.54,Low Risk
2755,1475.03002929688,15232.9296875,6157.169921875,4343.0400390625,1,70.54,Medium Risk
2756,9950.3798828125,13646.6298828125,9053.2197265625,3571.11010742188,1,39.45,Low Risk
2757,8249.0400390625,29896.4296875,8953.5400390625,4915.18994140625,1,54.9,Low Risk
2758,3926.669921875,35163.8984375,9597.8603515625,1649.02001953125,1,17.18,Low Risk
2759,6880.56982421875,13397.419921875,2644.35009765625,2512.17993164063,1,95,Medium Risk
2760,7194.14990234375,18010.98046875,4800.72998046875,2116.8798828125,1,44.09,Low Risk
2761,6546.3701171875,15240,4846.91015625,2436.48999023438,1,50.27,Low Risk
2762,4381.58984375,5297.7099609375,2107.42993164063,708.359985351563,1,33.61,Low Risk
2763,8862.599609375,19939.890625,9505.98046875,985.780029296875,1,10.37,Low Risk
2764,7738.35986328125,27146.94921875,4264.6201171875,2502.93994140625,1,58.69,Low Risk
2765,5466,33112.94921875,6753.35986328125,4840.93017578125,1,71.68,Medium Risk
2766,125.370002746582,21420.099609375,6437.5498046875,4723.330078125,1,73.37,Medium Risk
2767,2311.39990234375,49185.140625,3132.68994140625,469.970001220703,1,15,Low Risk
2768,5137.3701171875,31666.05078125,6150.240234375,2913.48999023438,1,47.37,Low Risk
2769,8999.400390625,44442.640625,3306.9599609375,3101.3798828125,1,93.78,Medium Risk
2770,6323.35009765625,45883.3984375,3572.68994140625,3179.65991210938,1,89,Medium Risk
2771,4236.83984375,41248.5703125,5954.47998046875,3210.26000976563,-1,53.91,High Risk
2772,574.330017089844,14229.2900390625,5111.4501953125,307.320007324219,1,6.01,Low Risk
2773,6013.06982421875,22132.580078125,4809.52978515625,2536.419921875,1,52.74,Low Risk
2774,3572.44995117188,1018.86999511719,4539.97998046875,11.289999961853,1,0.25,Low Risk
2775,5420.02978515625,23118.939453125,7792.16015625,4590.27001953125,1,58.91,Low Risk
2776,7687.77001953125,15393.8798828125,3528.169921875,84.5199966430664,1,2.4,Low Risk
2777,8057.02978515625,6482.91015625,3813.919921875,3886.67993164063,-1,101.91,High Risk
2778,8656.349609375,42090.80078125,6213.93994140625,1200.77001953125,1,19.32,Low Risk
2779,6396.85986328125,33998.8984375,9678.7900390625,2931.94995117188,1,30.29,Low Risk
2780,9065.6201171875,49956.0703125,3619.77001953125,2257.5,1,62.37,Low Risk
2781,6937.22021484375,25421.029296875,4744.3798828125,2719.1201171875,1,57.31,Low Risk
2782,7860.75,17204.599609375,2155.0400390625,3006,1,139.49,Medium Risk
2783,6886.27001953125,13926.759765625,6767.31982421875,4916.18017578125,1,72.65,Medium Risk
2784,8731.4501953125,22332.689453125,3260.98999023438,3907.580078125,1,119.83,Medium Risk
2785,2306.61010742188,16183.740234375,5734.18994140625,4007.86010742188,1,69.89,Low Risk
2786,7622.8798828125,49547.171875,4780.5498046875,4484.02978515625,1,93.8,Medium Risk
2787,1259.84997558594,9956.900390625,7982.9599609375,4554.330078125,1,57.05,Low Risk
2788,1010.73999023438,1937.35998535156,8496.0302734375,4266.0498046875,-1,50.21,High Risk
2789,4967.06005859375,7369.97998046875,7636.830078125,3747.669921875,1,49.07,Low Risk
2790,3072.35009765625,44685.078125,5053.1298828125,3.65000009536743,1,0.07,Low Risk
2791,5677.25,35002.0390625,4734.81982421875,3008.05004882813,1,63.53,Low Risk
2792,6809.56982421875,39414.640625,4711.22998046875,330.739990234375,1,7.02,Low Risk
2793,2342.96997070313,16703.109375,5514.7001953125,61.6699981689453,1,1.12,Low Risk
2794,7029.27001953125,31512.470703125,6570.47021484375,101.139999389648,-1,1.54,High Risk
2795,9955.0498046875,35687.03125,3917.18994140625,4671.35986328125,1,119.25,Medium Risk
2796,7623.5498046875,16994.390625,7588.31982421875,1434.01000976563,1,18.9,Low Risk
2797,1820.48999023438,36501.859375,9156.8798828125,2846.75,1,31.09,Low Risk
2798,6373.580078125,31853.279296875,1608.94995117188,952.210021972656,1,59.18,Low Risk
2799,193.899993896484,15515.51953125,1194.75,3785.36010742188,1,316.83,Medium Risk
2800,4750.2099609375,3589.93994140625,7079.9599609375,4038.92993164063,1,57.05,Low Risk
2801,5379.72998046875,12655.3798828125,6812.990234375,1769.31005859375,1,25.97,Low Risk
2802,9726.5400390625,31357.26953125,5125.39013671875,56.3499984741211,1,1.1,Low Risk
2803,7398.330078125,30352.5,8454.1201171875,3179.34008789063,1,37.61,Low Risk
2804,7089.009765625,25874.810546875,7744.83984375,4373,1,56.46,Low Risk
2805,5370.81005859375,13322.2802734375,9699.98046875,637.820007324219,1,6.58,Low Risk
2806,5180.43994140625,22782.30078125,8522.650390625,3508.61010742188,1,41.17,Low Risk
2807,9921.6201171875,8058.14013671875,1736.88000488281,1333.06994628906,1,76.75,Medium Risk
2808,310.549987792969,33456.76171875,4744.2099609375,2178.03002929688,1,45.91,Low Risk
2809,3101.73999023438,43588.83984375,4208.31982421875,1668.7099609375,1,39.65,Low Risk
2810,1424.4599609375,23720.609375,8515.2099609375,4532.66015625,1,53.23,Low Risk
2811,3218.21997070313,11436.8798828125,3120.8701171875,1499.66003417969,-1,48.05,High Risk
2812,4689.83984375,41566.4296875,1989.73999023438,4798.14013671875,1,241.14,Medium Risk
2813,3485.1298828125,16340.8896484375,1702.5,576.080017089844,1,33.84,Low Risk
2814,9630.7802734375,30104.41015625,6057.72021484375,4615.47998046875,1,76.19,Medium Risk
2815,6837.81982421875,4695.64990234375,3753.36010742188,3304.330078125,1,88.04,Medium Risk
2816,7307.64013671875,36178.9296875,2703.89990234375,1331.17004394531,1,49.23,Low Risk
2817,7448.68994140625,23572.91015625,9185.419921875,129.559997558594,1,1.41,Low Risk
2818,9002.349609375,21744.080078125,1135.11999511719,752.469970703125,-1,66.29,High Risk
2819,7703.39013671875,46806.98828125,4970.89013671875,4652.10009765625,1,93.59,Medium Risk
2820,260.429992675781,25082.990234375,5370.2900390625,2494.2099609375,1,46.44,Low Risk
2821,2687.82006835938,1820.78002929688,5851.080078125,2885.830078125,1,49.32,Low Risk
2822,9892.1298828125,48031.21875,7846.89990234375,4145.6201171875,1,52.83,Low Risk
2823,6556.02978515625,1598.43005371094,1057.44995117188,3120.40991210938,1,295.09,Medium Risk
2824,774.369995117188,27257.599609375,3130.25,1003.75,1,32.07,Low Risk
2825,4719.72021484375,32046.25,8032.97998046875,2865.1201171875,1,35.67,Low Risk
2826,9810.259765625,44829.71875,4053.40991210938,3277.17993164063,1,80.85,Medium Risk
2827,9929.099609375,34281.41015625,6182.9599609375,1187.47998046875,1,19.21,Low Risk
2828,4381.22021484375,40745.51171875,3541.65991210938,4658.2001953125,1,131.53,Medium Risk
2829,8941.2197265625,38726.2109375,1754.89001464844,884.52001953125,1,50.4,Low Risk
2830,5960.72021484375,11463.2099609375,3268.57006835938,3560.09008789063,1,108.92,Medium Risk
2831,5143.35009765625,35322.94140625,8418.6796875,4531.72998046875,1,53.83,Low Risk
2832,4178.22998046875,32241.529296875,4065.0400390625,1650.60998535156,1,40.61,Low Risk
2833,8932.08984375,12954.5703125,5940.5400390625,4256.830078125,1,71.66,Medium Risk
2834,6249.14990234375,7288.22021484375,1117.69995117188,2952.72998046875,1,264.18,Medium Risk
2835,3404.60009765625,37830.328125,5698.68994140625,1522.16003417969,-1,26.71,High Risk
2836,4970.1298828125,48585.19140625,7521.1201171875,3657.8701171875,1,48.63,Low Risk
2837,4496.3798828125,37183.8515625,6236.9599609375,2065.03002929688,1,33.11,Low Risk
2838,4566.43017578125,37723.0390625,1204.48999023438,1009.63000488281,1,83.82,Medium Risk
2839,3184.93994140625,9168.51953125,1190.4599609375,4585,1,385.15,Medium Risk
2840,6366.27978515625,13105.7099609375,8984.23046875,2521.94995117188,1,28.07,Low Risk
2841,617.150024414063,29702.369140625,2930.169921875,3966.0400390625,1,135.35,Medium Risk
2842,8873.01953125,2540.11010742188,7146.56982421875,4731.7998046875,1,66.21,Low Risk
2843,4212.43017578125,33728.21875,1283.09997558594,3670.39990234375,1,286.06,Medium Risk
2844,8028.5400390625,8095.75,3743.56005859375,2348.8701171875,1,62.74,Low Risk
2845,7321.97021484375,21256.419921875,3924.34008789063,4286.3701171875,1,109.23,Medium Risk
2846,4771.330078125,16689.220703125,8670.490234375,2943.14990234375,1,33.94,Low Risk
2847,2067.22998046875,6216.31982421875,8240.4697265625,502.589996337891,1,6.1,Low Risk
2848,5665.89990234375,29359.80078125,8487.830078125,3058.61010742188,1,36.04,Low Risk
2849,9485.919921875,18701.05078125,9476.080078125,26.9400005340576,1,0.28,Low Risk
2850,1939.15002441406,3155.26000976563,4349.0498046875,4878.72998046875,1,112.18,Medium Risk
2851,2634.52001953125,22776.580078125,2960.64990234375,2604.03002929688,1,87.95,Medium Risk
2852,9930.75,29922.6796875,7633.31982421875,461.089996337891,1,6.04,Low Risk
2853,8936.4501953125,7390.2998046875,1749.19995117188,1497.7099609375,1,85.62,Medium Risk
2854,5540.5400390625,29664.69921875,9797.919921875,3293.8798828125,1,33.62,Low Risk
2855,6977.93994140625,15799.1796875,7705.81982421875,1443.9599609375,1,18.74,Low Risk
2856,4486.31982421875,13722.759765625,3565.75,2104.7900390625,1,59.03,Low Risk
2857,4100.52001953125,39978.6796875,8119.3701171875,1494.27001953125,1,18.4,Low Risk
2858,4487.56005859375,23919.33984375,9203.3095703125,3144.919921875,1,34.17,Low Risk
2859,4202.72021484375,19518.23046875,2371.05004882813,1420.46997070313,1,59.91,Low Risk
2860,6787.990234375,40838.1015625,6946.31982421875,4065.23999023438,1,58.52,Low Risk
2861,3371.52001953125,45606.87109375,2288.69995117188,3623.03002929688,1,158.3,Medium Risk
2862,1790.68994140625,16439.099609375,6115.27001953125,1626.31994628906,1,26.59,Low Risk
2863,7095.02001953125,3469.51000976563,2642.36010742188,3122.25,1,118.16,Medium Risk
2864,409.850006103516,27495.16015625,5593.330078125,2426.1201171875,-1,43.38,High Risk
2865,7215.66015625,36042.53125,5487.81982421875,270.269989013672,1,4.92,Low Risk
2866,2706.11010742188,29801.75,3686.94995117188,2074.7900390625,1,56.27,Low Risk
2867,1983.5,34714.73046875,1487.86999511719,657.380004882813,1,44.18,Low Risk
2868,3851.669921875,32689.490234375,8094.39990234375,594.52001953125,1,7.34,Low Risk
2869,1263.25,47843.75,5277.5498046875,798.890014648438,1,15.14,Low Risk
2870,3906.44995117188,43429.98046875,7109.75,2142.669921875,1,30.14,Low Risk
2871,1112.98999023438,7460.330078125,8858.9296875,4585.8798828125,1,51.77,Low Risk
2872,4886.5400390625,23177.58984375,3299.67993164063,3857.90991210938,1,116.92,Medium Risk
2873,1844.07995605469,23283.66015625,6207.759765625,4266.2900390625,1,68.73,Low Risk
2874,1386.96997070313,23360.349609375,8377.6298828125,3679.080078125,1,43.92,Low Risk
2875,5833.18994140625,46604.48828125,9396.1396484375,4848.18017578125,1,51.6,Low Risk
2876,6289.93017578125,17032.44921875,1616.39001464844,3703.669921875,1,229.13,Medium Risk
2877,154.619995117188,31099.380859375,2344.61010742188,3954.4599609375,1,168.66,Medium Risk
2878,3938.01000976563,44919.359375,2096.82006835938,4066.02001953125,1,193.91,Medium Risk
2879,871.77001953125,3476.38989257813,1962.0400390625,3442.5400390625,1,175.46,Medium Risk
2880,7412.580078125,44049.140625,9294.8095703125,1020.29998779297,1,10.98,Low Risk
2881,6847.080078125,38482.98828125,6759.7998046875,4855.1298828125,1,71.82,Medium Risk
2882,592.320007324219,11185.75,8884.830078125,2404.1201171875,1,27.06,Low Risk
2883,9418.3798828125,16950.05078125,4872.990234375,4146.77001953125,1,85.1,Medium Risk
2884,9603.6103515625,16218.75,9031.4599609375,3994.34008789063,1,44.23,Low Risk
2885,3413.25,11844.01953125,6727.83984375,2137.68994140625,1,31.77,Low Risk
2886,1393.06005859375,32287.55078125,8178.2900390625,4198.02001953125,1,51.33,Low Risk
2887,1232,49158.58984375,6201.830078125,1241.64001464844,1,20.02,Low Risk
2888,8423.1298828125,9163.98046875,3688.669921875,1772.48999023438,1,48.05,Low Risk
2889,4645.7099609375,12377.25,6084.419921875,1145.10998535156,1,18.82,Low Risk
2890,194.130004882813,15228.330078125,7540.43994140625,286.489990234375,1,3.8,Low Risk
2891,9260.990234375,46940.98046875,7015.1201171875,1174.07995605469,1,16.74,Low Risk
2892,5968.10009765625,31665.259765625,5192.43017578125,3243.05004882813,1,62.46,Low Risk
2893,6934.93017578125,11420.75,1191.40002441406,3807.919921875,1,319.62,Medium Risk
2894,8253.1796875,40395.4609375,6213.25,1757.06994628906,1,28.28,Low Risk
2895,8203.9296875,46220.76171875,9330.5400390625,3687.2099609375,1,39.52,Low Risk
2896,850.469970703125,20768.669921875,9329.400390625,35.2599983215332,1,0.38,Low Risk
2897,5782.52001953125,9468.0302734375,8744.400390625,3795.53002929688,1,43.41,Low Risk
2898,6992.81982421875,16185.91015625,6574.33984375,4198.75,1,63.87,Low Risk
2899,947.640014648438,11638.6201171875,5584.509765625,4960.06005859375,1,88.82,Medium Risk
2900,2301.77001953125,10869.919921875,1207.2099609375,4472.33984375,1,370.47,Medium Risk
2901,4018.56005859375,9368.650390625,4153.009765625,3456.22998046875,1,83.22,Medium Risk
2902,8876.599609375,43926.33984375,8682.75,1734.90002441406,1,19.98,Low Risk
2903,8521.26953125,5208.509765625,2426.65991210938,1422.26000976563,1,58.61,Low Risk
2904,7842.81982421875,21254.130859375,8264.7001953125,584.630004882813,1,7.07,Low Risk
2905,9903.740234375,1722.02001953125,3441.44995117188,1434.42004394531,1,41.68,Low Risk
2906,2502.30004882813,15376.3701171875,5925.10009765625,1526.03002929688,-1,25.76,High Risk
2907,4731.3701171875,35639.8203125,3630.32006835938,3568.61010742188,1,98.3,Medium Risk
2908,4522.56005859375,10938.9501953125,3463.580078125,3631.9599609375,1,104.86,Medium Risk
2909,6821.47998046875,49937.75,8852.259765625,2605.19995117188,1,29.43,Low Risk
2910,8516.51953125,3366.65991210938,7220.66015625,3860.93994140625,1,53.47,Low Risk
2911,4967.66015625,7687.7001953125,2938.17993164063,1710.75,1,58.22,Low Risk
2912,4966.16015625,39557.171875,5300.31982421875,2353.7099609375,1,44.41,Low Risk
2913,6122.35009765625,48823.921875,5613.240234375,241.619995117188,1,4.3,Low Risk
2914,7450.5,47746.640625,7565.919921875,2682.97998046875,1,35.46,Low Risk
2915,2092.8798828125,40113.58984375,7121.33984375,1938.23999023438,1,27.22,Low Risk
2916,9622.41015625,48676.33984375,7064.2900390625,332.579986572266,1,4.71,Low Risk
2917,1011.33001708984,42198.9296875,4425.9599609375,464.359985351563,1,10.49,Low Risk
2918,328.690002441406,3843.21997070313,3082,3287.18994140625,1,106.66,Medium Risk
2919,3652.03002929688,42436.0703125,5524.10009765625,3717.06005859375,1,67.29,Low Risk
2920,7044.2099609375,24705.220703125,7794.990234375,491.890014648438,1,6.31,Low Risk
2921,9782.9404296875,23380.91015625,9081.75,3874.3798828125,1,42.66,Low Risk
2922,9334.330078125,1123.83996582031,7601.990234375,4317.81005859375,1,56.8,Low Risk
2923,6916.02978515625,31392.599609375,4556.31982421875,2830.65991210938,1,62.13,Low Risk
2924,4421.7998046875,33908.8203125,9614.98046875,2443.63989257813,1,25.41,Low Risk
2925,5998.43994140625,39745.05859375,8799.25,2300.32006835938,1,26.14,Low Risk
2926,9689.7099609375,16971.69921875,9143.8095703125,1483.2900390625,1,16.22,Low Risk
2927,2728.4599609375,7278.5498046875,3552.3798828125,4485.64990234375,1,126.27,Medium Risk
2928,4834.97998046875,22552.669921875,9846.3095703125,4343.75,1,44.12,Low Risk
2929,6959.72998046875,18752.109375,3427.35009765625,2557.7099609375,1,74.63,Medium Risk
2930,201.960006713867,37903.53125,2470.82006835938,1212.17004394531,1,49.06,Low Risk
2931,3874.48999023438,12242.5,2909.169921875,4551.2900390625,1,156.45,Medium Risk
2932,5722.330078125,7770.3798828125,6841.77978515625,3656.84008789063,1,53.45,Low Risk
2933,9019.08984375,22569.08984375,4605.9501953125,4114.16015625,-1,89.32,High Risk
2934,9920.7802734375,31771.490234375,2445.18994140625,4138.580078125,1,169.25,Medium Risk
2935,5607.60986328125,14768.8798828125,7729.47998046875,944.489990234375,1,12.22,Low Risk
2936,9451.33984375,6607.22021484375,2258.46997070313,270.269989013672,1,11.97,Low Risk
2937,1082.72998046875,22516.69921875,1652.44995117188,2526.15991210938,1,152.87,Medium Risk
2938,7042.580078125,48131.98828125,8715.9697265625,2330.40991210938,1,26.74,Low Risk
2939,4065.48999023438,48398.41015625,5875.68017578125,1606.98999023438,1,27.35,Low Risk
2940,7534.64013671875,35725.6015625,6741.580078125,3616.86010742188,1,53.65,Low Risk
2941,8690.4599609375,39080.51953125,9989.7197265625,3033.6298828125,1,30.37,Low Risk
2942,631.869995117188,10972,9604.1796875,1926.2099609375,1,20.06,Low Risk
2943,9361.1904296875,19358.0390625,4735.58984375,2440.9599609375,1,51.55,Low Risk
2944,774.75,30632.94921875,5441.41015625,2696.75,1,49.56,Low Risk
2945,7558.64013671875,37770.41015625,1538.91003417969,4703.81982421875,1,305.66,Medium Risk
2946,783.789978027344,9164.6201171875,5395.27978515625,2589.0400390625,1,47.99,Low Risk
2947,8630.650390625,23423.7890625,3522.27001953125,3272.53002929688,1,92.91,Medium Risk
2948,2129.32006835938,8974.9599609375,7812.1298828125,4550.1298828125,1,58.24,Low Risk
2949,4397.2998046875,32034.5703125,4261.22021484375,3583.82006835938,1,84.1,Medium Risk
2950,9332.9501953125,38835.94921875,1123.06994628906,2721.97998046875,1,242.37,Medium Risk
2951,7941.47021484375,41832.12109375,7401.77978515625,2008.21997070313,1,27.13,Low Risk
2952,7879.169921875,36885.890625,2846.830078125,561.169982910156,1,19.71,Low Risk
2953,7656.97021484375,8798.1103515625,3473.73999023438,3930.01000976563,1,113.13,Medium Risk
2954,5737.41015625,41592.1796875,1703.30004882813,3935.93994140625,1,231.08,Medium Risk
2955,9519.16015625,17386.279296875,8019.9599609375,4859.669921875,1,60.59,Low Risk
2956,8333.1904296875,41952.55078125,3210.0400390625,2556.8701171875,1,79.65,Medium Risk
2957,4458.85009765625,13294.1298828125,7865.2900390625,3509.40991210938,1,44.62,Low Risk
2958,7451.2998046875,24309.4609375,1219.58996582031,4889.580078125,1,400.92,Medium Risk
2959,9981.259765625,29252.009765625,6802.6201171875,3061.14990234375,1,45,Low Risk
2960,8722.900390625,2701.36010742188,2084.35009765625,4122.7998046875,1,197.8,Medium Risk
2961,112.110000610352,45281.03125,4797.5400390625,2053.6201171875,1,42.81,Low Risk
2962,7405.06982421875,26065.619140625,3787.8701171875,932.049987792969,1,24.61,Low Risk
2963,8989.0302734375,10410.0498046875,8023.41015625,4214.97998046875,1,52.53,Low Risk
2964,3344.75,8879.7802734375,8138.10009765625,2151.96997070313,1,26.44,Low Risk
2965,9777.169921875,34640.859375,8666.919921875,3719.35009765625,1,42.91,Low Risk
2966,4072.86010742188,5004.919921875,1141.31005859375,2629.64990234375,1,230.41,Medium Risk
2967,4269.64990234375,22551.259765625,8647.6796875,2285.35009765625,-1,26.43,High Risk
2968,1692.63000488281,27473.55078125,3176.01000976563,257.589996337891,1,8.11,Low Risk
2969,1056.2900390625,12423.419921875,8515.75,3845.03002929688,1,45.15,Low Risk
2970,5412.2998046875,7330.7900390625,8527.0498046875,1606.28002929688,-1,18.84,High Risk
2971,6067.47998046875,25044.619140625,3007.9599609375,1954.64001464844,1,64.98,Low Risk
2972,3732.28002929688,17676.060546875,3213.76000976563,1747.72998046875,1,54.38,Low Risk
2973,6105.43017578125,7871.83984375,2458.31005859375,3470.78002929688,1,141.19,Medium Risk
2974,4007.23999023438,11308.3095703125,2607.94995117188,3566.18994140625,1,136.74,Medium Risk
2975,8695.0302734375,24076.0390625,9593.7099609375,4076.65991210938,1,42.49,Low Risk
2976,9542.849609375,7519.47021484375,4462.83984375,3383.10009765625,-1,75.81,High Risk
2977,5976.0498046875,46869.8515625,1358.19995117188,4537.740234375,1,334.1,Medium Risk
2978,8438.51953125,38997.33984375,3964.10009765625,1206.67004394531,1,30.44,Low Risk
2979,8552.0400390625,16952.330078125,1437.97998046875,2475.27001953125,1,172.14,Medium Risk
2980,7166.25,13659.4296875,9833.6904296875,4844.9599609375,-1,49.27,High Risk
2981,2000.81994628906,43840.48046875,6985.5498046875,1246.77001953125,1,17.85,Low Risk
2982,1633.89001464844,21919.470703125,5611.080078125,3627.34008789063,1,64.65,Low Risk
2983,9202.8896484375,43273.171875,2013.06005859375,1570.28002929688,1,78,Medium Risk
2984,2724.11010742188,37380.359375,3397.35009765625,2282.330078125,1,67.18,Low Risk
2985,2538.67993164063,5513.77978515625,7936.77978515625,2689.76000976563,1,33.89,Low Risk
2986,1744.67004394531,40866.58984375,9117.3798828125,3997.65991210938,1,43.85,Low Risk
2987,5321.7998046875,27454.169921875,8384.1796875,3098.97998046875,1,36.96,Low Risk
2988,6802.27978515625,34202.41015625,7017.77978515625,5.05000019073486,1,0.07,Low Risk
2989,6794,11731.2197265625,5885.2900390625,1682.64001464844,1,28.59,Low Risk
2990,2684.419921875,1013.26000976563,5182,1729.31994628906,1,33.37,Low Risk
2991,1038.38000488281,17350.720703125,2416.2900390625,2451.28002929688,1,101.45,Medium Risk
2992,3171.07006835938,10340.740234375,2064.30004882813,4535.080078125,1,219.69,Medium Risk
2993,5084,22325.609375,8267.490234375,4565.52978515625,1,55.22,Low Risk
2994,6163.16015625,5453.990234375,8105.66015625,2299.21997070313,1,28.37,Low Risk
2995,2778.93994140625,44857.26953125,1160.60998535156,3628.28002929688,1,312.62,Medium Risk
2996,1913.27001953125,6817.47021484375,5681.2001953125,1768.64001464844,1,31.13,Low Risk
2997,8431.599609375,38445.05859375,2364,1437.48999023438,1,60.81,Low Risk
2998,8593.4697265625,47026.8984375,7902.0400390625,2313.15991210938,1,29.27,Low Risk
2999,2871.57006835938,8263.1904296875,2652.97998046875,4231.66015625,1,159.51,Medium Risk
3000,5645.1201171875,17977.359375,5613.419921875,2605.46997070313,1,46.42,Low Risk
3001,4454.27978515625,36822.05859375,7058.31982421875,2361.8798828125,1,33.46,Low Risk
3002,1505.47998046875,36008.640625,4513.8701171875,788.390014648438,1,17.47,Low Risk
3003,9411.7998046875,2832.36010742188,7041.22998046875,3713.64990234375,1,52.74,Low Risk
3004,196.850006103516,4464.009765625,9226.740234375,1811.03002929688,1,19.63,Low Risk
3005,1957.01000976563,6886.83984375,7477.85986328125,3776.63989257813,1,50.5,Low Risk
3006,3521.09008789063,28833.0703125,3904.15991210938,4852.509765625,1,124.29,Medium Risk
3007,8578.9697265625,3697.11010742188,4169.10009765625,454.269989013672,1,10.9,Low Risk
3008,7907.669921875,29832.08984375,4011.21997070313,4311.02978515625,1,107.47,Medium Risk
3009,5840.85009765625,17780.640625,5321.72021484375,835.039978027344,1,15.69,Low Risk
3010,6980.7099609375,33801.109375,1812.46997070313,4344.5400390625,-1,239.7,High Risk
3011,3475.02001953125,39320.0703125,1183.01000976563,3636.31005859375,1,307.38,Medium Risk
3012,9411.3603515625,39778.5703125,3790.30004882813,2109.48999023438,1,55.65,Low Risk
3013,365.190002441406,2844.11010742188,8354.08984375,2280.47998046875,1,27.3,Low Risk
3014,1099.18994140625,47412.5703125,8816.5,1455.03002929688,1,16.5,Low Risk
3015,9262.98046875,29745.669921875,7732.5498046875,3495.80004882813,1,45.21,Low Risk
3016,9456.009765625,44889.26171875,2659.76000976563,4484.39990234375,1,168.6,Medium Risk
3017,4956.64990234375,31142.109375,5443.5400390625,2914.169921875,1,53.53,Low Risk
3018,5806.9599609375,24721.73046875,5567.68017578125,1469.31994628906,1,26.39,Low Risk
3019,9035.1201171875,36756.69921875,2725.080078125,3585.92993164063,1,131.59,Medium Risk
3020,8549,11751.6396484375,4299.330078125,1268.91003417969,1,29.51,Low Risk
3021,8633.3203125,6058.080078125,3650,1328.81005859375,1,36.41,Low Risk
3022,3780.67993164063,5434.41015625,3277.48999023438,3189.419921875,1,97.31,Medium Risk
3023,8322.419921875,42607.671875,4655.91015625,474.260009765625,1,10.19,Low Risk
3024,786.169982910156,45709.7890625,3863.5400390625,1979.78002929688,1,51.24,Low Risk
3025,4920.9501953125,40906.2890625,9356.4599609375,1841.65002441406,1,19.68,Low Risk
3026,2450.330078125,45317.25,6668.52001953125,264.570007324219,-1,3.97,High Risk
3027,454.399993896484,49254.01171875,6230.0498046875,4590.1298828125,1,73.68,Medium Risk
3028,6210.39013671875,26776.890625,4760.43994140625,4688.47998046875,1,98.49,Medium Risk
3029,854.179992675781,8540.150390625,5093.02001953125,1986.5400390625,1,39.01,Low Risk
3030,1289.57995605469,30788.400390625,5055.7900390625,1847.17004394531,1,36.54,Low Risk
3031,909.280029296875,18340.76953125,1157.68005371094,608.030029296875,1,52.52,Low Risk
3032,9752.9697265625,17975.98046875,9621.650390625,2812.669921875,1,29.23,Low Risk
3033,488.459991455078,36662.6015625,7444.60986328125,1738.21997070313,-1,23.35,High Risk
3034,2770.59008789063,5441.8798828125,5925.77978515625,4214.2998046875,1,71.12,Medium Risk
3035,6554.77978515625,2839.0400390625,3128.56005859375,3665.5400390625,1,117.16,Medium Risk
3036,8251.490234375,35068.44921875,1038.96997070313,616.030029296875,1,59.29,Low Risk
3037,6121.2099609375,13775.759765625,3505.13989257813,1072.83996582031,1,30.61,Low Risk
3038,9767.3701171875,19889.560546875,8040.27001953125,590.539978027344,1,7.34,Low Risk
3039,3443.31005859375,16074.01953125,9741.1396484375,678.419982910156,1,6.96,Low Risk
3040,4772.85009765625,31127.220703125,7839.1298828125,334.540008544922,1,4.27,Low Risk
3041,8230.8798828125,8571.259765625,4884.39990234375,1830.43994140625,-1,37.48,High Risk
3042,6848.7998046875,36308.80859375,8627.990234375,3029.330078125,1,35.11,Low Risk
3043,2219.26000976563,46321.421875,9963.400390625,4815.5,1,48.33,Low Risk
3044,5036.81005859375,41969.328125,3772.17993164063,2121.60009765625,1,56.24,Low Risk
3045,9762,45444.80859375,4687.81005859375,4759.259765625,1,101.52,Medium Risk
3046,8643.9296875,46916.46875,4885.47998046875,475.160003662109,1,9.73,Low Risk
3047,1998.84997558594,19244.369140625,4451.83984375,816.219970703125,1,18.33,Low Risk
3048,1879.88000488281,39991.26953125,6793.8798828125,2009.81994628906,1,29.58,Low Risk
3049,8301.1103515625,25246.4609375,8846.400390625,1968.23999023438,1,22.25,Low Risk
3050,2069.06005859375,14218.8896484375,8793.7197265625,86.3899993896484,1,0.98,Low Risk
3051,4582.60986328125,37597.21875,1929.58996582031,296.140014648438,1,15.35,Low Risk
3052,1889.51000976563,12962.2998046875,1264.31994628906,1628.60998535156,-1,128.81,High Risk
3053,245.160003662109,6371.41015625,4921.7998046875,1567.4599609375,1,31.85,Low Risk
3054,8766.5,35526.359375,2290.86010742188,1429.69995117188,1,62.41,Low Risk
3055,7812.14013671875,15090.2001953125,1628.88000488281,2615.830078125,-1,160.59,High Risk
3056,4758.830078125,15990.01953125,1969.16003417969,993.359985351563,1,50.45,Low Risk
3057,1679.82995605469,44175.01953125,6713.68017578125,2530.7900390625,-1,37.7,High Risk
3058,8083.5400390625,7641.419921875,4153.6298828125,253.720001220703,1,6.11,Low Risk
3059,3657.73999023438,38477.44921875,6682.9501953125,2489.46997070313,1,37.25,Low Risk
3060,6653.2998046875,19924.41015625,1416.66003417969,3740.5400390625,1,264.04,Medium Risk
3061,3235.27001953125,44757.51171875,9395.6796875,4613.75,1,49.11,Low Risk
3062,4379.64013671875,22576.869140625,9702.6796875,4476.169921875,1,46.13,Low Risk
3063,5401.169921875,21042.119140625,9409.2099609375,3235.169921875,1,34.38,Low Risk
3064,7643.9599609375,22063.439453125,3134.34008789063,4911.9501953125,1,156.71,Medium Risk
3065,8337.48046875,42046.828125,8740.7099609375,1832.43005371094,1,20.96,Low Risk
3066,4491.10986328125,1515,4494,3465.7099609375,1,77.12,Medium Risk
3067,2407.10009765625,35538.2890625,7283.669921875,4946.08984375,1,67.91,Low Risk
3068,1621.13000488281,11056.7802734375,2699.3701171875,3473.7900390625,1,128.69,Medium Risk
3069,3473.39990234375,44224.1484375,4791.97021484375,1295.46997070313,1,27.03,Low Risk
3070,8037.66015625,19420.41015625,9051.4599609375,4063.5400390625,1,44.89,Low Risk
3071,2812.419921875,17608.8203125,5118.39013671875,1751.5,1,34.22,Low Risk
3072,570.450012207031,35918.58984375,9374.3798828125,1410.14001464844,1,15.04,Low Risk
3073,5686.330078125,36400,4214.3798828125,4137.14013671875,1,98.17,Medium Risk
3074,432.769989013672,32051.83984375,6353.60009765625,2005.53002929688,1,31.57,Low Risk
3075,8860.759765625,17160.599609375,4977.06005859375,3227.78002929688,1,64.85,Low Risk
3076,6812.7998046875,30907.30078125,2164.63989257813,4339.47021484375,1,200.47,Medium Risk
3077,2642.77001953125,3659.03002929688,5314.8798828125,763.409973144531,1,14.36,Low Risk
3078,4744.009765625,47803.80859375,4240.60009765625,3074.71997070313,1,72.51,Medium Risk
3079,7418.25,23182.880859375,2769.30004882813,898.880004882813,1,32.46,Low Risk
3080,9165.26953125,15919.41015625,4812.83984375,3019.13989257813,-1,62.73,High Risk
3081,8757.08984375,43178.171875,3550.28002929688,2453.32006835938,1,69.1,Low Risk
3082,788.359985351563,16884.4296875,3317.6201171875,4365.85009765625,1,131.6,Medium Risk
3083,903.299987792969,49861.5,8729.6103515625,4504.2001953125,1,51.6,Low Risk
3084,6017.4599609375,34839.37890625,7901.60009765625,3852.27001953125,1,48.75,Low Risk
3085,5015.31005859375,32829.3203125,7091.9599609375,3143.34008789063,1,44.32,Low Risk
3086,3000.080078125,8440.9697265625,4281.740234375,1414.93994140625,1,33.05,Low Risk
3087,9764.1103515625,30883.26953125,3080.77001953125,2439.169921875,1,79.17,Medium Risk
3088,7488.0400390625,8601.1201171875,6681.43994140625,772.909973144531,1,11.57,Low Risk
3089,6904.43994140625,39396.6015625,3509.63989257813,39.8499984741211,1,1.14,Low Risk
3090,1895.16003417969,7781.72021484375,7748.89990234375,2835.27001953125,1,36.59,Low Risk
3091,2910.919921875,18582.80078125,5337.4501953125,1310.78002929688,1,24.56,Low Risk
3092,6089.68017578125,24359.91015625,9192.98046875,1397.11999511719,1,15.2,Low Risk
3093,7976.39990234375,40454.48046875,9074.9296875,891.510009765625,-1,9.82,High Risk
3094,9317.5,32005.25,4989.43994140625,387.589996337891,1,7.77,Low Risk
3095,7007.5,37650.3984375,9588.1396484375,1243.80004882813,1,12.97,Low Risk
3096,4244.509765625,12954.73046875,6946.81005859375,1172.81994628906,1,16.88,Low Risk
3097,6941.669921875,12625.91015625,6445.7099609375,2063.419921875,1,32.01,Low Risk
3098,784.840026855469,19650.380859375,1840.10998535156,380.920013427734,1,20.7,Low Risk
3099,6040.81982421875,1915.35998535156,9842.1796875,2320.330078125,1,23.58,Low Risk
3100,8956.7900390625,41704.5,1824.5,275.799987792969,1,15.12,Low Risk
3101,6405.77001953125,19128.4609375,3425.44995117188,978.950012207031,1,28.58,Low Risk
3102,174.649993896484,4310.1298828125,2532.90991210938,4216.330078125,1,166.46,Medium Risk
3103,6975.740234375,43738.55859375,1513.84997558594,318.910003662109,1,21.07,Low Risk
3104,7291.7998046875,48423.48828125,9989.240234375,523.739990234375,1,5.24,Low Risk
3105,5458.169921875,32682.640625,3870.830078125,2921.72998046875,1,75.48,Medium Risk
3106,8179.27001953125,18472.830078125,1414.93005371094,1314.36999511719,1,92.89,Medium Risk
3107,2102.67993164063,21274.08984375,2124.86010742188,3866.98999023438,1,181.99,Medium Risk
3108,4148.89013671875,13551.6298828125,3127.86010742188,2136.30004882813,1,68.3,Low Risk
3109,8095.10009765625,35852.48828125,1348.16003417969,2863.8701171875,-1,212.43,High Risk
3110,6076.52978515625,18447.529296875,2320.44995117188,552.869995117188,1,23.83,Low Risk
3111,9944.2197265625,2591.7099609375,1288.39001464844,3487.05004882813,1,270.65,Medium Risk
3112,785.719970703125,3261.94995117188,2499.9599609375,4733.580078125,1,189.35,Medium Risk
3113,2518.67993164063,31122.73046875,5006.56982421875,4803.22998046875,1,95.94,Medium Risk
3114,2071.34008789063,15228.8203125,9782.2001953125,3246.68994140625,1,33.19,Low Risk
3115,9766.2802734375,9260.990234375,7091.31982421875,412.429992675781,1,5.82,Low Risk
3116,8705.7001953125,28065.890625,5833.85986328125,4293.60986328125,1,73.6,Medium Risk
3117,1417.92004394531,14643.3896484375,9906.5498046875,4966.7001953125,1,50.14,Low Risk
3118,3602.65991210938,4593.43017578125,7330.990234375,673.059997558594,1,9.18,Low Risk
3119,620.710021972656,10485.5400390625,4331.14990234375,4145.39013671875,1,95.71,Medium Risk
3120,6362.419921875,39117.4296875,8136.60009765625,777.809997558594,1,9.56,Low Risk
3121,3378.830078125,42748.55859375,5337.81005859375,2237.28002929688,1,41.91,Low Risk
3122,2649.88989257813,43735.23046875,1361.63000488281,4623.77978515625,1,339.58,Medium Risk
3123,5278.85986328125,27206.810546875,6722.7099609375,4660.41015625,1,69.32,Low Risk
3124,7975.9599609375,47596.609375,7572.75,2763.1201171875,1,36.49,Low Risk
3125,4098.77978515625,8431.76953125,9810.3203125,4681.9599609375,1,47.72,Low Risk
3126,7598.740234375,34239.44921875,1879.98999023438,188.850006103516,1,10.05,Low Risk
3127,4516.7099609375,35508.8203125,3900.27001953125,3430.86010742188,1,87.96,Medium Risk
3128,2223.77001953125,3606.080078125,7499.18994140625,2141.30004882813,1,28.55,Low Risk
3129,4517.43994140625,14839.9296875,6812.85009765625,2769.14990234375,1,40.65,Low Risk
3130,5426.740234375,47503.359375,5645.72998046875,967.679992675781,1,17.14,Low Risk
3131,4669.64013671875,38192.421875,2701.68994140625,1008.86999511719,1,37.34,Low Risk
3132,2815.81005859375,3680,2897.7900390625,3646.93994140625,1,125.85,Medium Risk
3133,1932.51000976563,27498.900390625,9715.9404296875,3840.26000976563,1,39.53,Low Risk
3134,9474.830078125,32782.48828125,1954.67004394531,3201.830078125,-1,163.8,High Risk
3135,3045.11010742188,48681.08984375,7578.080078125,1728.30004882813,1,22.81,Low Risk
3136,7083.16015625,36105.26953125,1017.59002685547,3530.35009765625,1,346.93,Medium Risk
3137,3472.8701171875,32294.0390625,2113.88989257813,2589.7900390625,1,122.51,Medium Risk
3138,9699.4697265625,45517.8515625,8687.8203125,3505.35009765625,1,40.35,Low Risk
3139,9883.9599609375,33385.9296875,3787.52001953125,1076.75,1,28.43,Low Risk
3140,8268.4501953125,46673.98046875,9952.6796875,2459.44995117188,1,24.71,Low Risk
3141,5856.58984375,25146.029296875,7581.9501953125,628.97998046875,1,8.3,Low Risk
3142,5466.47021484375,36209.69140625,4301.27001953125,4811.75,1,111.87,Medium Risk
3143,3356.71997070313,31955.98046875,4842.5,4968.18017578125,1,102.6,Medium Risk
3144,1308.07995605469,28073.779296875,3169.2099609375,2146.2900390625,-1,67.72,High Risk
3145,882.710021972656,16880.630859375,8359.58984375,1981.42004394531,1,23.7,Low Risk
3146,4707.93017578125,45285.140625,1066.40002441406,2139.31005859375,1,200.61,Medium Risk
3147,9790.009765625,14232.1904296875,3149.7900390625,932.690002441406,1,29.61,Low Risk
3148,2544.09008789063,8810.080078125,8833.6103515625,1040.41003417969,1,11.78,Low Risk
3149,4168.43017578125,35890.4609375,9765.2802734375,4874.85986328125,1,49.92,Low Risk
3150,6450.0498046875,27781.08984375,4952.7099609375,1695.32995605469,1,34.23,Low Risk
3151,3575.53002929688,13880.169921875,8446.5302734375,4351.52978515625,1,51.52,Low Risk
3152,135.929992675781,43645.078125,8339.98046875,38.2599983215332,1,0.46,Low Risk
3153,4022.55004882813,15024.150390625,7951.56982421875,2981.47998046875,1,37.5,Low Risk
3154,8065.9501953125,4125.31982421875,8577.5703125,1138.72998046875,1,13.28,Low Risk
3155,9445.2001953125,1752.96997070313,9514.0498046875,2850.19995117188,1,29.96,Low Risk
3156,2823.39990234375,46219.8984375,1477,3350.01000976563,1,226.81,Medium Risk
3157,9224.2900390625,20706.73046875,4231.93994140625,4065.7900390625,1,96.07,Medium Risk
3158,8684.76953125,11460.9599609375,7310.509765625,1226.31005859375,1,16.77,Low Risk
3159,4126.56982421875,28787.970703125,2752.6298828125,3194.23999023438,1,116.04,Medium Risk
3160,146.309997558594,24906.400390625,5780.39990234375,20.5400009155273,1,0.36,Low Risk
3161,8464.26953125,49992.2890625,6610.64990234375,4996.27001953125,1,75.58,Medium Risk
3162,2939.05004882813,44536.73828125,2507.6201171875,2092.03002929688,1,83.43,Medium Risk
3163,7583.27978515625,14284.009765625,7160.7998046875,992.340026855469,1,13.86,Low Risk
3164,5757.990234375,35187.76171875,1341.56005859375,3222.60009765625,1,240.21,Medium Risk
3165,2294.47998046875,19971.560546875,1252.36999511719,2670.47998046875,1,213.23,Medium Risk
3166,6517.2998046875,18857.44921875,7674.89013671875,15.8999996185303,1,0.21,Low Risk
3167,7671.919921875,18988.259765625,6867.85986328125,2009.23999023438,1,29.26,Low Risk
3168,4797.009765625,32323.5,7883.5,4139.97998046875,-1,52.51,High Risk
3169,7504.31005859375,27361.2109375,1131.43994140625,1295.97998046875,1,114.54,Medium Risk
3170,4109.22021484375,37997.44921875,1701.47998046875,4800.35009765625,1,282.13,Medium Risk
3171,9804.490234375,8496.3095703125,3762.8798828125,4322.85009765625,-1,114.88,High Risk
3172,2474.10009765625,21845.9296875,1931.25,1854.26000976563,1,96.01,Medium Risk
3173,7800.759765625,43155.828125,3984.46997070313,2005.52001953125,1,50.33,Low Risk
3174,7521.06005859375,1155.06005859375,6043.9599609375,2262.14990234375,1,37.43,Low Risk
3175,5341.47998046875,31551.119140625,5972.06005859375,3185.76000976563,1,53.34,Low Risk
3176,3568.35009765625,39501.109375,1823.10998535156,1638.91003417969,1,89.9,Medium Risk
3177,4513.02001953125,19808.869140625,1646.64001464844,5.28999996185303,1,0.32,Low Risk
3178,6331.93017578125,44297.1796875,1399.53002929688,2182.9599609375,1,155.98,Medium Risk
3179,5350.4599609375,37048.890625,8917.2099609375,2473.8701171875,-1,27.74,High Risk
3180,7639.25,30696.359375,7861.75,3546.68994140625,-1,45.11,High Risk
3181,3670.75,10717.7998046875,8412.9697265625,90.7799987792969,1,1.08,Low Risk
3182,1161.72998046875,33835.08984375,1168.68994140625,3159.8798828125,1,270.38,Medium Risk
3183,5105.39013671875,41854.578125,7462.43017578125,381.089996337891,1,5.11,Low Risk
3184,2664.21997070313,36765.5390625,6701.259765625,2626.85009765625,1,39.2,Low Risk
3185,6204.72021484375,29167.990234375,1873.69995117188,1005.52001953125,1,53.66,Low Risk
3186,5251.2001953125,36014.26953125,6239.009765625,4397.22021484375,1,70.48,Medium Risk
3187,7809.60986328125,48867.5390625,1575.08996582031,2134.97998046875,-1,135.55,High Risk
3188,5794.75,1529.41003417969,5079.8701171875,622.780029296875,1,12.26,Low Risk
3189,4364.52001953125,33532.5,7152.759765625,137.740005493164,1,1.93,Low Risk
3190,1286.56994628906,39856.640625,1552.5400390625,4260.08984375,1,274.39,Medium Risk
3191,1289.40002441406,32305.6796875,5600.35986328125,4688.02001953125,1,83.71,Medium Risk
3192,6439.47998046875,14381.509765625,7211.97021484375,3631.419921875,1,50.35,Low Risk
3193,8819.4599609375,41315.109375,1455.14001464844,3320.419921875,1,228.19,Medium Risk
3194,4206.39990234375,45751.66015625,8832.1298828125,1242.93994140625,1,14.07,Low Risk
3195,5354.81005859375,34491.73046875,4190.08984375,3626.94995117188,1,86.56,Medium Risk
3196,5953,26040.189453125,3829.69995117188,767.510009765625,1,20.04,Low Risk
3197,4825.25,18949.720703125,2093.27001953125,4076.65991210938,1,194.75,Medium Risk
3198,689.679992675781,17172.779296875,9868.0498046875,2185.55004882813,1,22.15,Low Risk
3199,5932.47998046875,36438.1484375,6203.75,4373.4599609375,1,70.5,Medium Risk
3200,1457.31005859375,30749.05078125,6249.35009765625,1715.26000976563,1,27.45,Low Risk
3201,5602.4599609375,8685.6796875,6489.14013671875,56.7599983215332,1,0.87,Low Risk
3202,7776.240234375,7913.740234375,4756.16015625,4060.169921875,1,85.37,Medium Risk
3203,153.940002441406,4483.85986328125,4445.08984375,4407.47998046875,1,99.15,Medium Risk
3204,4361.72021484375,34492.078125,5939.47998046875,94.3899993896484,1,1.59,Low Risk
3205,7482.330078125,16403.849609375,2485.01000976563,1282.75,1,51.62,Low Risk
3206,5332.509765625,1991.88000488281,6299.77001953125,1587.47998046875,1,25.2,Low Risk
3207,2429.5400390625,17546.939453125,5480.330078125,2990.81005859375,1,54.57,Low Risk
3208,7005.919921875,41773.71875,2332.8701171875,1180.57995605469,1,50.61,Low Risk
3209,7856.3798828125,13135.4599609375,8015.2900390625,4630.22021484375,1,57.77,Low Risk
3210,3689,32043.919921875,1679.31994628906,4816.56005859375,1,286.82,Medium Risk
3211,3044.27001953125,22543.890625,3161.8701171875,2926.85009765625,1,92.57,Medium Risk
3212,5496.8701171875,27895.900390625,2520.57006835938,4928.56005859375,1,195.53,Medium Risk
3213,3717.68994140625,30192.859375,5119.97998046875,853.330017089844,1,16.67,Low Risk
3214,8375.7802734375,23285.740234375,7373.5498046875,576.690002441406,1,7.82,Low Risk
3215,7812.60009765625,3834.93994140625,3179.8798828125,2028.77001953125,1,63.8,Low Risk
3216,3187.68994140625,28817.080078125,2362,3978.42993164063,1,168.43,Medium Risk
3217,4624.08984375,20478.720703125,6090.4501953125,2946.1298828125,1,48.37,Low Risk
3218,8905.9296875,10794.1201171875,6990.58984375,3149.64990234375,1,45.06,Low Risk
3219,1559.03002929688,44928.8984375,9558.759765625,4793.85986328125,1,50.15,Low Risk
3220,7566.89990234375,37067.2890625,6471.77001953125,2990.05004882813,1,46.2,Low Risk
3221,3236.36010742188,14919.33984375,6111.5,2168.09008789063,1,35.48,Low Risk
3222,1282.81994628906,27408.900390625,5253.2099609375,3924.11010742188,1,74.7,Medium Risk
3223,1258.08996582031,48192.55078125,3515.7099609375,3824.52001953125,1,108.78,Medium Risk
3224,2835.23999023438,13027.6201171875,9559.66015625,4734.91015625,1,49.53,Low Risk
3225,5525.990234375,47421.83984375,7397.22021484375,3071.1298828125,1,41.52,Low Risk
3226,9088.1103515625,34484.7109375,5263.14013671875,74.0599975585938,1,1.41,Low Risk
3227,3099.64990234375,27501,5789.509765625,1669.0400390625,1,28.83,Low Risk
3228,2072.36010742188,49177.1796875,9622.6396484375,2107.30004882813,1,21.9,Low Risk
3229,4838.68017578125,17351.73046875,5369.06982421875,3628.830078125,1,67.59,Low Risk
3230,1650.63000488281,14633.330078125,9940.4697265625,2973.67993164063,1,29.91,Low Risk
3231,2789.73999023438,17640.0703125,6141.47021484375,3176.98999023438,1,51.73,Low Risk
3232,9867.650390625,37792.05859375,9253.4697265625,1324.84997558594,1,14.32,Low Risk
3233,5624.7001953125,17513.3203125,7514.6298828125,4146.43017578125,1,55.18,Low Risk
3234,7860.7099609375,6035.35986328125,1979.21997070313,1600.16003417969,1,80.85,Medium Risk
3235,2196.919921875,32571.2890625,6537.97998046875,3579.10009765625,1,54.74,Low Risk
3236,5248.68017578125,11926.2001953125,9576.650390625,1311.18994140625,1,13.69,Low Risk
3237,5154.240234375,1203.98999023438,4002.47998046875,3163.2099609375,1,79.03,Medium Risk
3238,8145.41015625,10758.7099609375,4214.3798828125,2541.580078125,1,60.31,Low Risk
3239,313.559997558594,41138.12890625,2041.21997070313,644.880004882813,1,31.59,Low Risk
3240,8618.75,47072.16015625,5603.33984375,1521.15002441406,-1,27.15,High Risk
3241,887.989990234375,33435.69140625,3687.53002929688,2706.7099609375,1,73.4,Medium Risk
3242,9174.2998046875,16214,7943.669921875,2195.34008789063,1,27.64,Low Risk
3243,1514.10998535156,22388.369140625,2853.97998046875,2019.09997558594,1,70.75,Medium Risk
3244,5369.16015625,10532.8896484375,7641.27978515625,3618.51000976563,1,47.35,Low Risk
3245,1083.96997070313,44158.12109375,4685.72021484375,3582.81005859375,1,76.46,Medium Risk
3246,4527.18994140625,33613.5,9448.900390625,4965.22021484375,1,52.55,Low Risk
3247,3062.86010742188,5136.22021484375,6162,612.070007324219,1,9.93,Low Risk
3248,4258.93994140625,18979.75,8977.080078125,1241.52001953125,1,13.83,Low Risk
3249,5495.830078125,27363.109375,3314.84008789063,1442.11999511719,1,43.5,Low Risk
3250,4648.43994140625,40069.171875,9522.5498046875,1545.58996582031,1,16.23,Low Risk
3251,329.309997558594,46104.73046875,2951.65991210938,1656.14001464844,1,56.11,Low Risk
3252,8648.1904296875,7501,9511.16015625,2832.3701171875,1,29.78,Low Risk
3253,1040.05004882813,41893.21875,8881.009765625,237.529998779297,1,2.67,Low Risk
3254,9808.2099609375,4223.41015625,2818.9599609375,2328.42993164063,1,82.6,Medium Risk
3255,8528.0498046875,12784.0302734375,6910.68994140625,3541.92993164063,1,51.25,Low Risk
3256,5657.6201171875,2029.59997558594,4322.72998046875,3625.69995117188,1,83.88,Medium Risk
3257,2527.40991210938,4127.58984375,4614,2763.919921875,1,59.9,Low Risk
3258,953.840026855469,2588.59008789063,1355.56005859375,4605.06982421875,1,339.72,Medium Risk
3259,6751.169921875,8154.39013671875,8455.650390625,956.619995117188,1,11.31,Low Risk
3260,2094.93994140625,43949.87890625,3336.1201171875,4929.68994140625,1,147.77,Medium Risk
3261,7358.8798828125,14907.5,7918.9599609375,840.460021972656,1,10.61,Low Risk
3262,8341.830078125,24506.05078125,6302.5400390625,1718.08996582031,1,27.26,Low Risk
3263,9890.75,24868.69921875,9736.990234375,258.209991455078,1,2.65,Low Risk
3264,5091.72998046875,49767.87890625,2807.11010742188,4810.4501953125,1,171.37,Medium Risk
3265,9749.25,18868.970703125,3884.51000976563,2904.90991210938,1,74.78,Medium Risk
3266,1578.27001953125,13989.8701171875,2498.18994140625,3375.97998046875,1,135.14,Medium Risk
3267,8378.849609375,48198.98828125,8490.5498046875,4801.39990234375,1,56.55,Low Risk
3268,3662.0400390625,30033.759765625,3973,3781.46997070313,1,95.18,Medium Risk
3269,3711.63989257813,15184.58984375,2756.169921875,4896.22998046875,1,177.65,Medium Risk
3270,2759.61010742188,15086.8095703125,6327.990234375,2668.80004882813,1,42.17,Low Risk
3271,1816.76000976563,5231.77001953125,4398.22998046875,3602.40991210938,-1,81.91,High Risk
3272,4477.93994140625,28286.560546875,8310.0302734375,784.150024414063,-1,9.44,High Risk
3273,9874.1396484375,36460.7109375,7873.58984375,211.080001831055,1,2.68,Low Risk
3274,3366.080078125,24260.98046875,2079.26000976563,2225.15991210938,-1,107.02,High Risk
3275,4664.7099609375,44337.41015625,8702.919921875,449.700012207031,1,5.17,Low Risk
3276,2362.18994140625,24714.26953125,9843.1201171875,2508.31005859375,1,25.48,Low Risk
3277,3437.48999023438,17971.560546875,7758.35009765625,1766.19995117188,1,22.77,Low Risk
3278,645.900024414063,13288.3603515625,8415.58984375,928.52001953125,1,11.03,Low Risk
3279,9564.740234375,12921.3701171875,9256.9697265625,4924.4599609375,1,53.2,Low Risk
3280,5147.0400390625,16509.1796875,8072.66015625,4700.52978515625,1,58.23,Low Risk
3281,7356.22021484375,49606.76953125,6262.6201171875,1393.78002929688,1,22.26,Low Risk
3282,5181.56982421875,18680.5,1613.44995117188,2139.10009765625,-1,132.58,High Risk
3283,7724.9501953125,26705.390625,5359.97998046875,3342.53002929688,1,62.36,Low Risk
3284,5387.5,14459.080078125,8046.4501953125,2636.35009765625,1,32.76,Low Risk
3285,7045.2900390625,8033.259765625,3305.96997070313,4560.6201171875,-1,137.95,High Risk
3286,6879.52978515625,32645.83984375,6881.72021484375,4938.080078125,1,71.76,Medium Risk
3287,5382.27001953125,27715.779296875,3836.46997070313,311.329986572266,1,8.12,Low Risk
3288,2382.81005859375,4323.490234375,8759.5302734375,2247.36010742188,1,25.66,Low Risk
3289,2197.2900390625,44256.55859375,4269.2998046875,1887.17004394531,1,44.2,Low Risk
3290,8755.6201171875,25877.7890625,1409.21997070313,262.109985351563,1,18.6,Low Risk
3291,1294.80004882813,17430.669921875,6241.0498046875,4558.22998046875,-1,73.04,High Risk
3292,5636.490234375,39188.58984375,1411.81005859375,780.169982910156,1,55.26,Low Risk
3293,5075.10009765625,6492.419921875,2941.11010742188,185.899993896484,1,6.32,Low Risk
3294,8004.16015625,24215.23046875,5513,479.829986572266,1,8.7,Low Risk
3295,1440.39001464844,27889.849609375,8139.490234375,2188.84008789063,1,26.89,Low Risk
3296,6904.25,38981.12109375,3880.55004882813,2053.59008789063,1,52.92,Low Risk
3297,6097.93017578125,19141.990234375,3604.080078125,4524.7900390625,1,125.55,Medium Risk
3298,7041.85009765625,42893.23828125,2016.98999023438,96.6999969482422,1,4.79,Low Risk
3299,6250.1298828125,35185.96875,6270.97021484375,4623.22998046875,1,73.72,Medium Risk
3300,5669.22021484375,38782.69140625,5792.8798828125,2022.10998535156,1,34.91,Low Risk
3301,9270.0595703125,48484.80078125,1079.83996582031,1098.83996582031,1,101.76,Medium Risk
3302,3551.7099609375,42392.9296875,7326.25,4886.85986328125,1,66.7,Low Risk
3303,1928.41003417969,17992.630859375,5143.43994140625,4570.9599609375,1,88.87,Medium Risk
3304,7974.52001953125,32644.740234375,3602.32006835938,3145.78002929688,1,87.33,Medium Risk
3305,1383.94995117188,43561.96875,7397.1201171875,448.970001220703,1,6.07,Low Risk
3306,6829.25,26730.9609375,8306.169921875,3859.78002929688,1,46.47,Low Risk
3307,5540.64990234375,34457.19140625,6374.27978515625,386.380004882813,1,6.06,Low Risk
3308,112.709999084473,9440.7998046875,1849.93994140625,1300.86999511719,1,70.32,Medium Risk
3309,2474.63989257813,40979.80078125,9152.2001953125,3022.27001953125,1,33.02,Low Risk
3310,5009.4501953125,38115.5703125,1160.4599609375,174.889999389648,1,15.07,Low Risk
3311,3364.17993164063,44555.80078125,2884.03002929688,1487.65002441406,1,51.58,Low Risk
3312,4326.22998046875,35797.2890625,3379.580078125,1790.92004394531,1,52.99,Low Risk
3313,6052.56982421875,43968.12890625,4329.8798828125,257.140014648438,1,5.94,Low Risk
3314,7335.169921875,8948.58984375,4199.3798828125,2828.59008789063,1,67.36,Low Risk
3315,1596.94995117188,40868.71875,9090.5703125,3376.60009765625,1,37.14,Low Risk
3316,2900.830078125,47695.3984375,8165.35009765625,472.049987792969,1,5.78,Low Risk
3317,6401.259765625,40959.87890625,2812.84008789063,1876.9599609375,1,66.73,Low Risk
3318,5925.56005859375,31146.169921875,9587.1103515625,1594.76000976563,1,16.63,Low Risk
3319,7394.7998046875,46398.51171875,4260.5,2456.30004882813,1,57.65,Low Risk
3320,6441.0498046875,5629.830078125,2966.93994140625,4663.7998046875,1,157.19,Medium Risk
3321,3368.48999023438,1826.36999511719,9511.51953125,2445.18994140625,1,25.71,Low Risk
3322,5042.43017578125,48300.69140625,6146.89990234375,13.6599998474121,1,0.22,Low Risk
3323,8858.9404296875,34467.25,6307.240234375,180.910003662109,1,2.87,Low Risk
3324,1942.2900390625,6594.16015625,6903.91015625,1706.06994628906,1,24.71,Low Risk
3325,3829.77001953125,17660.599609375,6627.0498046875,523.140014648438,1,7.89,Low Risk
3326,8433.1201171875,37691.30078125,6668.97998046875,1489.57995605469,1,22.34,Low Risk
3327,3705.52001953125,37768.98828125,1017.60998535156,3201.15991210938,1,314.58,Medium Risk
3328,4181.02978515625,9329.58984375,7171.14013671875,1292.58996582031,1,18.02,Low Risk
3329,3260.31005859375,24037.240234375,7679.240234375,573.859985351563,1,7.47,Low Risk
3330,9005.2998046875,40558.23828125,1242.40002441406,3506.42993164063,1,282.23,Medium Risk
3331,6667.080078125,48373.0703125,6620.27978515625,4586.10986328125,1,69.27,Low Risk
3332,2166.90991210938,31505.7109375,3381.85009765625,4552.759765625,1,134.62,Medium Risk
3333,7521.3798828125,32268.529296875,6654.43994140625,3263.93994140625,1,49.05,Low Risk
3334,481.299987792969,23998.119140625,3384.26000976563,925.309997558594,1,27.34,Low Risk
3335,4024.43994140625,27413.83984375,1863.23999023438,4366.009765625,1,234.32,Medium Risk
3336,9106.7197265625,5847.75,2604.330078125,3808.81005859375,1,146.25,Medium Risk
3337,6928.8798828125,18129.8203125,9259.9697265625,4194.490234375,1,45.3,Low Risk
3338,7951.64990234375,25857.390625,4952.18017578125,743.109985351563,1,15.01,Low Risk
3339,9320.01953125,14474.080078125,9246.9697265625,2420.60009765625,1,26.18,Low Risk
3340,7768.06005859375,18631.619140625,5355.72998046875,2665.11010742188,1,49.76,Low Risk
3341,976.97998046875,48588.640625,9085.169921875,3875.42993164063,1,42.66,Low Risk
3342,2383.36010742188,1254.92004394531,6108.18017578125,1628.16003417969,1,26.66,Low Risk
3343,5049.93994140625,15829.5302734375,4159.25,1732.92004394531,1,41.66,Low Risk
3344,237.190002441406,29613.75,2999.19995117188,4429.3701171875,1,147.69,Medium Risk
3345,6283.52001953125,14669.3798828125,4340.919921875,3701.78002929688,1,85.28,Medium Risk
3346,6606.72021484375,34146.73046875,2592.32006835938,3195.64990234375,1,123.27,Medium Risk
3347,6994.83984375,15664.48046875,9833.0302734375,604.549987792969,1,6.15,Low Risk
3348,5601.68017578125,32272.1796875,4137.77001953125,344.540008544922,1,8.33,Low Risk
3349,4578.56005859375,42643.26953125,6012.39990234375,3228.10009765625,1,53.69,Low Risk
3350,8569.9296875,33273.55078125,9970.2802734375,2564.2900390625,1,25.72,Low Risk
3351,7696.58984375,3444.34008789063,5670.22998046875,4922.740234375,1,86.82,Medium Risk
3352,6162.35009765625,39965.4609375,3796,4260.740234375,1,112.24,Medium Risk
3353,555.539978027344,11427.26953125,6526.1298828125,2850.42993164063,1,43.68,Low Risk
3354,6969.89990234375,32104.7890625,8354.5,596.419982910156,1,7.14,Low Risk
3355,5625.7900390625,32689.94921875,6548,491.25,1,7.5,Low Risk
3356,6965.5400390625,40383.12109375,2983.2099609375,2308.5400390625,1,77.38,Medium Risk
3357,3182.9599609375,25785.330078125,2732.18994140625,746.710021972656,1,27.33,Low Risk
3358,7792.16015625,19422.2109375,7454.6201171875,3425.93994140625,1,45.96,Low Risk
3359,4237.580078125,26383.380859375,8639.7802734375,235.759994506836,1,2.73,Low Risk
3360,8955.240234375,27742.08984375,7292.3798828125,4969.18017578125,-1,68.14,High Risk
3361,1129.69995117188,41255.37109375,1839.23999023438,4729.22998046875,1,257.13,Medium Risk
3362,4897.0400390625,11048.48046875,3900.26000976563,3020.3798828125,1,77.44,Medium Risk
3363,2136.80004882813,42494.76953125,7169.580078125,990.159973144531,1,13.81,Low Risk
3364,4589.35009765625,18919.669921875,7399.43017578125,1411.40002441406,1,19.07,Low Risk
3365,3602.27001953125,37449.25,5177.47998046875,1472.15002441406,1,28.43,Low Risk
3366,8054,17449.919921875,3682.6201171875,931.590026855469,1,25.3,Low Risk
3367,1754.97998046875,35735.37890625,1829.86999511719,549.820007324219,1,30.05,Low Risk
3368,6027.2998046875,40159.7890625,1476.84997558594,3315.34008789063,1,224.49,Medium Risk
3369,4124.2001953125,28345.2109375,2027.28002929688,3739.22998046875,1,184.45,Medium Risk
3370,5228.93994140625,31357.689453125,4036.55004882813,1221.86999511719,1,30.27,Low Risk
3371,7172.58984375,35680.26953125,6489.83984375,3792.3701171875,1,58.44,Low Risk
3372,3635.30004882813,34732.94140625,8633.4599609375,824.840026855469,1,9.55,Low Risk
3373,3733.82006835938,36643.359375,3256.919921875,1164.84997558594,1,35.77,Low Risk
3374,860.349975585938,42634.08984375,1680.25,3921.73999023438,1,233.4,Medium Risk
3375,5564.2900390625,11805.2998046875,9692.740234375,4888.52001953125,1,50.43,Low Risk
3376,4227.35009765625,11521.83984375,6551.669921875,3889.330078125,1,59.36,Low Risk
3377,8141.66015625,48563.44140625,2279.30004882813,987.010009765625,1,43.3,Low Risk
3378,4448.72021484375,42714.7109375,3255.919921875,1489.76000976563,1,45.76,Low Risk
3379,9710.8896484375,29993.55078125,4768.22021484375,3198.39990234375,1,67.08,Low Risk
3380,1800.68005371094,1400.76000976563,9706.3798828125,4773.64013671875,1,49.18,Low Risk
3381,2743.90991210938,42883.1484375,2055.57006835938,4973.31005859375,1,241.94,Medium Risk
3382,3979.93994140625,37828.23046875,4845.31982421875,2938.02001953125,1,60.64,Low Risk
3383,1787.17004394531,47862.4296875,4934.77978515625,2182.14990234375,1,44.22,Low Risk
3384,9725.9404296875,1644.93005371094,9929.5400390625,1209.02001953125,1,12.18,Low Risk
3385,6445.509765625,2397.76000976563,2734.63989257813,380.970001220703,1,13.93,Low Risk
3386,210.869995117188,26355.0703125,5215.39990234375,1535.88000488281,1,29.45,Low Risk
3387,5827.25,42946.41015625,9881.73046875,2799.32006835938,1,28.33,Low Risk
3388,7834.3701171875,49574.5,6912.2900390625,3194.23999023438,1,46.21,Low Risk
3389,607.869995117188,16681.240234375,2485.61010742188,1654.2099609375,1,66.55,Low Risk
3390,5821.43994140625,2781.82006835938,9424.3798828125,4797.72021484375,1,50.91,Low Risk
3391,3805.68994140625,10579.8896484375,5885.02978515625,471.730010986328,1,8.02,Low Risk
3392,5856.6201171875,43973.51171875,8326.2197265625,3547.44995117188,1,42.61,Low Risk
3393,2600.80004882813,23856.0703125,8254.1201171875,1884.91003417969,1,22.84,Low Risk
3394,6693.56005859375,42812.0390625,5972.85986328125,3897.65991210938,1,65.26,Low Risk
3395,6746.18994140625,22751.509765625,8345.740234375,4173.68994140625,1,50.01,Low Risk
3396,5441.10009765625,3616.10009765625,8963.8603515625,3625.68994140625,1,40.45,Low Risk
3397,9245.16015625,31261.189453125,8313.740234375,2854.51000976563,1,34.33,Low Risk
3398,9103.849609375,22348.33984375,6679.7099609375,387.109985351563,1,5.8,Low Risk
3399,570.590026855469,25076.310546875,6288.509765625,703.72998046875,1,11.19,Low Risk
3400,2969.94995117188,47499.5703125,5170.85986328125,2984.65991210938,1,57.72,Low Risk
3401,3706.15991210938,23396.669921875,1729.83996582031,4822.080078125,1,278.76,Medium Risk
3402,647.159973144531,40029.8515625,5297.56005859375,2647.86010742188,1,49.98,Low Risk
3403,5284.009765625,3886.71997070313,6664.8798828125,4501.490234375,1,67.54,Low Risk
3404,343.359985351563,24472.91015625,5072.259765625,4628.490234375,1,91.25,Medium Risk
3405,6812.8798828125,29748.05078125,4766.990234375,600.650024414063,1,12.6,Low Risk
3406,126.620002746582,6548.31982421875,3125.42993164063,2281.06005859375,1,72.98,Medium Risk
3407,416.170013427734,15809.4296875,4294.259765625,3764.07006835938,1,87.65,Medium Risk
3408,8354.16015625,37240.08984375,2836.21997070313,2042.86999511719,1,72.03,Medium Risk
3409,2600.830078125,10011.4296875,1701.18005371094,1467.51000976563,1,86.26,Medium Risk
3410,904.169982910156,7294.1201171875,7518.080078125,4570.3798828125,1,60.79,Low Risk
3411,4054.71997070313,15664.5,7297.64990234375,2986.05004882813,1,40.92,Low Risk
3412,604.390014648438,43089.12109375,5656.35986328125,3140.75,-1,55.53,High Risk
3413,7529.06005859375,38384.23046875,1711.86999511719,3494.11010742188,1,204.11,Medium Risk
3414,4992.06005859375,39063.28125,6548.31005859375,4864.259765625,1,74.28,Medium Risk
3415,5564.1298828125,16800.419921875,3511.53002929688,3076.89990234375,1,87.62,Medium Risk
3416,7554.81982421875,5848.009765625,9542.9404296875,81.0500030517578,1,0.85,Low Risk
3417,7866.14013671875,2565.67993164063,1434.81994628906,4831.68994140625,1,336.75,Medium Risk
3418,1448.9599609375,29723.720703125,1026.13000488281,1136.18005371094,1,110.72,Medium Risk
3419,2874.77001953125,35411.98828125,8492.6796875,4806.97021484375,1,56.6,Low Risk
3420,1839.08996582031,19516.669921875,3088.09008789063,1984.28002929688,1,64.26,Low Risk
3421,634.97998046875,26914.23046875,7030.16015625,4296.009765625,1,61.11,Low Risk
3422,5421.419921875,14671.1904296875,4140.89990234375,2005.18994140625,1,48.42,Low Risk
3423,2573.02001953125,18850.810546875,8411.3603515625,3150.32006835938,1,37.45,Low Risk
3424,1624.41003417969,36760.98828125,8682.419921875,2008.7900390625,1,23.14,Low Risk
3425,5150.4599609375,36192.7890625,9476.7998046875,3694.38989257813,1,38.98,Low Risk
3426,6376.75,2376.48999023438,4467.35009765625,4027.48999023438,1,90.15,Medium Risk
3427,7743.81005859375,47267.3515625,1053.68994140625,4243.43994140625,1,402.72,Medium Risk
3428,273.179992675781,14181.580078125,2296.94995117188,1114.46997070313,1,48.52,Low Risk
3429,5310.22021484375,45471.73828125,3771.94995117188,4152.85986328125,1,110.1,Medium Risk
3430,2744,26082.939453125,8273.009765625,2019.86999511719,1,24.42,Low Risk
3431,9916.75,25459.919921875,9193.849609375,3034.51000976563,1,33.01,Low Risk
3432,1653.67004394531,23080.05078125,2891.22998046875,311.910003662109,1,10.79,Low Risk
3433,4434.669921875,46198.94140625,4513.5400390625,2998.26000976563,1,66.43,Low Risk
3434,9703.259765625,11197.2900390625,6095.64990234375,4123.02978515625,1,67.64,Low Risk
3435,2209.65991210938,30970.609375,3493.43994140625,1414.69995117188,1,40.5,Low Risk
3436,8088.2900390625,16571.30078125,4086.22998046875,2307.85009765625,1,56.48,Low Risk
3437,2506.09008789063,45846.69140625,8081.240234375,4107.490234375,1,50.83,Low Risk
3438,845.109985351563,9297.6904296875,2519.85009765625,1501.43994140625,1,59.58,Low Risk
3439,523.280029296875,34133.30078125,5851.2900390625,4596.259765625,1,78.55,Medium Risk
3440,9492.509765625,21666.16015625,6230.22998046875,772.359985351563,1,12.4,Low Risk
3441,2207.63989257813,33399.921875,2276.31005859375,2377.919921875,1,104.46,Medium Risk
3442,2990.35009765625,8722.76953125,7320.56982421875,3169.55004882813,1,43.3,Low Risk
3443,9672.41015625,20289.30078125,2797.919921875,2356.90991210938,1,84.24,Medium Risk
3444,6608.169921875,6255.85986328125,7277.5,2063.25,1,28.35,Low Risk
3445,4932.4599609375,48470.0703125,4593.47998046875,3183.68994140625,1,69.31,Low Risk
3446,4410.669921875,11485.6298828125,6508.240234375,4440.68017578125,1,68.23,Low Risk
3447,580.789978027344,49668.078125,6244.58984375,3313.36010742188,1,53.06,Low Risk
3448,8405.5498046875,21506.41015625,9858.91015625,3120.5400390625,1,31.65,Low Risk
3449,7644.16015625,4505.91015625,1572.41003417969,3725.580078125,1,236.93,Medium Risk
3450,997.909973144531,1861.18005371094,3502.32006835938,2019.9599609375,1,57.67,Low Risk
3451,3599.22998046875,30348.859375,6308.3798828125,86.8000030517578,1,1.38,Low Risk
3452,8865.5595703125,31121.75,7811.06982421875,4694.6201171875,1,60.1,Low Risk
3453,2440.77001953125,26714.869140625,9044.4697265625,1531.36999511719,1,16.93,Low Risk
3454,6151.2099609375,4253.56005859375,1886.31005859375,3840.8701171875,1,203.62,Medium Risk
3455,4930.56982421875,17243.7109375,3514.71997070313,2946.61010742188,-1,83.84,High Risk
3456,8203.3603515625,18594.470703125,2021.44995117188,3471.05004882813,1,171.71,Medium Risk
3457,456.929992675781,35536.01953125,1658.59997558594,4088.98999023438,1,246.53,Medium Risk
3458,8179.85986328125,21523.880859375,1170.81005859375,2462.8701171875,1,210.36,Medium Risk
3459,1443.61999511719,29075.390625,8236.7900390625,170.330001831055,1,2.07,Low Risk
3460,249.220001220703,15030.1904296875,2407.10009765625,4816.35009765625,1,200.09,Medium Risk
3461,5995.4599609375,36573.109375,4490.10009765625,4014.46997070313,1,89.41,Medium Risk
3462,2660.55004882813,3291.53002929688,1108.77001953125,3211.77001953125,-1,289.67,High Risk
3463,7121.85009765625,49436.7109375,8467.900390625,4443.509765625,1,52.47,Low Risk
3464,4750.85009765625,32433.140625,1971.47998046875,4619.169921875,1,234.3,Medium Risk
3465,6094.68994140625,8294.2001953125,4999.5400390625,4386.43994140625,1,87.74,Medium Risk
3466,6928.08984375,36157.05078125,4242.22998046875,712.090026855469,1,16.79,Low Risk
3467,9276.58984375,39541.30078125,3284.82006835938,3644.1298828125,-1,110.94,High Risk
3468,8248.7900390625,39641.19921875,5153.2998046875,1594.80004882813,1,30.95,Low Risk
3469,5001.60986328125,14265.8798828125,1353.9599609375,211.789993286133,1,15.64,Low Risk
3470,4436.35986328125,47973.25,4279.56005859375,1394.36999511719,1,32.58,Low Risk
3471,6581.2900390625,1869.16003417969,5844.41015625,3273.15991210938,1,56,Low Risk
3472,7361.990234375,19612.130859375,6468.990234375,4564,1,70.55,Medium Risk
3473,1809.27001953125,6106.68994140625,5932.31005859375,3453.85009765625,1,58.22,Low Risk
3474,421.989990234375,19858.109375,5088.39013671875,2908.44995117188,1,57.16,Low Risk
3475,4601.06005859375,3804.02001953125,6260.240234375,1668.53002929688,1,26.65,Low Risk
3476,1084.58996582031,32604.009765625,1803,1107.5,-1,61.43,High Risk
3477,2800.06005859375,4060.60009765625,3786.6298828125,2757.82006835938,1,72.83,Medium Risk
3478,5888.919921875,31176.490234375,9700.41015625,2419.0400390625,1,24.94,Low Risk
3479,1599.38000488281,12470.1298828125,9611.7802734375,3425.85009765625,1,35.64,Low Risk
3480,382.079986572266,9778.25,6669.0498046875,2688.330078125,1,40.31,Low Risk
3481,5590.5498046875,18003.0390625,5493.85009765625,2079.35009765625,1,37.85,Low Risk
3482,4715.64990234375,32407.08984375,3072.10009765625,4236.81005859375,-1,137.91,High Risk
3483,3132.39990234375,29331.8203125,4241.60986328125,3975.56005859375,1,93.73,Medium Risk
3484,4740.97998046875,34343.109375,6822.08984375,4067.3798828125,1,59.62,Low Risk
3485,6866.8701171875,46030.0703125,8310.76953125,455.5,1,5.48,Low Risk
3486,1179.10998535156,10961.8603515625,8445.4599609375,745.960021972656,1,8.83,Low Risk
3487,2631.330078125,21254.5,2246.419921875,1002.09002685547,1,44.61,Low Risk
3488,7970.10986328125,14025.2099609375,5547.240234375,4549.5498046875,1,82.01,Medium Risk
3489,6734.2099609375,29731.05078125,7427.8701171875,1808.7900390625,1,24.35,Low Risk
3490,2735.90991210938,14886.6396484375,7266.5,3275.31005859375,1,45.07,Low Risk
3491,4041.68994140625,28342.8203125,9761.830078125,211.809997558594,1,2.17,Low Risk
3492,1285.52001953125,41335.03125,2144.98999023438,3665.94995117188,1,170.91,Medium Risk
3493,2605.9599609375,27996.330078125,5155.2099609375,3815.36010742188,1,74.01,Medium Risk
3494,8427.400390625,42068.328125,1702.39001464844,3727.94995117188,1,218.98,Medium Risk
3495,4460.06982421875,30956.16015625,6135.91015625,217.309997558594,1,3.54,Low Risk
3496,6438.89990234375,43644.69140625,7153.85009765625,491.399993896484,1,6.87,Low Risk
3497,1681.43994140625,46590.44140625,1673.92004394531,3712.98999023438,1,221.81,Medium Risk
3498,1914.72998046875,25882.830078125,5799.41015625,3134.25,1,54.04,Low Risk
3499,9415.1201171875,39741.6484375,9751.4296875,1820.22998046875,1,18.67,Low Risk
3500,8430.1904296875,23971.9609375,1317.33996582031,2771.71997070313,1,210.4,Medium Risk
3501,7924.27001953125,35554.5,2602.97998046875,18.1399993896484,1,0.7,Low Risk
3502,3362.93994140625,2837.88989257813,5915.97021484375,2155.89990234375,1,36.44,Low Risk
3503,5671.27978515625,48378.7109375,7413.7998046875,835.179992675781,1,11.27,Low Risk
3504,4974.18017578125,44822.33984375,8418.41015625,4829.91015625,1,57.37,Low Risk
3505,9566.6796875,44771.078125,3680.9599609375,1584.65002441406,1,43.05,Low Risk
3506,2472.3798828125,14781.3095703125,4017.1201171875,3985.22998046875,1,99.21,Medium Risk
3507,9477.6103515625,14875.1904296875,8100.16015625,635.909973144531,1,7.85,Low Risk
3508,7097.81982421875,20727.439453125,4787.08984375,900.47998046875,1,18.81,Low Risk
3509,4195.5498046875,44129.2890625,8882.4501953125,3490.2900390625,1,39.29,Low Risk
3510,2736.90991210938,43073.3203125,9280.2001953125,3864.8701171875,-1,41.65,High Risk
3511,7597.7998046875,15183.5400390625,8660.169921875,4493.72998046875,1,51.89,Low Risk
3512,8247.0595703125,27547.029296875,1755.56994628906,3472.03002929688,1,197.77,Medium Risk
3513,3639.52001953125,24283.33984375,5858.0498046875,3537.919921875,1,60.39,Low Risk
3514,1801.60998535156,32883.078125,9515.990234375,1162.96997070313,1,12.22,Low Risk
3515,4973.22021484375,11481.099609375,9673.490234375,4729.58984375,1,48.89,Low Risk
3516,4738.169921875,5167.47998046875,5734.740234375,3563.80004882813,1,62.14,Low Risk
3517,7281.490234375,2335.5,4894.2998046875,887.200012207031,1,18.13,Low Risk
3518,9734.5302734375,19689.44921875,2696.64990234375,3244.81005859375,1,120.33,Medium Risk
3519,5359.68994140625,47383.98046875,9974.580078125,4048.0400390625,1,40.58,Low Risk
3520,7344.02001953125,34555.8984375,6578.77978515625,2316.48999023438,1,35.21,Low Risk
3521,3570.73999023438,37707.37890625,1718.82995605469,1687.96997070313,1,98.2,Medium Risk
3522,6035.7900390625,47313.01953125,8893.6298828125,4298.47998046875,1,48.33,Low Risk
3523,1241.75,21680.529296875,6910.06982421875,4273.919921875,1,61.85,Low Risk
3524,8167.85009765625,24244.029296875,3985.2900390625,3926.34008789063,1,98.52,Medium Risk
3525,3508.81005859375,18617.509765625,2666.9599609375,1024.52001953125,1,38.42,Low Risk
3526,892.409973144531,9887.259765625,6985.8701171875,2799.8701171875,1,40.08,Low Risk
3527,9906.5595703125,38553.30078125,1085.38000488281,2200.43994140625,1,202.73,Medium Risk
3528,9027.7001953125,45427.6015625,8776.2998046875,3487.92993164063,1,39.74,Low Risk
3529,2054.59008789063,40879.8984375,6667.35009765625,4475.740234375,1,67.13,Low Risk
3530,3695.69995117188,3338.2900390625,2911.5400390625,1234.35998535156,1,42.4,Low Risk
3531,9373.509765625,15658.08984375,7256.35986328125,1550.18994140625,1,21.36,Low Risk
3532,7983.64990234375,30012.189453125,3367.8701171875,1182.5,1,35.11,Low Risk
3533,9073.48046875,17032.0703125,8961.7001953125,3783.580078125,1,42.22,Low Risk
3534,5669.240234375,8355.830078125,6956.35009765625,2484.86010742188,1,35.72,Low Risk
3535,2506.85009765625,27379.7890625,8976.7802734375,2381.60009765625,1,26.53,Low Risk
3536,2347.830078125,26553.119140625,7568.2998046875,2477.55004882813,-1,32.74,High Risk
3537,5304.1298828125,35784.8203125,4548.22021484375,1540.22998046875,1,33.86,Low Risk
3538,9247.599609375,49993.48828125,8339.8203125,1144.18005371094,1,13.72,Low Risk
3539,6352.7099609375,32763.6796875,8346.3603515625,4017.5400390625,1,48.14,Low Risk
3540,440.470001220703,16527.390625,9737.1298828125,3148.32006835938,1,32.33,Low Risk
3541,5648.7099609375,47862.6796875,6570.3701171875,3603.32006835938,1,54.84,Low Risk
3542,6123.56005859375,28993.720703125,7182.27978515625,1495.68005371094,1,20.82,Low Risk
3543,5857.39013671875,32641.0703125,5336.85009765625,862.369995117188,1,16.16,Low Risk
3544,6941.64990234375,18520.490234375,3430.80004882813,1354.43994140625,1,39.48,Low Risk
3545,3005.7900390625,23139.98046875,1740.73999023438,4463.97021484375,1,256.44,Medium Risk
3546,1523.28002929688,21512.919921875,7788.580078125,1684.15002441406,1,21.62,Low Risk
3547,7525.47998046875,46874.5703125,5226.18017578125,319.859985351563,1,6.12,Low Risk
3548,2043.90002441406,40669.921875,8603.259765625,2449.34008789063,1,28.47,Low Risk
3549,1230.17004394531,5444.5,4889.7001953125,1645.42004394531,1,33.65,Low Risk
3550,3657.830078125,16379.4501953125,9481.0498046875,2396.88989257813,1,25.28,Low Risk
3551,8344.26953125,3728.73999023438,4344.7099609375,3446.71997070313,1,79.33,Medium Risk
3552,912.869995117188,26321.2109375,4922.64013671875,4775.14990234375,1,97,Medium Risk
3553,2036.06005859375,14691.7900390625,6916.27001953125,3895,1,56.32,Low Risk
3554,4805.06982421875,4596.60986328125,3859.330078125,2473.34008789063,1,64.09,Low Risk
3555,2947.7099609375,38828.44921875,6648.93017578125,3866.6298828125,1,58.15,Low Risk
3556,7244.43994140625,5465.27978515625,1117.94995117188,1197.33996582031,1,107.1,Medium Risk
3557,6781.52978515625,14306.6298828125,3201.86010742188,4135.97998046875,1,129.17,Medium Risk
3558,8440.91015625,38810.21875,3101,2758.39990234375,1,88.95,Medium Risk
3559,2118.05004882813,26067.01953125,1998.80004882813,4061.44995117188,1,203.19,Medium Risk
3560,6524.2998046875,41038.6796875,9329.6201171875,2865.63989257813,1,30.72,Low Risk
3561,7769.8701171875,21309.580078125,9855.7197265625,1657.93994140625,1,16.82,Low Risk
3562,720.400024414063,40928.25,1362.43005371094,545.190002441406,1,40.02,Low Risk
3563,464.549987792969,27370.01953125,4999.43017578125,2326.48999023438,1,46.54,Low Risk
3564,5636.66015625,5309.740234375,2494.30004882813,3685.52001953125,1,147.76,Medium Risk
3565,5919.759765625,24103.029296875,8465.7802734375,1482.46997070313,-1,17.51,High Risk
3566,3988.81005859375,28123.640625,2326.40991210938,1480.89001464844,1,63.66,Low Risk
3567,457.130004882813,30992.98046875,2654.90991210938,3843.39990234375,1,144.77,Medium Risk
3568,4079.03002929688,46466.28125,7614.240234375,933.570007324219,1,12.26,Low Risk
3569,6456.68017578125,9994.3095703125,1802.59997558594,2034.51000976563,1,112.87,Medium Risk
3570,7048.6201171875,30695.369140625,9543.650390625,3091.67993164063,1,32.4,Low Risk
3571,4978.64013671875,37849.1015625,7598.43017578125,1848.76000976563,1,24.33,Low Risk
3572,5297.75,44607.7890625,9794.7001953125,4821.81982421875,1,49.23,Low Risk
3573,6759.47998046875,26740,5023.85986328125,4597.56005859375,1,91.51,Medium Risk
3574,4548.08984375,11483.580078125,3082.3701171875,4744.8798828125,1,153.94,Medium Risk
3575,2708.80004882813,41066.421875,9423.080078125,4911.3798828125,-1,52.12,High Risk
3576,2307.39990234375,45347.3515625,5567.2900390625,4867.27001953125,1,87.43,Medium Risk
3577,7552.25,6212.0400390625,9550.0595703125,1580.68005371094,1,16.55,Low Risk
3578,4926.72998046875,12256.1201171875,9580.9599609375,2637.90991210938,1,27.53,Low Risk
3579,6278.4501953125,43701.69921875,8193.4501953125,3918.84008789063,1,47.83,Low Risk
3580,4763.9501953125,24736.359375,3032.46997070313,3598.11010742188,-1,118.65,High Risk
3581,8206.490234375,9285.919921875,3106.65991210938,1311.48999023438,1,42.22,Low Risk
3582,5018.7900390625,32619.439453125,6820.16015625,1816.59997558594,1,26.64,Low Risk
3583,9881.740234375,23456.16015625,5294.2998046875,4689.75,1,88.58,Medium Risk
3584,2501.7900390625,48430.01171875,4748.91015625,4667.35986328125,1,98.28,Medium Risk
3585,1471.41003417969,11912.990234375,2835.63989257813,3629.68994140625,1,128,Medium Risk
3586,3798.61010742188,18745.9296875,2997.02001953125,32.5699996948242,-1,1.09,High Risk
3587,9194.7001953125,9141.41015625,4284.10009765625,2580.98999023438,1,60.25,Low Risk
3588,8537.8896484375,3436.88989257813,6682.009765625,1048.67004394531,1,15.69,Low Risk
3589,2548.7900390625,14421.259765625,1378.41003417969,3873.98999023438,1,281.05,Medium Risk
3590,6037.009765625,41171.5703125,4520.10009765625,406.029998779297,1,8.98,Low Risk
3591,5930.5,14094.419921875,7728.240234375,4039,1,52.26,Low Risk
3592,3004.6298828125,35120.80859375,4789.31005859375,1529.84997558594,1,31.94,Low Risk
3593,2430.28002929688,26775.150390625,6372.2998046875,1857.77001953125,-1,29.15,High Risk
3594,3961.48999023438,26465.7890625,1904.7099609375,3470.40991210938,1,182.2,Medium Risk
3595,7907.330078125,39295.62109375,9449.7197265625,1146.34997558594,1,12.13,Low Risk
3596,1997.97998046875,31270.630859375,2250.94995117188,4211.1201171875,1,187.08,Medium Risk
3597,4512.66015625,8832.9296875,6841.8701171875,4650.41015625,1,67.97,Low Risk
3598,4868.81982421875,11817.4501953125,2498.53002929688,4940.8701171875,1,197.75,Medium Risk
3599,9397.330078125,27645.44921875,9858.08984375,3463.9599609375,1,35.14,Low Risk
3600,3104.8701171875,42420.421875,6695.27978515625,2804.53002929688,1,41.89,Low Risk
3601,294.5,8463.6396484375,5684.35009765625,4456.080078125,1,78.39,Medium Risk
3602,6967.93994140625,6237.8701171875,8609.1796875,1417.4599609375,1,16.46,Low Risk
3603,7582.33984375,26359.390625,2537.5,2664.07006835938,1,104.99,Medium Risk
3604,7060.02001953125,10243.900390625,4820.72021484375,1085.76000976563,1,22.52,Low Risk
3605,7037.31982421875,49717.55078125,9795.7998046875,1629.30004882813,1,16.63,Low Risk
3606,4883.9501953125,1213.56005859375,5561.22998046875,3511.669921875,1,63.15,Low Risk
3607,284.739990234375,22994.30078125,6661.06982421875,486.970001220703,1,7.31,Low Risk
3608,7326.18994140625,8964.5302734375,1613.08996582031,2429.48999023438,1,150.61,Medium Risk
3609,9371.5498046875,34372.859375,1647.68005371094,4207.0498046875,-1,255.33,High Risk
3610,1658.11999511719,31876.58984375,1554.71997070313,2479.44995117188,1,159.48,Medium Risk
3611,772.349975585938,40546.3203125,5414.0498046875,1204.7099609375,1,22.25,Low Risk
3612,2725.53002929688,28606.75,7469.10009765625,1777.31005859375,1,23.8,Low Risk
3613,8512.9599609375,10279.0595703125,3922.30004882813,2895.080078125,1,73.81,Medium Risk
3614,1150.85998535156,3612.419921875,6177.0400390625,3112.8798828125,1,50.39,Low Risk
3615,7180.169921875,36385.19140625,6193.43017578125,40.6599998474121,1,0.66,Low Risk
3616,723.179992675781,22556.169921875,2425.4599609375,895.27001953125,1,36.91,Low Risk
3617,424.609985351563,11888.4296875,7758.080078125,3458.7099609375,1,44.58,Low Risk
3618,8923.8896484375,13339.26953125,5916.669921875,415.779998779297,1,7.03,Low Risk
3619,7728.5498046875,8302.3095703125,2080.40991210938,4254.93017578125,1,204.52,Medium Risk
3620,6025.990234375,14895.4404296875,9528.8798828125,1527.16003417969,1,16.03,Low Risk
3621,1802.75,39809.05078125,3218.77001953125,3938.64990234375,1,122.37,Medium Risk
3622,2860.60009765625,31412.33984375,4717.2998046875,4208.2900390625,1,89.21,Medium Risk
3623,581.179992675781,49382.51953125,9500.4599609375,4691.85986328125,1,49.39,Low Risk
3624,6489.08984375,26689.779296875,3992.32006835938,3543.9599609375,1,88.77,Medium Risk
3625,6892.25,26552.990234375,2665.68994140625,4308.89990234375,1,161.64,Medium Risk
3626,3335.40991210938,10377.919921875,9842.4296875,1363.80004882813,1,13.86,Low Risk
3627,3450.32006835938,29736.3203125,9961.0595703125,78.1900024414063,1,0.78,Low Risk
3628,6326.8798828125,30810.01953125,7190.3798828125,3397.40991210938,1,47.25,Low Risk
3629,9462.080078125,11120.01953125,9047.2099609375,1280.32995605469,1,14.15,Low Risk
3630,4007.6201171875,5310.33984375,9989.150390625,3748.72998046875,1,37.53,Low Risk
3631,4986.5400390625,19069.7890625,2317.1298828125,1876.17004394531,1,80.97,Medium Risk
3632,7012.93017578125,9433.0703125,8576.4296875,3840.64990234375,-1,44.78,High Risk
3633,3488.97998046875,25657.01953125,1416.9599609375,3809,1,268.81,Medium Risk
3634,8701.7001953125,26779.380859375,6797.72998046875,2208.02001953125,1,32.48,Low Risk
3635,8477.2001953125,30799.640625,6617.0400390625,4297.47998046875,1,64.95,Low Risk
3636,6775.39990234375,30538.720703125,5383.43017578125,2346.169921875,1,43.58,Low Risk
3637,5415.5400390625,34069.03125,6180.27978515625,4794.72998046875,1,77.58,Medium Risk
3638,9836.8603515625,12292.2900390625,3499.97998046875,199.449996948242,1,5.7,Low Risk
3639,7053.56982421875,36811.30859375,1065.93994140625,2710.169921875,1,254.25,Medium Risk
3640,6467.93994140625,26716.33984375,2693.67993164063,92.9700012207031,-1,3.45,High Risk
3641,8780.5,22427.990234375,9406.5,1576.64001464844,1,16.76,Low Risk
3642,5594.41015625,32746.880859375,3443.82006835938,2309.71997070313,1,67.07,Low Risk
3643,2504.93994140625,25561.76953125,7415.47998046875,853.919982910156,1,11.52,Low Risk
3644,1463.94995117188,26757.73046875,5095.97021484375,4070.52001953125,1,79.88,Medium Risk
3645,4763.22021484375,2139.13989257813,9830.6396484375,2096.42993164063,1,21.33,Low Risk
3646,5204.97998046875,40299.80078125,9807.41015625,722.150024414063,1,7.36,Low Risk
3647,8294.169921875,21784.619140625,5762.7099609375,1458.7900390625,1,25.31,Low Risk
3648,1480.80004882813,26385.75,4101.18017578125,669.179992675781,-1,16.32,High Risk
3649,6844.18017578125,20105.619140625,4632.75,2716.5400390625,1,58.64,Low Risk
3650,3110.86010742188,28024.990234375,4216.22021484375,2337.68994140625,1,55.45,Low Risk
3651,9396.400390625,3648.080078125,1527.08996582031,1055.63000488281,1,69.13,Low Risk
3652,4757.169921875,19811.5390625,1447.97998046875,4857.64013671875,-1,335.48,High Risk
3653,6261.740234375,33765.2109375,6051.39013671875,3298,1,54.5,Low Risk
3654,6536.06982421875,46983.859375,6177.47998046875,1599.07995605469,1,25.89,Low Risk
3655,1000.95001220703,42609.828125,1654.67004394531,1841.03002929688,1,111.26,Medium Risk
3656,8536.73046875,48178.078125,4482.7998046875,4712.2001953125,1,105.12,Medium Risk
3657,1725.93994140625,39294.21875,9280.490234375,2889.2900390625,1,31.13,Low Risk
3658,4034.44995117188,31998.25,4930.39990234375,559.679992675781,1,11.35,Low Risk
3659,6758.3798828125,21740.349609375,4205.91015625,4032.44995117188,1,95.88,Medium Risk
3660,646.679992675781,7033.97998046875,1653.9599609375,4392.72021484375,1,265.59,Medium Risk
3661,5846.2001953125,13289.2998046875,8443.23046875,3251.330078125,1,38.51,Low Risk
3662,4158.169921875,14287.580078125,6316.35986328125,236.649993896484,1,3.75,Low Risk
3663,732.140014648438,21966.26953125,2515.80004882813,1476.48999023438,1,58.69,Low Risk
3664,7291.27001953125,30882.2109375,4739.33984375,3661.27001953125,1,77.25,Medium Risk
3665,5063.2001953125,31314.4296875,7563.39013671875,1264.76000976563,1,16.72,Low Risk
3666,3104.06005859375,23321.58984375,3385.09008789063,2194.7900390625,1,64.84,Low Risk
3667,934.849975585938,14457.5400390625,5379.3701171875,1413.82995605469,-1,26.28,High Risk
3668,5519.990234375,3768.22998046875,5888.27001953125,508.859985351563,1,8.64,Low Risk
3669,3129.03002929688,49452.98046875,7427.10986328125,2268.73999023438,1,30.55,Low Risk
3670,9472.169921875,47038.44140625,6153.97021484375,3137.2099609375,1,50.98,Low Risk
3671,5956.009765625,9963.3701171875,5107.39013671875,1446.59997558594,1,28.32,Low Risk
3672,2922.13989257813,30664.400390625,2556.18994140625,1132.98999023438,1,44.32,Low Risk
3673,5333.31982421875,15487.0595703125,3790.59008789063,623.380004882813,1,16.45,Low Risk
3674,5441,10526.990234375,4477.5498046875,3408.31005859375,1,76.12,Medium Risk
3675,7294.93994140625,34536.1484375,9226.3896484375,1137.80004882813,-1,12.33,High Risk
3676,9031.7998046875,39523.44140625,6920.68994140625,2155.32006835938,1,31.14,Low Risk
3677,9629.6796875,20923.05078125,5870.0400390625,841.780029296875,1,14.34,Low Risk
3678,7207.1201171875,3894.1201171875,5590.56982421875,3079.59008789063,1,55.09,Low Risk
3679,5504.5400390625,20673.30078125,6900.77978515625,3121.73999023438,-1,45.24,High Risk
3680,2326.830078125,27077.5,3065.15991210938,4282.35009765625,1,139.71,Medium Risk
3681,4089.98999023438,44767.609375,4853.47998046875,4926.64013671875,1,101.51,Medium Risk
3682,4939.009765625,33183.328125,6079.68994140625,4506.93017578125,1,74.13,Medium Risk
3683,1370.86999511719,35814.328125,4309.4599609375,4114.10009765625,1,95.47,Medium Risk
3684,2638.39990234375,10928.9296875,1469.03002929688,4416.759765625,1,300.66,Medium Risk
3685,9846.080078125,36293.30859375,4857.1201171875,268.980010986328,1,5.54,Low Risk
3686,7591.22998046875,25589.419921875,2251.26000976563,3807.88989257813,1,169.14,Medium Risk
3687,4871.8701171875,41200.171875,8055.990234375,1848.01000976563,1,22.94,Low Risk
3688,2337.71997070313,11602.099609375,5549.35009765625,941.820007324219,1,16.97,Low Risk
3689,5777.1298828125,26228.259765625,9697.8798828125,2161.8701171875,1,22.29,Low Risk
3690,2395.56005859375,11264.3798828125,4297.2998046875,576.489990234375,1,13.42,Low Risk
3691,2011.78002929688,15009.91015625,3388.36010742188,1340.72998046875,1,39.57,Low Risk
3692,1028.18994140625,41778,9978.2998046875,2063.830078125,1,20.68,Low Risk
3693,3523.94995117188,34701.921875,3908.94995117188,2936.90991210938,1,75.13,Medium Risk
3694,5463.06005859375,36695.91015625,4595.66015625,4671.6298828125,1,101.65,Medium Risk
3695,1677.33996582031,4358.330078125,1087.88000488281,368.880004882813,1,33.91,Low Risk
3696,2084.31005859375,36709.0703125,2904.3701171875,3104.6201171875,1,106.89,Medium Risk
3697,3972.28002929688,25078.94921875,7980.7900390625,383.279998779297,1,4.8,Low Risk
3698,4946.35986328125,23498.05078125,7350.22021484375,2966.4599609375,1,40.36,Low Risk
3699,7646.60009765625,21218.720703125,4608.77001953125,3018.34008789063,1,65.49,Low Risk
3700,5709.6201171875,42737.94921875,9265.3896484375,1948.77001953125,1,21.03,Low Risk
3701,6215.240234375,9695.73046875,5889.64013671875,260.209991455078,-1,4.42,High Risk
3702,6992.47998046875,40891.62109375,6660.89990234375,4105.240234375,1,61.63,Low Risk
3703,4564.72998046875,46487.87109375,8231.6796875,1685.27001953125,1,20.47,Low Risk
3704,3497.02001953125,9243.7001953125,7330.75,298.890014648438,1,4.08,Low Risk
3705,8024.169921875,49980.19921875,2343.78002929688,265.029998779297,1,11.31,Low Risk
3706,8300.3701171875,49536.1796875,5303.259765625,437.690002441406,1,8.25,Low Risk
3707,1624.42004394531,31444.630859375,6431.56005859375,4329.0400390625,1,67.31,Low Risk
3708,9538.3603515625,14158.2099609375,1458.32995605469,2369.18994140625,1,162.46,Medium Risk
3709,9306.240234375,22051.630859375,3209.55004882813,4363.9599609375,1,135.97,Medium Risk
3710,8721.6904296875,9348.7802734375,8050.2998046875,3744.11010742188,1,46.51,Low Risk
3711,4284.31982421875,6889.91015625,9596.01953125,70.2900009155273,1,0.73,Low Risk
3712,8437.5703125,35497.44921875,9823.099609375,1523.94995117188,1,15.51,Low Risk
3713,6317.77978515625,29412.4609375,7462.77978515625,2611.69995117188,1,35,Low Risk
3714,2133.40991210938,28615.119140625,7321.16015625,149.080001831055,1,2.04,Low Risk
3715,7771.33984375,13140.2802734375,7356.009765625,4791.56982421875,1,65.14,Low Risk
3716,4120.33984375,12510.41015625,3666.5,4547.02978515625,1,124.02,Medium Risk
3717,2992.42993164063,49496.98046875,4699.02978515625,1179.43005371094,1,25.1,Low Risk
3718,8795.08984375,31809.919921875,2613.94995117188,1829.39001464844,1,69.99,Low Risk
3719,8636.5498046875,41153.3203125,5231.669921875,3633.92993164063,1,69.46,Low Risk
3720,8657.2998046875,19547.080078125,1365.56994628906,86,1,6.3,Low Risk
3721,8609.2802734375,42340.37109375,8460.1796875,1124.53002929688,1,13.29,Low Risk
3722,5586.8701171875,36396.66015625,9527.1298828125,2564.31005859375,-1,26.92,High Risk
3723,6207.509765625,18156.099609375,2243.32006835938,1814.89001464844,1,80.9,Medium Risk
3724,9493.76953125,36167.03125,5363.56005859375,552.090026855469,1,10.29,Low Risk
3725,1380.47998046875,46355.51171875,4955.72021484375,2774.47998046875,1,55.99,Low Risk
3726,8081.990234375,11472.83984375,7711.97021484375,4111.509765625,1,53.31,Low Risk
3727,5310.0498046875,27834,5629.58984375,1155.81005859375,1,20.53,Low Risk
3728,9786.23046875,48365.87109375,5021.2998046875,1113.01000976563,1,22.17,Low Risk
3729,6428.31982421875,41248.5,2257.46997070313,353.600006103516,1,15.66,Low Risk
3730,1709.18994140625,31394.26953125,3573.01000976563,2771.40991210938,1,77.57,Medium Risk
3731,8173.35986328125,4418.509765625,6289.919921875,2023.42004394531,1,32.17,Low Risk
3732,6759.4501953125,20909.83984375,1366.48999023438,3159.86010742188,1,231.24,Medium Risk
3733,1574.39001464844,32887.51171875,4002.90991210938,173.580001831055,1,4.34,Low Risk
3734,189.020004272461,21073.4296875,2289.25,3200.330078125,1,139.8,Medium Risk
3735,5482.10986328125,49857.109375,1684.81005859375,4658.97021484375,1,276.53,Medium Risk
3736,2490.73999023438,37916.25,4836.18994140625,4109.16015625,1,84.97,Medium Risk
3737,8685.6904296875,10167.009765625,3749.60009765625,1726.5400390625,1,46.05,Low Risk
3738,2584.2099609375,25028.9296875,6146.97021484375,552.780029296875,1,8.99,Low Risk
3739,6662.27978515625,19814.640625,2844.6298828125,2692.28002929688,1,94.64,Medium Risk
3740,3516.7900390625,30098.3203125,1499.17004394531,1418.97998046875,1,94.65,Medium Risk
3741,3568.14990234375,22881.66015625,1316.0400390625,53.8699989318848,1,4.09,Low Risk
3742,1899.96997070313,12657.1396484375,4885.990234375,2043.30004882813,1,41.82,Low Risk
3743,5076.9501953125,36494.19140625,1070.47998046875,2699.80004882813,1,252.2,Medium Risk
3744,5834.7900390625,6226.39013671875,1504.01000976563,3877.3798828125,1,257.8,Medium Risk
3745,5852.0400390625,27074.5703125,4090.7099609375,4898.64013671875,1,119.75,Medium Risk
3746,8580.4404296875,16197.83984375,9465.5498046875,4333.080078125,1,45.78,Low Risk
3747,6558.240234375,48360.01953125,7438.31982421875,2707.6298828125,1,36.4,Low Risk
3748,7428.35009765625,15874.509765625,7656.080078125,4033.56005859375,1,52.68,Low Risk
3749,3302.13989257813,17706.140625,2535.919921875,4146.02001953125,1,163.49,Medium Risk
3750,4264.7900390625,35647.26953125,6133.330078125,4833.56005859375,1,78.81,Medium Risk
3751,281.100006103516,7295.2900390625,3078.88989257813,1234.80004882813,1,40.11,Low Risk
3752,883.179992675781,16906.630859375,5664.68017578125,1259.19995117188,-1,22.23,High Risk
3753,3912.67993164063,35099.828125,8320.0498046875,1092.78002929688,1,13.13,Low Risk
3754,2176.36010742188,2506.92993164063,4884.830078125,4505.97021484375,1,92.24,Medium Risk
3755,8148.2998046875,16239.0302734375,3058.10009765625,3420.28002929688,1,111.84,Medium Risk
3756,6797.22021484375,1404.53002929688,3772.36010742188,699.349975585938,1,18.54,Low Risk
3757,9706.01953125,8361.23046875,5407.77978515625,4806.7099609375,-1,88.89,High Risk
3758,8881.6396484375,30605.669921875,8290.1796875,3027.22998046875,1,36.52,Low Risk
3759,9778.83984375,23379.029296875,6703.9599609375,10.5299997329712,1,0.16,Low Risk
3760,3716.21997070313,8645.26953125,9599.7001953125,2183.14990234375,1,22.74,Low Risk
3761,4895.330078125,4823.25,9789.9296875,3864.0400390625,1,39.47,Low Risk
3762,3788.98999023438,3759.89990234375,3817.78002929688,1551.44995117188,1,40.64,Low Risk
3763,9646.6298828125,5182.5498046875,6941.60009765625,3355.56005859375,1,48.34,Low Risk
3764,4086.82006835938,5707.759765625,7375.08984375,3590.15991210938,1,48.68,Low Risk
3765,1255.93994140625,5229.31982421875,6039.6298828125,4142.8701171875,1,68.59,Low Risk
3766,2580.05004882813,3698.92993164063,8232.33984375,2902.27001953125,1,35.25,Low Risk
3767,4305.72021484375,35154.51171875,3484.65991210938,957.710021972656,1,27.48,Low Risk
3768,6069.64013671875,47122.0703125,7855.580078125,4211.14013671875,-1,53.61,High Risk
3769,6219.06005859375,42942.96875,3260.73999023438,916.47998046875,1,28.11,Low Risk
3770,7611.9599609375,14026.8203125,5886.72021484375,2292.6201171875,1,38.95,Low Risk
3771,6513.8798828125,11009.6904296875,2017.77001953125,449.829986572266,1,22.29,Low Risk
3772,4966.18994140625,3347.68994140625,7169.41015625,796.090026855469,1,11.1,Low Risk
3773,398.700012207031,8645.650390625,8710.2802734375,959.140014648438,1,11.01,Low Risk
3774,6980.77978515625,28820.7890625,7669.4599609375,3597.48999023438,1,46.91,Low Risk
3775,946.039978027344,49908.12109375,9582.0595703125,1099.08996582031,1,11.47,Low Risk
3776,4741.22998046875,43092.69140625,9899.099609375,2560.80004882813,1,25.87,Low Risk
3777,8974.3203125,26231.150390625,5147.81005859375,3387.31005859375,1,65.8,Low Risk
3778,6009.10009765625,21749.2890625,2393.27001953125,2749.96997070313,1,114.9,Medium Risk
3779,2069.75,8243.4697265625,7412.83984375,3302.63989257813,1,44.55,Low Risk
3780,8098.7900390625,21510.970703125,4785.14990234375,4497.3701171875,1,93.99,Medium Risk
3781,3074.05004882813,30148.05078125,4454.3798828125,4829.5498046875,1,108.42,Medium Risk
3782,5814.97998046875,30178.25,2634.88989257813,3420.27001953125,1,129.81,Medium Risk
3783,6394.89990234375,28319.779296875,1364.81994628906,933.840026855469,1,68.42,Low Risk
3784,7338.10009765625,41376.921875,7875.330078125,4896.22021484375,1,62.17,Low Risk
3785,743.330017089844,25994.109375,5336.4599609375,351.160003662109,1,6.58,Low Risk
3786,8557.240234375,24169.630859375,4574.56005859375,4638.669921875,1,101.4,Medium Risk
3787,1227.11999511719,15982.919921875,4301.64990234375,2258.669921875,1,52.51,Low Risk
3788,1035.89001464844,9831.83984375,5538.7099609375,4212.419921875,1,76.05,Medium Risk
3789,4623.16015625,1068.7900390625,7679.2998046875,1700.86999511719,1,22.15,Low Risk
3790,3784.60009765625,16782.8203125,4907.93017578125,2807.47998046875,1,57.2,Low Risk
3791,640.679992675781,32020.9609375,1858.13000488281,708.340026855469,1,38.12,Low Risk
3792,1743.41003417969,28385.98046875,3327.22998046875,4525.5498046875,1,136.02,Medium Risk
3793,4448.2099609375,26995.310546875,2199.36010742188,1499.05004882813,1,68.16,Low Risk
3794,8307.8095703125,38846.4609375,2710.6201171875,1311.55004882813,1,48.39,Low Risk
3795,1300.91003417969,12409.490234375,8871.2197265625,2228.3701171875,1,25.12,Low Risk
3796,1134.84997558594,34248.359375,2548.26000976563,1827.58996582031,1,71.72,Medium Risk
3797,8067.81005859375,30751.080078125,7534.43017578125,689.549987792969,1,9.15,Low Risk
3798,4973.919921875,17610.580078125,3718.8798828125,123.129997253418,1,3.31,Low Risk
3799,3666.46997070313,11708.6396484375,9111.98046875,1605.2099609375,1,17.62,Low Risk
3800,4667.39990234375,28571.80078125,6599.31005859375,3599.15991210938,-1,54.54,High Risk
3801,4167.3798828125,47312.26171875,7073.02001953125,945.260009765625,1,13.36,Low Risk
3802,7840.75,4741.18994140625,5727.60986328125,862.489990234375,1,15.06,Low Risk
3803,192.339996337891,47696.26171875,9343.8896484375,2661.39990234375,1,28.48,Low Risk
3804,4388.27001953125,23773.150390625,2420.1201171875,3358.35009765625,1,138.77,Medium Risk
3805,1672.66003417969,35792.12890625,3577.15991210938,4934.14990234375,1,137.93,Medium Risk
3806,3152.03002929688,40357.03125,9140.9599609375,417,1,4.56,Low Risk
3807,1210.48999023438,8424.23046875,9900.9404296875,2317.52001953125,1,23.41,Low Risk
3808,4327.18017578125,3202.93994140625,7932.830078125,4843.7900390625,1,61.06,Low Risk
3809,6468.6201171875,7296.08984375,2912.67993164063,3216.05004882813,1,110.42,Medium Risk
3810,6649.77001953125,17706.689453125,9174.849609375,3252.9599609375,1,35.46,Low Risk
3811,7987.759765625,47871.16015625,2510.28002929688,4494.93994140625,1,179.06,Medium Risk
3812,8168.60986328125,3096,8874.2998046875,1699.36999511719,1,19.15,Low Risk
3813,6017.56005859375,46070.109375,4447.56005859375,2740.56005859375,1,61.62,Low Risk
3814,3596.17993164063,28503.439453125,1431.85998535156,2341.30004882813,1,163.51,Medium Risk
3815,608.02001953125,6014.7099609375,6506.2099609375,1709.86999511719,1,26.28,Low Risk
3816,455.109985351563,8484.6796875,4324.4599609375,4414.759765625,1,102.09,Medium Risk
3817,1221.30004882813,34777.23046875,1173.11999511719,2093.1201171875,1,178.42,Medium Risk
3818,9839.9296875,30814.220703125,2356.71997070313,706.169982910156,1,29.96,Low Risk
3819,7881.18017578125,9205.3701171875,5103.43017578125,776,1,15.21,Low Risk
3820,4108.240234375,45312.21875,6870.509765625,573.010009765625,1,8.34,Low Risk
3821,4715.39013671875,7512.2900390625,1295.56994628906,3726,-1,287.6,High Risk
3822,7400.080078125,26067.109375,5687.009765625,4805.10986328125,1,84.49,Medium Risk
3823,5192.56982421875,26886.419921875,1423.64001464844,1208.81005859375,1,84.91,Medium Risk
3824,3668.1201171875,43654.62109375,9121.580078125,248.360000610352,-1,2.72,High Risk
3825,3560.64990234375,2085.36010742188,7363.08984375,633,1,8.6,Low Risk
3826,2175.44995117188,7686.1298828125,1755.35998535156,3691.06005859375,1,210.27,Medium Risk
3827,8867.5498046875,9363.259765625,5568.83984375,3986.35009765625,1,71.58,Medium Risk
3828,4200.1201171875,4081.18994140625,7615.97998046875,1742.26000976563,1,22.88,Low Risk
3829,7548.39013671875,31942.6796875,3591.67993164063,42.1699981689453,1,1.17,Low Risk
3830,5780.240234375,12250.3896484375,2690.080078125,4336.509765625,1,161.2,Medium Risk
3831,7565.52978515625,29256.8203125,7081.31005859375,454.450012207031,1,6.42,Low Risk
3832,3277.01000976563,39348,8009.990234375,765.900024414063,1,9.56,Low Risk
3833,7544.89013671875,21017.900390625,4607.22998046875,1233.83996582031,1,26.78,Low Risk
3834,7920.68994140625,38673.66015625,3162.669921875,3178.15991210938,1,100.49,Medium Risk
3835,1132.36999511719,39115.55859375,9477.400390625,1747.43005371094,1,18.44,Low Risk
3836,1005.48999023438,13907.73046875,5826.3701171875,227.490005493164,1,3.9,Low Risk
3837,9856.41015625,1771.48999023438,5412.02978515625,3799.46997070313,1,70.2,Medium Risk
3838,1267.73999023438,6060.81005859375,7576.580078125,2768.48999023438,1,36.54,Low Risk
3839,6879.919921875,41352.66015625,9064.9296875,4151.08984375,1,45.79,Low Risk
3840,7503.35009765625,20860.060546875,3751.59008789063,329.079986572266,1,8.77,Low Risk
3841,728.760009765625,42115.69921875,8316,4757.009765625,1,57.2,Low Risk
3842,7490.4599609375,27828.19921875,9400.6904296875,514.400024414063,1,5.47,Low Risk
3843,4253.2001953125,10672.3701171875,9656.009765625,2789.82006835938,1,28.89,Low Risk
3844,2819.27001953125,35899.62890625,7189.85009765625,2600.5400390625,1,36.17,Low Risk
3845,6686.77001953125,28351.130859375,7937.72998046875,4460.68994140625,1,56.2,Low Risk
3846,8347.9296875,18238.4609375,8582.5703125,2809.59008789063,1,32.74,Low Risk
3847,5770.669921875,5298.1298828125,8131.330078125,1393.30004882813,1,17.13,Low Risk
3848,8719.2099609375,6012.6201171875,2684.47998046875,859.390014648438,1,32.01,Low Risk
3849,321.320007324219,10237.0703125,1020.42999267578,1298.31994628906,1,127.23,Medium Risk
3850,7412.18994140625,33973.62109375,6164.259765625,1351.63000488281,1,21.93,Low Risk
3851,1777.07995605469,36670.6015625,6624.02001953125,1057.91003417969,1,15.97,Low Risk
3852,2932.1298828125,31914.880859375,3032.47998046875,1169.81005859375,1,38.58,Low Risk
3853,5765.2998046875,17526.150390625,2686.48999023438,4285.25,1,159.51,Medium Risk
3854,2817.01000976563,22583.029296875,5790.47998046875,4353.10009765625,1,75.18,Medium Risk
3855,1764.71997070313,35768.4296875,9038.599609375,2654.94995117188,1,29.37,Low Risk
3856,8866.4296875,33332.8984375,2690.23999023438,4574.490234375,1,170.04,Medium Risk
3857,9076.5595703125,38877.66015625,8875.150390625,2523.84008789063,1,28.44,Low Risk
3858,460.079986572266,12815.740234375,8766.9404296875,2999.18994140625,1,34.21,Low Risk
3859,5051.2001953125,1219.9599609375,3253.03002929688,4969.990234375,1,152.78,Medium Risk
3860,2116.419921875,14055.66015625,8179.41015625,1866.15002441406,-1,22.82,High Risk
3861,8647.75,18046.6796875,9628.080078125,3137.86010742188,1,32.59,Low Risk
3862,4678.9599609375,48065.16015625,2419.580078125,3420.169921875,1,141.35,Medium Risk
3863,4836.72998046875,11668.8798828125,5913.77001953125,2977.55004882813,1,50.35,Low Risk
3864,6311.97998046875,41493.80859375,8259.76953125,1576.17004394531,1,19.08,Low Risk
3865,650.679992675781,31503.060546875,3986.47998046875,4608.1298828125,1,115.59,Medium Risk
3866,1360.25,9209.2998046875,1685.06994628906,4480.490234375,1,265.89,Medium Risk
3867,5034.009765625,20771.740234375,2105.07006835938,4757.81005859375,1,226.02,Medium Risk
3868,9670.400390625,25997.76953125,4000.38989257813,1900.38000488281,1,47.5,Low Risk
3869,8451.7001953125,17863.359375,1383.14001464844,4440.89990234375,1,321.07,Medium Risk
3870,8904.6796875,12081.3603515625,1409.93994140625,3159.6201171875,1,224.1,Medium Risk
3871,1457.82995605469,13389.7001953125,9772.7001953125,4980.75,1,50.97,Low Risk
3872,9590.3798828125,29675.080078125,2108.23999023438,2045.58996582031,1,97.03,Medium Risk
3873,7326.93017578125,34717.19921875,2470.09008789063,25.7099990844727,-1,1.04,High Risk
3874,3324.28002929688,23979.58984375,6317.8798828125,2522.3798828125,1,39.92,Low Risk
3875,8658.2197265625,47145.05859375,8333.76953125,2694.169921875,1,32.33,Low Risk
3876,7498.3701171875,36699.75,2436.90991210938,2318.10009765625,1,95.12,Medium Risk
3877,7391.4501953125,44696.140625,1387.27001953125,2029.35998535156,1,146.28,Medium Risk
3878,7372.740234375,24307.509765625,2977.73999023438,1099.55004882813,1,36.93,Low Risk
3879,8028.4501953125,1729.26000976563,5535.39013671875,3653.15991210938,1,66,Low Risk
3880,9490.4404296875,30011.4609375,9923.1298828125,2660.42993164063,-1,26.81,High Risk
3881,1455.03002929688,41094.7109375,6562.72998046875,521.679992675781,1,7.95,Low Risk
3882,9995.26953125,27290.220703125,2996.0400390625,502.890014648438,1,16.79,Low Risk
3883,8736.16015625,28827.150390625,1099.46997070313,3886.14990234375,1,353.46,Medium Risk
3884,4472.10986328125,48773.5703125,2494.52001953125,2928.830078125,1,117.41,Medium Risk
3885,1658.63000488281,18940.970703125,6905.64990234375,2525.88989257813,1,36.58,Low Risk
3886,4592.509765625,40291.76953125,3868.06005859375,1105.7099609375,1,28.59,Low Risk
3887,7808.259765625,25748.640625,5995.509765625,1566.38000488281,1,26.13,Low Risk
3888,6064.2900390625,23721.83984375,6272.4599609375,4076.93994140625,1,65,Low Risk
3889,2867.55004882813,8133.27978515625,2431.169921875,1395.32995605469,1,57.39,Low Risk
3890,4127.27001953125,37671.359375,4677.1298828125,882.369995117188,1,18.87,Low Risk
3891,9547.5595703125,41341.4296875,5983.22998046875,3295.23999023438,1,55.07,Low Risk
3892,8057.830078125,22112.990234375,8804.9697265625,3849.60009765625,1,43.72,Low Risk
3893,1328.2900390625,38413,8195.509765625,874.349975585938,1,10.67,Low Risk
3894,5499.3798828125,29474.919921875,7061.759765625,1262.25,1,17.87,Low Risk
3895,9316.75,13620.16015625,7994.669921875,160.199996948242,1,2,Low Risk
3896,439.660003662109,46262.05859375,9626.0498046875,146.940002441406,1,1.53,Low Risk
3897,521.219970703125,35141.80078125,7866.72021484375,274.130004882813,1,3.48,Low Risk
3898,7195.64990234375,44038.3984375,2835.84008789063,287.339996337891,1,10.13,Low Risk
3899,5797.89990234375,14791.759765625,4024.77001953125,3890.38989257813,-1,96.66,High Risk
3900,555.390014648438,45901.80078125,4311.18994140625,2939.39990234375,1,68.18,Low Risk
3901,9960.5595703125,18868.6796875,4938,1350.21997070313,1,27.34,Low Risk
3902,5842.93994140625,1467.06005859375,6702.14990234375,570.359985351563,1,8.51,Low Risk
3903,4970.10009765625,4676.39013671875,4781.10986328125,4760.2099609375,1,99.56,Medium Risk
3904,4532.2001953125,5377.58984375,5186.72021484375,1862.7900390625,1,35.91,Low Risk
3905,7036.77001953125,11150.0302734375,6338.25,68.6900024414063,1,1.08,Low Risk
3906,4637.72998046875,10139.580078125,8294.1904296875,80.0500030517578,1,0.97,Low Risk
3907,6624.85986328125,3836.81005859375,5036.259765625,1064.22998046875,1,21.13,Low Risk
3908,4934.509765625,44874.23046875,6675.1201171875,4029.15991210938,1,60.36,Low Risk
3909,6146.10986328125,41587.19140625,5185.6298828125,3955.919921875,-1,76.29,High Risk
3910,8071.33984375,38378.33984375,9978.08984375,118.069999694824,1,1.18,Low Risk
3911,8189.9599609375,24477.5390625,9491.6103515625,1004.91998291016,1,10.59,Low Risk
3912,8505.580078125,21832.259765625,5867.14990234375,3688.4599609375,1,62.87,Low Risk
3913,2109.39990234375,21842.859375,8338.4404296875,365.859985351563,1,4.39,Low Risk
3914,705.090026855469,13826.599609375,8769.25,2078.44995117188,1,23.7,Low Risk
3915,8377.76953125,30804.619140625,1250.82995605469,4802.72998046875,1,383.96,Medium Risk
3916,518.75,3894.89990234375,9281.0400390625,2893.28002929688,1,31.17,Low Risk
3917,2213.56005859375,33280.41015625,8743.83984375,2154.18994140625,1,24.64,Low Risk
3918,5309.3701171875,26179.01953125,8370.01953125,4803.93017578125,1,57.39,Low Risk
3919,8568.7900390625,41009.48828125,6108.75,2532.35009765625,1,41.45,Low Risk
3920,8978.1298828125,48664.3515625,3050,3009.11010742188,1,98.66,Medium Risk
3921,6317.7001953125,43953.8984375,5513.68017578125,2561.8701171875,1,46.46,Low Risk
3922,9670.91015625,36276.28125,8194.1396484375,3751.69995117188,1,45.79,Low Risk
3923,7326.43994140625,22206.390625,5064.990234375,1661.64001464844,1,32.81,Low Risk
3924,5324.47021484375,11511.6904296875,9886.1298828125,760.390014648438,1,7.69,Low Risk
3925,1430.27001953125,33578.7890625,3040.02001953125,2359.48999023438,1,77.61,Medium Risk
3926,4344.97998046875,10878.3603515625,9196.990234375,3663.46997070313,1,39.83,Low Risk
3927,8241.169921875,1992.68994140625,3905.11010742188,2333.28002929688,1,59.75,Low Risk
3928,2908.11010742188,29088.419921875,8547.75,1011.70001220703,1,11.84,Low Risk
3929,5824.8798828125,20312.390625,4910.5,748.570007324219,1,15.24,Low Risk
3930,9836,43924.91015625,8493.5302734375,4855.08984375,1,57.16,Low Risk
3931,1826.80004882813,32643.220703125,6303.06005859375,4607.93994140625,1,73.11,Medium Risk
3932,1104.43005371094,32715.259765625,9164.3603515625,1554.81994628906,1,16.97,Low Risk
3933,7976.41015625,39606.76171875,5306.93017578125,4817.0498046875,1,90.77,Medium Risk
3934,346.730010986328,17446.94921875,9398.5703125,3098.36010742188,1,32.97,Low Risk
3935,6468.22998046875,47950.4296875,2146.6298828125,1540.60998535156,1,71.77,Medium Risk
3936,3423.8798828125,11844.75,8280.580078125,1524.47998046875,1,18.41,Low Risk
3937,7265.759765625,43712.30859375,2987.1298828125,4500.169921875,1,150.65,Medium Risk
3938,1290.51000976563,45631.2109375,3069.830078125,1852.72998046875,1,60.35,Low Risk
3939,3367.43994140625,2912.97998046875,1590.60998535156,389.470001220703,1,24.49,Low Risk
3940,268.670013427734,31959.279296875,7586.27001953125,3698.43994140625,1,48.75,Low Risk
3941,2427.39990234375,37721.62109375,6794.39990234375,735.969970703125,1,10.83,Low Risk
3942,4884.259765625,47737.69140625,4015.81005859375,3455.38989257813,1,86.04,Medium Risk
3943,1858.36999511719,13317.5703125,9782.08984375,3462.69995117188,1,35.4,Low Risk
3944,6036.58984375,28530.66015625,1523.10998535156,2852.13989257813,1,187.26,Medium Risk
3945,1269.65002441406,38882.76171875,7928.75,2865.76000976563,1,36.14,Low Risk
3946,7477.7099609375,8269.419921875,3375.21997070313,1751.19995117188,1,51.88,Low Risk
3947,9224.48046875,42796.12109375,1603.10998535156,2054.57006835938,-1,128.16,High Risk
3948,3920.65991210938,20778.259765625,6730.72998046875,605.049987792969,1,8.99,Low Risk
3949,5329.240234375,32347.7890625,3961.88989257813,2773.11010742188,1,69.99,Low Risk
3950,4936.27978515625,3059.8701171875,5054.58984375,4082.51000976563,1,80.77,Medium Risk
3951,7875.419921875,11923.8701171875,5255.0498046875,151.220001220703,1,2.88,Low Risk
3952,9942.490234375,24431.060546875,1366.14001464844,3544.28002929688,1,259.44,Medium Risk
3953,7383.2900390625,15171.26953125,5786.06982421875,671.27001953125,1,11.6,Low Risk
3954,2223.85009765625,47934.3203125,1353.90002441406,3993.580078125,1,294.97,Medium Risk
3955,6991.18994140625,39951.69140625,2646.669921875,4.88000011444092,1,0.18,Low Risk
3956,6196.06005859375,43379.12109375,7450.77978515625,383.989990234375,1,5.15,Low Risk
3957,2180.18994140625,23849.580078125,7512.4599609375,4109.7998046875,1,54.71,Low Risk
3958,2485.52001953125,24208.4609375,1025.23999023438,1347.13000488281,1,131.4,Medium Risk
3959,6562.58984375,40454.26171875,8639.900390625,4468.72021484375,1,51.72,Low Risk
3960,8097.39990234375,19989.099609375,1078.26000976563,3905.60009765625,1,362.21,Medium Risk
3961,7647.7998046875,24561.619140625,9720.5703125,3206.5,1,32.99,Low Risk
3962,6103.47998046875,26900.900390625,6043.9501953125,1498.84997558594,1,24.8,Low Risk
3963,9381.669921875,30750.73046875,4313.6201171875,4197.68017578125,1,97.31,Medium Risk
3964,7337.35009765625,32848.55078125,6463.7900390625,968.780029296875,-1,14.99,High Risk
3965,5464.97021484375,34356.83984375,2336.80004882813,4459.33984375,1,190.83,Medium Risk
3966,8180.43017578125,22756.44921875,5295.18017578125,3782.10009765625,1,71.43,Medium Risk
3967,2975.7900390625,15462.2001953125,7199.16015625,1742.08996582031,1,24.2,Low Risk
3968,2708.580078125,46087.55078125,6889.919921875,871.659973144531,1,12.65,Low Risk
3969,9717.41015625,41509.359375,9168.4599609375,2209.06005859375,1,24.09,Low Risk
3970,9503.23046875,1168.43005371094,3559.330078125,655.289978027344,1,18.41,Low Risk
3971,8817.1103515625,26133.25,1634.68994140625,2426.30004882813,1,148.43,Medium Risk
3972,2222.25,14455.5498046875,4352.68994140625,1134.46997070313,1,26.06,Low Risk
3973,5918.1201171875,32493.720703125,2195.21997070313,22.4200000762939,1,1.02,Low Risk
3974,5397,25629.349609375,9039.419921875,2657.9599609375,-1,29.4,High Risk
3975,2110.77001953125,2037.16003417969,9831.9404296875,1499.57995605469,1,15.25,Low Risk
3976,4533.10009765625,36660.8515625,6710.56982421875,3055.56005859375,1,45.53,Low Risk
3977,4704.93994140625,14493.9501953125,8143.68017578125,1563.78002929688,1,19.2,Low Risk
3978,2482.15991210938,13751.58984375,7270.27001953125,3422.13989257813,1,47.07,Low Risk
3979,9553.3203125,2564.3798828125,5931.68994140625,3333.90991210938,1,56.21,Low Risk
3980,4977.8798828125,41588.46875,8454.2802734375,125.029998779297,1,1.48,Low Risk
3981,5296.43017578125,29363.140625,9039.3203125,3442.53002929688,1,38.08,Low Risk
3982,6025.93017578125,24757.2890625,5613.9501953125,914.75,1,16.29,Low Risk
3983,8880.830078125,34114.828125,8300.259765625,4103.68017578125,1,49.44,Low Risk
3984,5379.77001953125,17923.130859375,4511.10009765625,595.010009765625,1,13.19,Low Risk
3985,5455.56005859375,28904.25,3099.80004882813,1237.35998535156,1,39.92,Low Risk
3986,2477.90991210938,13214.400390625,5166.85986328125,2868.25,1,55.51,Low Risk
3987,6067.89013671875,4084.80004882813,3226.57006835938,2097.94995117188,1,65.02,Low Risk
3988,3873.3798828125,28505.8203125,4526.60009765625,4957.1298828125,1,109.51,Medium Risk
3989,6503.14013671875,11838.3896484375,6765.8701171875,3598.02001953125,1,53.18,Low Risk
3990,3077.38989257813,37752.0703125,2547.47998046875,1101.43005371094,1,43.24,Low Risk
3991,7185.7099609375,23140.310546875,7518.93994140625,3666.669921875,1,48.77,Low Risk
3992,6227.14013671875,13269.5302734375,9066.080078125,1781.41003417969,1,19.65,Low Risk
3993,4797.39013671875,30808.94921875,4442.77001953125,113.190002441406,1,2.55,Low Risk
3994,1057.06005859375,6714.419921875,9771.1103515625,1408.22998046875,1,14.41,Low Risk
3995,6306.97998046875,38309.76953125,7201.06982421875,4705.06982421875,1,65.34,Low Risk
3996,8606.8603515625,23156.720703125,6178.2900390625,640.549987792969,1,10.37,Low Risk
3997,1793.64001464844,40819.640625,3735.48999023438,2861.7900390625,1,76.61,Medium Risk
3998,938.719970703125,7766.72021484375,1148.2099609375,4887.77978515625,1,425.69,Medium Risk
3999,491.730010986328,19744.5703125,4720.0498046875,2604.03002929688,1,55.17,Low Risk
4000,415.010009765625,9821.4501953125,9205.4404296875,1650.76000976563,1,17.93,Low Risk
4001,8436.48046875,3998.580078125,8236.7099609375,2992.76000976563,1,36.33,Low Risk
4002,7303.39013671875,47812.03125,9845.2900390625,1282.93005371094,1,13.03,Low Risk
4003,2102.75,36605.78125,8268.4599609375,3878.01000976563,1,46.9,Low Risk
4004,9179.4599609375,16954.66015625,7565.72021484375,4313.33984375,1,57.01,Low Risk
4005,1439.85998535156,13061.3701171875,1781.9599609375,1761.33996582031,1,98.84,Medium Risk
4006,3804.2099609375,11011.76953125,9817.2099609375,3864.53002929688,1,39.36,Low Risk
4007,4575.8701171875,3107.51000976563,3627.81005859375,4176.419921875,1,115.12,Medium Risk
4008,851.369995117188,6030.7998046875,3194.30004882813,2039.86999511719,1,63.86,Low Risk
4009,3539.98999023438,6042.4501953125,1264.11999511719,4748.81982421875,1,375.66,Medium Risk
4010,1108.61999511719,33646.98046875,4613.97998046875,3449.0400390625,1,74.75,Medium Risk
4011,7918.77001953125,30140.669921875,9052.099609375,2283.1298828125,1,25.22,Low Risk
4012,563.599975585938,28841.48046875,7925.27001953125,3052.53002929688,1,38.52,Low Risk
4013,269.649993896484,36988.69140625,6275.89013671875,2484.73999023438,1,39.59,Low Risk
4014,7351.740234375,13307.4404296875,7720.9599609375,824.900024414063,1,10.68,Low Risk
4015,7830.39990234375,17781.279296875,1475.2900390625,2311.38989257813,1,156.67,Medium Risk
4016,5006.740234375,7208.3798828125,2692.30004882813,2788.07006835938,1,103.56,Medium Risk
4017,3246.93994140625,29797.830078125,5213.06982421875,803,1,15.4,Low Risk
4018,2440.88989257813,46712.37109375,7021.2998046875,4458.419921875,1,63.5,Low Risk
4019,1258.57995605469,43293.75,6120.5498046875,2983.32006835938,1,48.74,Low Risk
4020,4893.8798828125,28194.939453125,2383.169921875,2319.28002929688,1,97.32,Medium Risk
4021,4961.77978515625,32585.779296875,8394.990234375,3922.31005859375,1,46.72,Low Risk
4022,4614.009765625,49623.140625,2221.39990234375,3831.2900390625,1,172.47,Medium Risk
4023,7804.7998046875,26350.380859375,3259.5400390625,1934.68994140625,1,59.35,Low Risk
4024,1087.7900390625,43658.8203125,9522.2001953125,2233.77001953125,1,23.46,Low Risk
4025,6733.10009765625,25532.2109375,9440.7900390625,2347.69995117188,1,24.87,Low Risk
4026,4075.52001953125,3345.55004882813,2488.8701171875,743.580017089844,1,29.88,Low Risk
4027,2485.39990234375,46798.41015625,3060.6298828125,3624.830078125,1,118.43,Medium Risk
4028,6847.77978515625,6482.1298828125,6790.5400390625,885.880004882813,1,13.05,Low Risk
4029,2057.01000976563,35505.2109375,8546.2001953125,361.420013427734,1,4.23,Low Risk
4030,2386.080078125,12659.990234375,6018.35009765625,3357.73999023438,1,55.79,Low Risk
4031,9985.599609375,45150.80078125,3523.169921875,411.519989013672,1,11.68,Low Risk
4032,8897.8203125,10823.9501953125,3562.44995117188,4334.0400390625,1,121.66,Medium Risk
4033,7001.68017578125,7863.64013671875,1324.93994140625,1655.9599609375,1,124.98,Medium Risk
4034,3226.05004882813,22496.9296875,1050.32995605469,1163.69995117188,1,110.79,Medium Risk
4035,5413.509765625,25337.359375,2153.97998046875,2138.61010742188,1,99.29,Medium Risk
4036,1353.5,41127.44921875,9936.9501953125,2414.84008789063,-1,24.3,High Risk
4037,3406.1201171875,38357.73828125,2766.080078125,710.400024414063,1,25.68,Low Risk
4038,772.909973144531,17085.169921875,5943.33984375,4458.0400390625,1,75.01,Medium Risk
4039,6142.14990234375,19862.5390625,2547.60009765625,887.830017089844,1,34.85,Low Risk
4040,8589.2099609375,29256.849609375,8796.349609375,2552.7900390625,1,29.02,Low Risk
4041,8114.56005859375,28027.23046875,6955.740234375,3005.2099609375,1,43.2,Low Risk
4042,8575.2001953125,43240.28125,7678.27978515625,3254.09008789063,1,42.38,Low Risk
4043,1828.5400390625,24151.220703125,8344.0595703125,2546.31005859375,1,30.52,Low Risk
4044,6535.83984375,44781.94140625,8299.4296875,1300.91003417969,1,15.67,Low Risk
4045,9571.75,11048.509765625,1065.03002929688,352.970001220703,1,33.14,Low Risk
4046,7854.18994140625,43513.66015625,7047.02978515625,4717.35009765625,1,66.94,Low Risk
4047,133.559997558594,15910.33984375,8402.8203125,3995.1201171875,1,47.54,Low Risk
4048,8834.83984375,39673.62890625,1496.36999511719,1380.28002929688,1,92.24,Medium Risk
4049,7087.22021484375,28703.98046875,5793.43994140625,509.640014648438,1,8.8,Low Risk
4050,1308.41003417969,43902.53125,2547.72998046875,4886.0498046875,1,191.78,Medium Risk
4051,3206.84008789063,12331.4296875,2915.09008789063,4386.68994140625,1,150.48,Medium Risk
4052,1263.40002441406,35373.44921875,8579.169921875,3051.68994140625,1,35.57,Low Risk
4053,7325.1201171875,42599.03125,5138.85986328125,2585.34008789063,1,50.31,Low Risk
4054,134.889999389648,39057.828125,2661.10009765625,1435.06005859375,1,53.93,Low Risk
4055,4698.77001953125,28733.970703125,7715,1755.17004394531,1,22.75,Low Risk
4056,9998.1103515625,34094.55859375,9023.0498046875,4332.7998046875,1,48.02,Low Risk
4057,8526.1904296875,10629.33984375,7109.89990234375,2894.60009765625,1,40.71,Low Risk
4058,5913.490234375,11606.7197265625,9287.3603515625,4483.2099609375,-1,48.27,High Risk
4059,6969.9501953125,14097.240234375,3578.36010742188,4335,-1,121.14,High Risk
4060,6076.02001953125,41572.671875,4894.75,2105.69995117188,1,43.02,Low Risk
4061,8127.3701171875,9204.5400390625,1948.06994628906,724.049987792969,1,37.17,Low Risk
4062,8871.25,15647.2099609375,1660.33996582031,4716.5,1,284.07,Medium Risk
4063,7689.259765625,46101.28125,4628.740234375,4020.32006835938,1,86.86,Medium Risk
4064,1901.43005371094,38006.53125,7139.35986328125,1828.63000488281,1,25.61,Low Risk
4065,3787.9599609375,36923.16015625,7788.6201171875,4428.2998046875,1,56.86,Low Risk
4066,7865.64013671875,23301.9296875,2357.64990234375,1817.59997558594,1,77.09,Medium Risk
4067,8249.4599609375,35415.71875,6523.669921875,3244.73999023438,1,49.74,Low Risk
4068,6325.14990234375,28720.66015625,5724.72998046875,1568.75,1,27.4,Low Risk
4069,7170.0400390625,4501.77001953125,8271.0302734375,4538.72021484375,1,54.87,Low Risk
4070,1827.5400390625,29249.779296875,7558.240234375,190.75,1,2.52,Low Risk
4071,3789.38989257813,23160.119140625,5500.10986328125,3398.15991210938,1,61.78,Low Risk
4072,5392.89990234375,6584.18017578125,3216.30004882813,959.059997558594,1,29.82,Low Risk
4073,9838.7099609375,17868.990234375,8893.6396484375,476.220001220703,-1,5.35,High Risk
4074,8012.22998046875,44845.0703125,2505.14990234375,2906.52001953125,1,116.02,Medium Risk
4075,2006.93994140625,40381.421875,3340.32006835938,3659.330078125,1,109.55,Medium Risk
4076,3588.82006835938,45781.26171875,7068.330078125,4956.58984375,-1,70.12,High Risk
4077,2247.2900390625,36136.91015625,5755.16015625,618.47998046875,1,10.75,Low Risk
4078,1607.35998535156,31995.130859375,1939.43994140625,1152.28002929688,-1,59.41,High Risk
4079,1287.80004882813,7822.64013671875,5362.22021484375,4898.75,1,91.36,Medium Risk
4080,9660.4599609375,6253.27001953125,2061.48999023438,1143.06994628906,1,55.45,Low Risk
4081,9075.669921875,13090.919921875,1980.17004394531,3105.43994140625,1,156.83,Medium Risk
4082,4884.1201171875,16395.66015625,3304.36010742188,3338.75,1,101.04,Medium Risk
4083,5530.58984375,30744.740234375,2546.36010742188,4046.11010742188,1,158.9,Medium Risk
4084,8402.3701171875,43988.140625,9925.98046875,1821.98999023438,1,18.36,Low Risk
4085,6523.5,44645.80078125,9620.5400390625,651.989990234375,-1,6.78,High Risk
4086,7353.31005859375,34435.48046875,7518.56982421875,237.119995117188,1,3.15,Low Risk
4087,7932.2998046875,29121.779296875,8555.6396484375,442.570007324219,1,5.17,Low Risk
4088,4881.97998046875,12975.0400390625,9083.9404296875,2798.01000976563,1,30.8,Low Risk
4089,9750.4501953125,46959.28125,5767.1298828125,1819.51000976563,1,31.55,Low Risk
4090,6320.81005859375,33884.53125,8274.4599609375,4125.91015625,1,49.86,Low Risk
4091,6371.5,27139.400390625,9123.0302734375,2030.09997558594,1,22.25,Low Risk
4092,1496.34997558594,6093.85986328125,1453.98999023438,2601.90991210938,1,178.95,Medium Risk
4093,9878.599609375,41468.28125,8255.7998046875,4751.66015625,1,57.56,Low Risk
4094,800.679992675781,18100.630859375,1746.36999511719,2660.6298828125,1,152.35,Medium Risk
4095,9857.7998046875,45128.75,9497.330078125,3982.71997070313,1,41.94,Low Risk
4096,9114.599609375,9252.330078125,7052.93994140625,3814.03002929688,1,54.08,Low Risk
4097,8578.5595703125,3381.15991210938,9985.0302734375,1277.30004882813,-1,12.79,High Risk
4098,6768.6298828125,22301.6796875,4624.259765625,2693.86010742188,1,58.25,Low Risk
4099,6127.7001953125,4836.85986328125,8735.849609375,743.799987792969,1,8.51,Low Risk
4100,9966.5400390625,4028.35009765625,9606.3896484375,1158.30004882813,1,12.06,Low Risk
4101,9742.580078125,35972.87890625,3645.71997070313,4816.31982421875,1,132.11,Medium Risk
4102,8137.14990234375,13611.41015625,8749.8896484375,837.830017089844,1,9.58,Low Risk
4103,959.929992675781,32303.6796875,4367.06005859375,4805.2099609375,1,110.03,Medium Risk
4104,3784.44995117188,28970.80078125,4764.990234375,3510.56005859375,1,73.67,Medium Risk
4105,8672.6904296875,7896.8798828125,8842.0703125,4327.259765625,1,48.94,Low Risk
4106,7054.9501953125,19903.169921875,5854.22021484375,1069.23999023438,1,18.26,Low Risk
4107,1307.83996582031,4237.1298828125,4641.75,1932.2099609375,1,41.63,Low Risk
4108,3547.65991210938,21661.990234375,2366.92993164063,4183.08984375,1,176.73,Medium Risk
4109,292.309997558594,9935.740234375,4934.2998046875,3928.5,1,79.62,Medium Risk
4110,8938.75,5719.16015625,7573.14990234375,3582.169921875,1,47.3,Low Risk
4111,7495.35009765625,16532.279296875,7208.43994140625,1488.23999023438,1,20.65,Low Risk
4112,4415.02001953125,1167.5400390625,8042.6201171875,2363.81005859375,1,29.39,Low Risk
4113,7627.83984375,38130.6796875,7799.93994140625,2354.5,1,30.19,Low Risk
4114,9340.8798828125,8751,4247.64990234375,4728.81005859375,1,111.33,Medium Risk
4115,2870.92993164063,31666,8547.33984375,3235.2900390625,1,37.85,Low Risk
4116,2929.59008789063,41796.53125,1349.14001464844,1711.2900390625,1,126.84,Medium Risk
4117,4878.25,45944.6796875,1256.27001953125,2561.40991210938,-1,203.89,High Risk
4118,7098.31005859375,28321.16015625,9604.990234375,4437,1,46.19,Low Risk
4119,9931.0703125,39625.91015625,8888.1904296875,3608.97998046875,1,40.6,Low Risk
4120,1713.02001953125,23283.810546875,4623.759765625,3046.68994140625,1,65.89,Low Risk
4121,3487.13989257813,25018.859375,8587.490234375,2703.28002929688,1,31.48,Low Risk
4122,3698.06005859375,27791.83984375,6850.68017578125,2534.86010742188,-1,37,High Risk
4123,7285.66015625,33836.7109375,2530.25,2266.27001953125,1,89.57,Medium Risk
4124,8877.3203125,33825.94921875,5105.27978515625,4454.64013671875,1,87.26,Medium Risk
4125,1919.56994628906,39483.51953125,1569.88000488281,193.169998168945,1,12.3,Low Risk
4126,7165.14013671875,31230.259765625,4014.3798828125,1517.81005859375,1,37.81,Low Risk
4127,9105.259765625,44249.0703125,2862.84008789063,3545.1298828125,1,123.83,Medium Risk
4128,1300.82995605469,35752.5703125,8392.7099609375,4380.83984375,1,52.2,Low Risk
4129,6387.08984375,46518.6796875,7636.27001953125,4841.7998046875,1,63.41,Low Risk
4130,2103.60009765625,37771.3984375,1549.7099609375,4756.97998046875,1,306.96,Medium Risk
4131,4467.2998046875,37196.51171875,5841.490234375,1879.71997070313,1,32.18,Low Risk
4132,1355.41003417969,43159.4609375,7533.7099609375,4378.75,1,58.12,Low Risk
4133,6867.830078125,33134.69921875,6609.39013671875,2741.9599609375,1,41.49,Low Risk
4134,4073.6201171875,9799.1904296875,1485.81005859375,1857,1,124.98,Medium Risk
4135,5715.7998046875,5065.4501953125,2776.19995117188,4532.77001953125,-1,163.27,High Risk
4136,5283.06982421875,16475.48046875,4459.43994140625,3038.80004882813,1,68.14,Low Risk
4137,6970.4501953125,40905.30078125,2151.94995117188,3846.48999023438,1,178.74,Medium Risk
4138,8966.23046875,2063.67993164063,2318.18994140625,1258.40002441406,1,54.28,Low Risk
4139,2869.52001953125,8351.9404296875,4476.89013671875,1979.14001464844,1,44.21,Low Risk
4140,5992.14990234375,6199.669921875,5415.27001953125,243.470001220703,1,4.5,Low Risk
4141,5780.2900390625,2821.57006835938,1601.80004882813,635.719970703125,1,39.69,Low Risk
4142,3219.93994140625,40703.91015625,7566.85009765625,3247.51000976563,1,42.92,Low Risk
4143,5045.89990234375,14699.7099609375,5887.330078125,1109,1,18.84,Low Risk
4144,500.489990234375,36717.37890625,9650.7001953125,2077.88989257813,1,21.53,Low Risk
4145,4326.64013671875,7953.68994140625,3525.28002929688,2061.4599609375,1,58.48,Low Risk
4146,2778.21997070313,21037.75,3346.86010742188,3838.27001953125,1,114.68,Medium Risk
4147,8653.3603515625,6706.81005859375,4053.77001953125,2835.10009765625,1,69.94,Low Risk
4148,3642.13989257813,1121.5400390625,5896.52001953125,3387.14990234375,1,57.44,Low Risk
4149,2002.88000488281,31044.94921875,3748.7900390625,608.77001953125,1,16.24,Low Risk
4150,5343.75,24568.109375,3731.7099609375,3033.61010742188,1,81.29,Medium Risk
4151,8128.5498046875,21415.1796875,8735.58984375,3091.22998046875,1,35.39,Low Risk
4152,3605.05004882813,4854.31982421875,1874.42004394531,2665.39990234375,1,142.2,Medium Risk
4153,8483.6201171875,29822.0390625,5498.35986328125,505.910003662109,1,9.2,Low Risk
4154,3328.67993164063,39220.05078125,7787.8701171875,3856.7099609375,1,49.52,Low Risk
4155,7382.419921875,4294.97998046875,9611.3603515625,2722.72998046875,1,28.33,Low Risk
4156,1240.98999023438,21259.4609375,8935.2001953125,2710.63989257813,1,30.34,Low Risk
4157,715.789978027344,16266.26953125,2909.6201171875,4248.43994140625,1,146.01,Medium Risk
4158,7402,44701.9609375,5145.8701171875,1215.68994140625,1,23.62,Low Risk
4159,3747.13989257813,13870.1298828125,6232.89013671875,2533.68994140625,1,40.65,Low Risk
4160,3990.64990234375,47269.75,3924.19995117188,3700.88989257813,1,94.31,Medium Risk
4161,5784.10986328125,41591.71875,3865.09008789063,4557.919921875,1,117.93,Medium Risk
4162,9870.009765625,5907.7900390625,2666.92993164063,4250.759765625,1,159.39,Medium Risk
4163,1797.94995117188,24551.25,1453.65002441406,3865.03002929688,1,265.88,Medium Risk
4164,3068.56005859375,32801.0703125,8008.0400390625,4368.83984375,1,54.56,Low Risk
4165,6522.169921875,30060.51953125,5031.169921875,1338.81994628906,1,26.61,Low Risk
4166,7039.5400390625,34282.2890625,8846.3701171875,2229.42993164063,1,25.2,Low Risk
4167,7090.83984375,21889.01953125,2727.65991210938,4899.35986328125,1,179.62,Medium Risk
4168,5994.509765625,45332.390625,4342.02001953125,75.2399978637695,1,1.73,Low Risk
4169,5924.009765625,14247.6796875,4198.08984375,4950.22998046875,1,117.92,Medium Risk
4170,1566.26000976563,5610.93994140625,6448.06005859375,524.52001953125,1,8.13,Low Risk
4171,8362.7900390625,48920.71875,5392.22021484375,4551.93994140625,1,84.42,Medium Risk
4172,188.070007324219,32945.98046875,6466.1201171875,2810.38989257813,1,43.46,Low Risk
4173,4234.009765625,33300.6796875,4192.22021484375,1481.10998535156,1,35.33,Low Risk
4174,2232.55004882813,41058.80859375,9473.419921875,4750.64990234375,1,50.15,Low Risk
4175,1132.96997070313,21650.630859375,9399.4296875,3017.93994140625,1,32.11,Low Risk
4176,3262.9599609375,19925.5390625,8002.490234375,4441.740234375,1,55.5,Low Risk
4177,6606.14990234375,47508.109375,9961.490234375,1913.69995117188,1,19.21,Low Risk
4178,5021.1201171875,19952.2890625,2877.38989257813,3271.23999023438,1,113.69,Medium Risk
4179,8747.91015625,4845.41015625,4893.580078125,1762.43005371094,1,36.02,Low Risk
4180,6036.89013671875,16083.650390625,6683.169921875,4958.580078125,1,74.2,Medium Risk
4181,2606.03002929688,43803.53125,4506.4501953125,2760.17993164063,1,61.25,Low Risk
4182,5200.68994140625,5653.0400390625,3050.53002929688,3527.22998046875,1,115.63,Medium Risk
4183,2351.1201171875,36118.55859375,1389.18994140625,1532.71997070313,-1,110.33,High Risk
4184,1868.69995117188,14053.66015625,9510.08984375,3850.3701171875,1,40.49,Low Risk
4185,9554.7001953125,37542.75,3074.73999023438,2158.38989257813,1,70.2,Medium Risk
4186,4733.52978515625,26213.169921875,5241.72998046875,4508.18994140625,1,86.01,Medium Risk
4187,6546.9599609375,32192.2109375,1199.78002929688,2731.21997070313,1,227.64,Medium Risk
4188,8746.98046875,12916.6201171875,5840.10009765625,1911.66003417969,1,32.73,Low Risk
4189,3289.56005859375,9237.8095703125,8535.599609375,4121.919921875,1,48.29,Low Risk
4190,7911.35009765625,4102.1201171875,5122.5498046875,3013.9599609375,1,58.84,Low Risk
4191,7909.39013671875,41453.26171875,9204.490234375,3925.72998046875,1,42.65,Low Risk
4192,8257.7197265625,35813.75,2925.669921875,3506.60009765625,1,119.86,Medium Risk
4193,1975.69995117188,15374.25,2823.830078125,2369.43994140625,1,83.91,Medium Risk
4194,9632.1201171875,42008.75,6387.41015625,3285.92993164063,1,51.44,Low Risk
4195,2820.330078125,41851.140625,8291.91015625,3790.0400390625,1,45.71,Low Risk
4196,7790.47021484375,7750.2001953125,1043.93994140625,3489.169921875,1,334.23,Medium Risk
4197,1706.82995605469,35970.6796875,3282.93994140625,1610.63000488281,1,49.06,Low Risk
4198,9249.849609375,15321.8095703125,3236.82006835938,1974.66003417969,1,61.01,Low Risk
4199,4335.669921875,23892.279296875,5606.9501953125,4758.08984375,1,84.86,Medium Risk
4200,6719.669921875,22077.099609375,6553.06982421875,1549.2099609375,1,23.64,Low Risk
4201,8516.900390625,30409,5884.35009765625,4061.69995117188,1,69.03,Low Risk
4202,2895.6298828125,18009.470703125,3197.06005859375,928.549987792969,1,29.04,Low Risk
4203,3951.06005859375,4589.43994140625,8837.349609375,1959.76000976563,1,22.18,Low Risk
4204,3202.55004882813,33959.859375,7969,1691.40002441406,1,21.22,Low Risk
4205,2900.419921875,48067.98046875,6722.1298828125,3078.39990234375,1,45.8,Low Risk
4206,5151.97998046875,33725.51953125,4348.47021484375,4641.8798828125,1,106.75,Medium Risk
4207,5512.77978515625,27440.66015625,3952.84008789063,3614.34008789063,1,91.44,Medium Risk
4208,860.549987792969,9017.4599609375,7677.33984375,748.880004882813,1,9.75,Low Risk
4209,6765.60009765625,31633.7109375,2107.39990234375,3612.82006835938,1,171.43,Medium Risk
4210,4258.009765625,30943.259765625,1304.63000488281,95.1900024414063,1,7.3,Low Risk
4211,8906.33984375,31318.900390625,9711.259765625,3317.96997070313,1,34.17,Low Risk
4212,8866.669921875,44723.33984375,9544.4599609375,4392.35986328125,1,46.02,Low Risk
4213,7228.919921875,36099.6796875,9485.0302734375,1824.53002929688,1,19.24,Low Risk
4214,8552.4501953125,39386.58984375,5927.81005859375,3588.03002929688,1,60.53,Low Risk
4215,9232.8896484375,16353.6103515625,1870.73999023438,3160.64990234375,-1,168.95,High Risk
4216,5815.56005859375,14248.3798828125,5501.7099609375,462.019989013672,1,8.4,Low Risk
4217,9721.8701171875,11132.259765625,4240.52978515625,1549.68005371094,1,36.54,Low Risk
4218,9558.4501953125,39140.171875,6212.5498046875,3408.5,1,54.86,Low Risk
4219,1187.83996582031,35230.83984375,9097.1796875,144.259994506836,1,1.59,Low Risk
4220,5275.27001953125,17762.599609375,5204.06982421875,2744.44995117188,1,52.74,Low Risk
4221,1233.22998046875,7914.2001953125,8354.900390625,2727.15991210938,1,32.64,Low Risk
4222,6872.919921875,42486.69921875,5412.8701171875,3907.07006835938,1,72.18,Medium Risk
4223,7676.22998046875,19829.619140625,9563.419921875,4885.0498046875,1,51.08,Low Risk
4224,8858.3095703125,10297.7099609375,5245.68994140625,246.720001220703,1,4.7,Low Risk
4225,6535.08984375,8076.1201171875,7401.14013671875,460.799987792969,1,6.23,Low Risk
4226,4594.52978515625,46064.30859375,5116.7001953125,1538.34997558594,1,30.07,Low Risk
4227,1643.78002929688,7378,4626.580078125,2872.86010742188,1,62.09,Low Risk
4228,1338.53002929688,18624,7737.919921875,95.7399978637695,1,1.24,Low Risk
4229,4908.10986328125,31977.380859375,7705.7900390625,1455.91003417969,1,18.89,Low Risk
4230,8342.2197265625,20995.740234375,2955.22998046875,599.859985351563,1,20.3,Low Risk
4231,7532.1201171875,24395.560546875,4683.83984375,3136.34008789063,1,66.96,Low Risk
4232,8819.9404296875,40328.46875,1077.18005371094,3565.97998046875,1,331.05,Medium Risk
4233,8128.7998046875,49962.48828125,1165.85998535156,109.910003662109,1,9.43,Low Risk
4234,2134.1201171875,23893.669921875,2304.31005859375,4676.89013671875,1,202.96,Medium Risk
4235,2083.2099609375,19562.51953125,7865.990234375,3683.8701171875,1,46.83,Low Risk
4236,4634.330078125,20931.380859375,1678.40002441406,1648.42004394531,1,98.21,Medium Risk
4237,1992.43994140625,19086.3203125,9465.419921875,3611.36010742188,1,38.15,Low Risk
4238,1956,24214.80078125,2741.97998046875,2278.38989257813,1,83.09,Medium Risk
4239,2751.01000976563,17322.30078125,8977.73046875,3390.919921875,1,37.77,Low Risk
4240,323.420013427734,23668.2109375,9554.0498046875,2109.72998046875,1,22.08,Low Risk
4241,5756.2900390625,47327.3984375,4846.64013671875,2209.57006835938,1,45.59,Low Risk
4242,4026.40991210938,15024.4501953125,5704.52001953125,944.260009765625,1,16.55,Low Risk
4243,2450.21997070313,32941.859375,3886.23999023438,4335.68017578125,1,111.56,Medium Risk
4244,1428.81994628906,24859.75,9095.98046875,4565.27978515625,1,50.19,Low Risk
4245,4612.919921875,36887.421875,5589.490234375,1995.42004394531,1,35.7,Low Risk
4246,6059.39013671875,24142.310546875,9834,1935.48999023438,1,19.68,Low Risk
4247,9735.4501953125,8866.5703125,9720.5,790.820007324219,1,8.14,Low Risk
4248,2612.86010742188,43748.51953125,9569.4697265625,1621.15002441406,1,16.94,Low Risk
4249,360.720001220703,34112.58984375,4206.33984375,4010.36010742188,-1,95.34,High Risk
4250,7386.5498046875,26767.669921875,1741.23999023438,2082.080078125,1,119.57,Medium Risk
4251,2428.17993164063,41723.1015625,7021.9501953125,3930.40991210938,-1,55.97,High Risk
4252,4894.2099609375,48833.08984375,8860.509765625,4271.740234375,1,48.21,Low Risk
4253,8101.43017578125,21060.5703125,4191.02001953125,1714.93005371094,1,40.92,Low Risk
4254,466.070007324219,18300,9664.5,4942.18017578125,1,51.14,Low Risk
4255,1501.0400390625,37926.01953125,9196.740234375,2973.38989257813,1,32.33,Low Risk
4256,1071.93994140625,23275.669921875,6666.72021484375,1680.27001953125,1,25.2,Low Risk
4257,2413.88989257813,5202.669921875,2050.36010742188,576.070007324219,1,28.1,Low Risk
4258,1813.02001953125,18366.330078125,9033.3798828125,1598.72998046875,1,17.7,Low Risk
4259,3234.36010742188,40622.96875,2105.28002929688,742.909973144531,1,35.29,Low Risk
4260,7488.419921875,35628.01171875,5706.93017578125,3832.43994140625,1,67.15,Low Risk
4261,519.200012207031,43279.33984375,1173.09997558594,1309.08996582031,1,111.59,Medium Risk
4262,830.260009765625,8184.7001953125,2391.21997070313,1724.92004394531,1,72.14,Medium Risk
4263,5686.81005859375,12952.16015625,6073.58984375,1593.71997070313,1,26.24,Low Risk
4264,5250.56982421875,11522.0302734375,1013.59002685547,3013.080078125,-1,297.27,High Risk
4265,4793.33984375,48595.30859375,2362.43994140625,1770.13000488281,1,74.93,Medium Risk
4266,5207.5,9277.2998046875,2986.22998046875,719.169982910156,1,24.08,Low Risk
4267,7446.18017578125,30298.5703125,1384.77001953125,3129.13989257813,1,225.97,Medium Risk
4268,5803.52978515625,32012.76953125,6217.06005859375,2537.8701171875,1,40.82,Low Risk
4269,4624.02978515625,31325.779296875,7875.259765625,3791.94995117188,1,48.15,Low Risk
4270,909.330017089844,34891.48828125,1337.85998535156,1278.33996582031,1,95.55,Medium Risk
4271,9750.23046875,24712.16015625,4746.31982421875,4307.990234375,1,90.76,Medium Risk
4272,2469.39990234375,5100.72998046875,5884.56005859375,1908.57995605469,1,32.43,Low Risk
4273,8704.66015625,35360.5703125,5701,3115.97998046875,1,54.66,Low Risk
4274,3851.8798828125,14774.1396484375,5364.22998046875,4955.9599609375,1,92.39,Medium Risk
4275,6870.97021484375,4717.72021484375,1860.02001953125,3448.830078125,1,185.42,Medium Risk
4276,4595.8798828125,9319.509765625,3239.42993164063,2584.82006835938,1,79.79,Medium Risk
4277,3606.2099609375,15073.759765625,9349.7197265625,1347.35998535156,1,14.41,Low Risk
4278,6181.6201171875,22189.5390625,2648.73999023438,1994.25,1,75.29,Medium Risk
4279,5407.4501953125,43204.8515625,8057.25,436.290008544922,1,5.41,Low Risk
4280,2401.080078125,27288.630859375,2323.05004882813,1258.93994140625,-1,54.19,High Risk
4281,3428.7900390625,24126.400390625,7672.9501953125,1699.98999023438,1,22.16,Low Risk
4282,440.329986572266,10371.6298828125,7109.47998046875,4201.91015625,1,59.1,Low Risk
4283,2016.47998046875,48003.87109375,9929.849609375,462.859985351563,1,4.66,Low Risk
4284,3424.75,45517.28125,2383.6201171875,2049.81005859375,1,86,Medium Risk
4285,9724,40987.78125,3483.82006835938,2559.35009765625,1,73.46,Medium Risk
4286,5318.18017578125,16834.41015625,8584.0703125,4787.81982421875,1,55.78,Low Risk
4287,7037.8798828125,28519.75,6013.52001953125,1874.56994628906,1,31.17,Low Risk
4288,6768.64013671875,20053.5,3965.93994140625,4900.97998046875,1,123.58,Medium Risk
4289,9810.7900390625,20742.7890625,2354.40991210938,2489.94995117188,1,105.76,Medium Risk
4290,5601.08984375,4534.43994140625,6017.68994140625,3555.5,1,59.08,Low Risk
4291,5896.39013671875,7862.18017578125,5343.580078125,461.149993896484,1,8.63,Low Risk
4292,3070.68994140625,48097.26953125,3217.7900390625,3440.5,1,106.92,Medium Risk
4293,6298.56982421875,30894.109375,6658.91015625,487.239990234375,1,7.32,Low Risk
4294,7601.47021484375,1309.17004394531,7143.66015625,2670.5,1,37.38,Low Risk
4295,1122.2099609375,40650.109375,5988.35986328125,1675.52001953125,1,27.98,Low Risk
4296,4853.22998046875,5265.0400390625,6992.080078125,1610.52001953125,1,23.03,Low Risk
4297,4276.81005859375,35699.62890625,3300.11010742188,418.609985351563,1,12.68,Low Risk
4298,1224.48999023438,31421.599609375,9141.1396484375,3452.11010742188,1,37.76,Low Risk
4299,3478.75,4084.61010742188,1476.89001464844,2768.01000976563,1,187.42,Medium Risk
4300,5398.27001953125,27016.01953125,2533.52001953125,1963.93005371094,1,77.52,Medium Risk
4301,6533.7099609375,3324.330078125,3002.55004882813,4883.14990234375,1,162.63,Medium Risk
4302,2960.05004882813,4155.10009765625,9580.2001953125,151.630004882813,1,1.58,Low Risk
4303,4815.3701171875,3507.76000976563,3580.63989257813,3234.15991210938,1,90.32,Medium Risk
4304,7367.39013671875,13516.6201171875,9386.58984375,2372.56005859375,1,25.28,Low Risk
4305,4280.25,40286.69140625,5291.68017578125,4270.89990234375,-1,80.71,High Risk
4306,9413.650390625,18760.279296875,7461.64013671875,3889.25,1,52.12,Low Risk
4307,403.989990234375,32337.369140625,3500.6298828125,782.530029296875,1,22.35,Low Risk
4308,2676.25,7117.60009765625,7329.18017578125,1854.30004882813,1,25.3,Low Risk
4309,1420.56994628906,46710.37109375,8833.2099609375,3531.22998046875,1,39.98,Low Risk
4310,5458.77978515625,25707.80078125,6195.06982421875,2066.60009765625,1,33.36,Low Risk
4311,1856,2205.14990234375,9215.490234375,3427.67993164063,-1,37.19,High Risk
4312,7444.22021484375,27332.9296875,4499.9501953125,4331.35009765625,1,96.25,Medium Risk
4313,9191.669921875,10041.98046875,6581.919921875,3615.76000976563,1,54.93,Low Risk
4314,2151.28002929688,10595,3506.01000976563,2702.51000976563,1,77.08,Medium Risk
4315,9076.9501953125,30418.349609375,2336.10009765625,3966.830078125,1,169.81,Medium Risk
4316,6354.3798828125,12092.7900390625,2459.98999023438,4386.10009765625,1,178.3,Medium Risk
4317,2042.08996582031,11485.0703125,4996.31982421875,2016.83996582031,1,40.37,Low Risk
4318,7391.7998046875,27507.029296875,9435.6396484375,4283.43994140625,1,45.4,Low Risk
4319,999.650024414063,12537.509765625,3674.65991210938,4019.47998046875,1,109.38,Medium Risk
4320,6952.27001953125,6415.1201171875,1842.34997558594,2052.88989257813,1,111.43,Medium Risk
4321,8626.490234375,21004.58984375,5018.72998046875,290.369995117188,1,5.79,Low Risk
4322,9508.7197265625,3547.919921875,2280.51000976563,4503.81005859375,-1,197.49,High Risk
4323,639.859985351563,45360.828125,2891.36010742188,1162.88000488281,1,40.22,Low Risk
4324,713.159973144531,23125.330078125,9204.5302734375,4382.9599609375,1,47.62,Low Risk
4325,9311.009765625,1641.64001464844,6784.31982421875,3522.77001953125,1,51.93,Low Risk
4326,7916.97021484375,12007.9501953125,5682.93017578125,4949.64990234375,1,87.1,Medium Risk
4327,7765.240234375,47933.0703125,3021.88989257813,1037.5400390625,1,34.33,Low Risk
4328,7451.9599609375,25323.150390625,1840.91003417969,1445.4599609375,1,78.52,Medium Risk
4329,7201.56005859375,18585.58984375,9480.4404296875,462.649993896484,1,4.88,Low Risk
4330,6170.91015625,16440.4609375,5821.3701171875,4945.330078125,1,84.95,Medium Risk
4331,8146.1298828125,21431.560546875,2170.56005859375,3098.0400390625,1,142.73,Medium Risk
4332,438.309997558594,11376.4599609375,5155.990234375,1344.75,1,26.08,Low Risk
4333,7428.990234375,37707.23046875,6532.25,2419.0400390625,1,37.03,Low Risk
4334,5870.8798828125,25906.94921875,7187.85009765625,4855.7998046875,1,67.56,Low Risk
4335,9083.849609375,37820.25,1820.78002929688,1737.14001464844,1,95.41,Medium Risk
4336,9370.099609375,13464.7001953125,7355.7900390625,4041.73999023438,1,54.95,Low Risk
4337,2489.169921875,1071.17004394531,7985.68994140625,652.320007324219,1,8.17,Low Risk
4338,7915.64990234375,48345.21875,4308.509765625,3635.42993164063,1,84.38,Medium Risk
4339,9574.2900390625,26091.240234375,7024.43994140625,1909.5400390625,1,27.18,Low Risk
4340,2739.830078125,4907.22021484375,1888.16003417969,969.340026855469,1,51.34,Low Risk
4341,8525.740234375,6083.81005859375,9946.0400390625,4403.6201171875,1,44.28,Low Risk
4342,5906.64013671875,22299.23046875,1649.43005371094,2749.4599609375,1,166.69,Medium Risk
4343,4010.44995117188,35067.94921875,2826.78002929688,1877.09997558594,1,66.4,Low Risk
4344,8253.73046875,20435.44921875,7829.31005859375,2021.17004394531,1,25.82,Low Risk
4345,8715.9599609375,41187.46875,9639.1103515625,364.709991455078,1,3.78,Low Risk
4346,2898.19995117188,17123.91015625,3293.18994140625,2464.02001953125,1,74.82,Medium Risk
4347,7965.18017578125,3234.65991210938,1886.59997558594,3626.93994140625,1,192.25,Medium Risk
4348,591.650024414063,1406.27001953125,2271.8701171875,4115.3798828125,1,181.15,Medium Risk
4349,4234.85986328125,43112.76953125,7149.1201171875,4157.7900390625,1,58.16,Low Risk
4350,790.869995117188,49238.6484375,5591.10986328125,4218.759765625,1,75.45,Medium Risk
4351,3008.96997070313,7507.14013671875,8948.6904296875,4240.39013671875,1,47.39,Low Risk
4352,9508.6103515625,4040,1907.56005859375,2344.57006835938,1,122.91,Medium Risk
4353,7373.89990234375,45805.96875,5512.830078125,2165.39990234375,1,39.28,Low Risk
4354,7580.43994140625,5937.06005859375,6512.830078125,554.890014648438,1,8.52,Low Risk
4355,1431.42004394531,12191.8095703125,8763.400390625,1457.68994140625,1,16.63,Low Risk
4356,5828.990234375,40280.7109375,5983.58984375,1127.44995117188,1,18.84,Low Risk
4357,3949.46997070313,49901.23046875,2642.81005859375,3052.18994140625,1,115.49,Medium Risk
4358,7368.3798828125,24814.6796875,8999.330078125,1618.96997070313,1,17.99,Low Risk
4359,1655.15002441406,11327.76953125,8791.8701171875,2664.48999023438,1,30.31,Low Risk
4360,2891.02001953125,42538.1796875,8858.990234375,1888.97998046875,1,21.32,Low Risk
4361,8995.8701171875,20321.259765625,6282.259765625,4450.7099609375,1,70.85,Medium Risk
4362,1780.81994628906,14359.4697265625,9669.91015625,2123.88989257813,1,21.96,Low Risk
4363,6360.8798828125,25030.41015625,6000.31982421875,4190.41015625,-1,69.84,High Risk
4364,3220,42934.12109375,2338.03002929688,205.979995727539,1,8.81,Low Risk
4365,910.659973144531,12417.0400390625,4595.27978515625,163.990005493164,1,3.57,Low Risk
4366,2314.4599609375,21767.890625,8424.0595703125,3652.6298828125,1,43.36,Low Risk
4367,8707.150390625,22767.939453125,9805.4697265625,3548.32006835938,1,36.19,Low Risk
4368,9114.4404296875,41805.44921875,8478.240234375,117.01000213623,1,1.38,Low Risk
4369,4256.35009765625,34124.25,4269.1201171875,2438.63989257813,1,57.12,Low Risk
4370,6246.919921875,39243.83984375,1088.10998535156,247.490005493164,1,22.74,Low Risk
4371,5252.93017578125,34975.8984375,2603.78002929688,833.309997558594,1,32,Low Risk
4372,2868.96997070313,30041.119140625,1332.81994628906,4814,1,361.19,Medium Risk
4373,3513.46997070313,7488.0498046875,8396.419921875,1700.80004882813,1,20.26,Low Risk
4374,5315.52001953125,41814.51171875,3758.64990234375,2346.71997070313,1,62.44,Low Risk
4375,6984.080078125,30756.66015625,7255.75,3413.17993164063,1,47.04,Low Risk
4376,3563.580078125,35357.41015625,4677.18994140625,4601.68994140625,1,98.39,Medium Risk
4377,7019.259765625,39158.6484375,3455.43994140625,744.130004882813,1,21.54,Low Risk
4378,9613.7099609375,16273.2900390625,5721.1201171875,1134.2900390625,1,19.83,Low Risk
4379,343.119995117188,22428.41015625,5403,2798.1201171875,1,51.79,Low Risk
4380,1721.98999023438,27523.240234375,8407.509765625,3304.6298828125,1,39.31,Low Risk
4381,9171.080078125,17798.30078125,7266.02001953125,2175.5400390625,1,29.94,Low Risk
4382,808.539978027344,13668.2998046875,3793.84008789063,3266.2900390625,1,86.09,Medium Risk
4383,7673.9599609375,39064.80078125,8255.0302734375,57.1100006103516,1,0.69,Low Risk
4384,6277.3798828125,37932.87109375,6382.830078125,988.059997558594,1,15.48,Low Risk
4385,572.239990234375,41758.171875,4056.19995117188,4185.10009765625,1,103.18,Medium Risk
4386,107.199996948242,35138.05078125,8294.4296875,3779.5,1,45.57,Low Risk
4387,5069.7900390625,16274.6396484375,4331.2998046875,3178.580078125,1,73.39,Medium Risk
4388,1261.71997070313,17023.109375,1475.66003417969,2743.77001953125,1,185.94,Medium Risk
4389,8734.9296875,26861.91015625,8909.8896484375,1000.88000488281,1,11.23,Low Risk
4390,4859.669921875,41944.1796875,5001.93994140625,1358.77001953125,1,27.16,Low Risk
4391,2421,17968.369140625,3903.1298828125,4821.14013671875,1,123.52,Medium Risk
4392,1765.22998046875,38531.01171875,9222.0498046875,9.25,1,0.1,Low Risk
4393,8374.150390625,15978.9404296875,3266.6201171875,2205.89990234375,1,67.53,Low Risk
4394,7215.509765625,17587.740234375,9731.5,51.4199981689453,1,0.53,Low Risk
4395,7207.830078125,37865.9296875,1256.88000488281,1711.82995605469,1,136.2,Medium Risk
4396,944.539978027344,34250.19140625,7027.39013671875,1625.18994140625,1,23.13,Low Risk
4397,6282.72998046875,11203.1904296875,1537.14001464844,579.219970703125,1,37.68,Low Risk
4398,8707.8798828125,41524.0390625,1817.93994140625,347.149993896484,1,19.1,Low Risk
4399,7682.419921875,39445.91015625,9646.900390625,4260.77001953125,1,44.17,Low Risk
4400,1269.75,40073.48828125,9283.1298828125,1620.94995117188,1,17.46,Low Risk
4401,9497.8701171875,24047.2109375,8594.2998046875,2798.44995117188,1,32.56,Low Risk
4402,790.369995117188,17103.33984375,7110.64990234375,3784.57006835938,1,53.22,Low Risk
4403,5613.35009765625,42639.30859375,5200.669921875,2693.80004882813,1,51.8,Low Risk
4404,9455.6201171875,29822.439453125,7102.97998046875,2186.89990234375,1,30.79,Low Risk
4405,8240.33984375,46617.98828125,6015.7099609375,2445.69995117188,1,40.66,Low Risk
4406,6840.2099609375,13437.51953125,8669.75,4177.2099609375,1,48.18,Low Risk
4407,8577.7998046875,48805.69921875,7691.35986328125,2653.89990234375,-1,34.5,High Risk
4408,6765.490234375,19581.6796875,7128.89990234375,919.830017089844,1,12.9,Low Risk
4409,643.989990234375,19839.119140625,2739.18994140625,929.02001953125,1,33.92,Low Risk
4410,3573.6298828125,12702.01953125,6930.5,2507.14990234375,1,36.18,Low Risk
4411,4328.509765625,48286.23828125,5378.18994140625,1008.73999023438,1,18.76,Low Risk
4412,5509.1298828125,2946,8001.919921875,3955.6298828125,1,49.43,Low Risk
4413,2373.43994140625,24194.51953125,5091.990234375,4368.7998046875,1,85.8,Medium Risk
4414,8823.6103515625,18908.599609375,5480.25,806.440002441406,1,14.72,Low Risk
4415,2364.13989257813,8803.900390625,4736.06005859375,2194.81005859375,1,46.34,Low Risk
4416,6610.18017578125,35948.9296875,9857.6298828125,3750.72998046875,1,38.05,Low Risk
4417,8778.41015625,45017.73046875,6343.43994140625,418.359985351563,1,6.6,Low Risk
4418,7354.85009765625,12934.8896484375,9202.5302734375,2971.3701171875,1,32.29,Low Risk
4419,1446.53002929688,25385.099609375,8846.3603515625,2750.65991210938,1,31.09,Low Risk
4420,9518.7998046875,29332.48046875,7774.91015625,3885.6201171875,1,49.98,Low Risk
4421,1009.96997070313,20133.9609375,5540.56982421875,4763.72998046875,1,85.98,Medium Risk
4422,2080.669921875,46155.37109375,5846.1201171875,2434.01000976563,1,41.63,Low Risk
4423,1478.51000976563,23614.2890625,9408.5498046875,1409.47998046875,1,14.98,Low Risk
4424,6702.47998046875,49156.23046875,3076.26000976563,238.25,1,7.74,Low Risk
4425,8093.35986328125,15465.0498046875,8054.10009765625,4104.5498046875,1,50.96,Low Risk
4426,2456.36010742188,4589.1201171875,3676.77001953125,886.909973144531,1,24.12,Low Risk
4427,9794.5595703125,29173.400390625,1524.93005371094,4268.330078125,1,279.9,Medium Risk
4428,1478.51000976563,41343.66015625,4554.02001953125,3081.19995117188,1,67.66,Low Risk
4429,3227.10009765625,20031.1796875,5701.56982421875,850.559997558594,-1,14.92,High Risk
4430,4954.06005859375,10069.83984375,2186.80004882813,2394.7900390625,1,109.51,Medium Risk
4431,8107.58984375,37173.76171875,7724.52001953125,3177.27001953125,1,41.13,Low Risk
4432,3827.77001953125,14273.3701171875,7680.31005859375,3042.53002929688,1,39.61,Low Risk
4433,1880.96997070313,38717.1484375,7576.06005859375,96.0299987792969,1,1.27,Low Risk
4434,4702.8701171875,13853.75,3888.8701171875,2942.68994140625,1,75.67,Medium Risk
4435,4817.2998046875,28307.119140625,5480.169921875,4551.02001953125,1,83.05,Medium Risk
4436,260.429992675781,44496.1796875,2565.0400390625,3156.919921875,1,123.07,Medium Risk
4437,306.799987792969,11026.240234375,4941.75,2842.18994140625,1,57.51,Low Risk
4438,2848.6201171875,41214.03125,9597.7802734375,3781.28002929688,1,39.4,Low Risk
4439,7438.08984375,14006.0498046875,3722.43994140625,2617.1201171875,1,70.31,Medium Risk
4440,3723.30004882813,33372.578125,1440.36999511719,3712.80004882813,1,257.77,Medium Risk
4441,2190.919921875,12941.9296875,3811.47998046875,868.700012207031,1,22.79,Low Risk
4442,1218.44995117188,6613.89990234375,8516.0498046875,4600.91015625,1,54.03,Low Risk
4443,2877.169921875,33537.140625,9161.26953125,2174.8798828125,1,23.74,Low Risk
4444,4866.25,30149.51953125,1085.86999511719,1912.98999023438,1,176.17,Medium Risk
4445,1024.4599609375,20672.689453125,5322.740234375,3724.64990234375,1,69.98,Low Risk
4446,247.850006103516,2797.43994140625,9533.0498046875,2933.82006835938,-1,30.78,High Risk
4447,1360.33996582031,24288.6796875,2131.21997070313,1211.06005859375,1,56.82,Low Risk
4448,7406,8286.6201171875,1563.61999511719,1355.25,1,86.67,Medium Risk
4449,4716.47021484375,18614.109375,7822.7099609375,3186.59008789063,1,40.74,Low Risk
4450,4507.16015625,29723.69921875,6760.2998046875,1953.48999023438,1,28.9,Low Risk
4451,295.549987792969,47028.26953125,7490.7001953125,2058.61010742188,1,27.48,Low Risk
4452,7138.35009765625,26054.2890625,3446.4599609375,3375.15991210938,1,97.93,Medium Risk
4453,2098.89990234375,10544.3701171875,4630.0400390625,3089.36010742188,1,66.72,Low Risk
4454,999.570007324219,47365.08984375,6162.6298828125,843.320007324219,1,13.68,Low Risk
4455,8436.1298828125,2269.59008789063,7850.259765625,4406.5400390625,1,56.13,Low Risk
4456,4907.52001953125,32498.189453125,3868.17993164063,1641.56994628906,1,42.44,Low Risk
4457,7514.43994140625,13857.2099609375,4649.25,3350.13989257813,1,72.06,Medium Risk
4458,8236.66015625,38118,5827.8701171875,4617.06982421875,1,79.22,Medium Risk
4459,9649.7099609375,17229.939453125,1056.53002929688,2199.17993164063,-1,208.15,High Risk
4460,6274.6298828125,22008.580078125,8622.6796875,2457.84008789063,1,28.5,Low Risk
4461,775.950012207031,38750.421875,6615.91015625,3375.31005859375,1,51.02,Low Risk
4462,5621.10986328125,44993.109375,1741.47998046875,1643.38000488281,-1,94.37,High Risk
4463,5144.27001953125,9945.1201171875,4180.8701171875,1766.82995605469,1,42.26,Low Risk
4464,669.880004882813,15518.330078125,2611.90991210938,2956.9599609375,1,113.21,Medium Risk
4465,3132.38989257813,1211.91003417969,1357.65002441406,1570.46997070313,1,115.68,Medium Risk
4466,4180.56005859375,42972.01171875,3799.61010742188,1565.51000976563,1,41.2,Low Risk
4467,1693.66003417969,47409.28125,8857.3095703125,4006.5400390625,1,45.23,Low Risk
4468,186.740005493164,14692.83984375,1606.2900390625,168.490005493164,1,10.49,Low Risk
4469,7594.080078125,19843.19921875,8895.7998046875,128.729995727539,1,1.45,Low Risk
4470,8531.1796875,22018.869140625,2963.669921875,1473.43005371094,-1,49.72,High Risk
4471,2368.11010742188,21077.83984375,9597.9296875,3449.3701171875,1,35.94,Low Risk
4472,137.619995117188,20250.890625,2977.1201171875,1528.23999023438,1,51.33,Low Risk
4473,8910.3798828125,24317.859375,8703.9599609375,3146.07006835938,1,36.15,Low Risk
4474,1426.19995117188,8535.400390625,9258.8603515625,1431.35998535156,1,15.46,Low Risk
4475,4091.96997070313,3826.32006835938,9298.9501953125,153.289993286133,1,1.65,Low Risk
4476,3723.07006835938,36452.80078125,2113.77001953125,3636.69995117188,-1,172.05,High Risk
4477,1726.18994140625,42481.73046875,7039.75,2716.5,1,38.59,Low Risk
4478,6028.22021484375,40699.44921875,8410.4404296875,3221.17993164063,1,38.3,Low Risk
4479,9193.5703125,31704.69921875,7623.4501953125,886.429992675781,1,11.63,Low Risk
4480,5185.85986328125,48471.75,5261.35986328125,3087.25,1,58.68,Low Risk
4481,9731.830078125,1075.60998535156,9472.240234375,4045.48999023438,1,42.71,Low Risk
4482,1988.64001464844,16657.5703125,2618.3798828125,701.950012207031,1,26.81,Low Risk
4483,8500.169921875,16190.7900390625,8898.2998046875,1415.07995605469,1,15.9,Low Risk
4484,2643.38989257813,18133.970703125,3169.88989257813,3958.7099609375,1,124.88,Medium Risk
4485,2580.36010742188,40199.48828125,5054.8701171875,3218.8701171875,1,63.68,Low Risk
4486,1265.15002441406,18223.330078125,5162.8701171875,941.140014648438,1,18.23,Low Risk
4487,8649.9697265625,26827.099609375,3604.75,1359.35998535156,1,37.71,Low Risk
4488,7278.080078125,31083.05078125,3557.06005859375,4526.18017578125,1,127.24,Medium Risk
4489,3482.39990234375,42423.78125,4362.02978515625,1889.18994140625,1,43.31,Low Risk
4490,3559.22998046875,31177.220703125,1116.47998046875,464.429992675781,1,41.6,Low Risk
4491,8463.4697265625,19684.01953125,3177.6201171875,3316.65991210938,1,104.38,Medium Risk
4492,9283.0595703125,35042.37109375,9561.080078125,2007.93994140625,1,21,Low Risk
4493,6064.02001953125,26261.240234375,7472.14013671875,3657.05004882813,1,48.94,Low Risk
4494,4127.7099609375,26891.7109375,5002.06982421875,563.630004882813,1,11.27,Low Risk
4495,626.119995117188,17422.470703125,1008.80999755859,1537.03002929688,1,152.36,Medium Risk
4496,1352.98999023438,1078.77001953125,7372.85986328125,1963.60998535156,1,26.63,Low Risk
4497,1503.69995117188,18436.5,5436.2900390625,2873.34008789063,1,52.85,Low Risk
4498,2840.35009765625,15833.1796875,6906.64013671875,925.090026855469,1,13.39,Low Risk
4499,2644.6201171875,5916.60986328125,4548.9599609375,1609.34997558594,1,35.38,Low Risk
4500,5474.52978515625,10733.169921875,1007,3829.26000976563,1,380.26,Medium Risk
4501,9446.58984375,49063.609375,6252.759765625,943.72998046875,1,15.09,Low Risk
4502,8630.4404296875,14711.0302734375,8095.06005859375,1900.02001953125,1,23.47,Low Risk
4503,5140.7099609375,26389.740234375,2949.65991210938,1957.65002441406,1,66.37,Low Risk
4504,271.25,27917.30078125,6964.2998046875,1038.88000488281,1,14.92,Low Risk
4505,777.150024414063,28441.470703125,4163.6201171875,4363.1201171875,1,104.79,Medium Risk
4506,8617.4697265625,3319.080078125,8498.4501953125,2574.46997070313,1,30.29,Low Risk
4507,2907.93994140625,38801.6484375,4940.7900390625,1930.30004882813,1,39.07,Low Risk
4508,3249.10009765625,36786.91015625,1564.19995117188,3890.31005859375,1,248.71,Medium Risk
4509,1483.80004882813,48882.41015625,5763.0498046875,183.720001220703,1,3.19,Low Risk
4510,2308.82006835938,10049.8701171875,6468.77978515625,4991.08984375,1,77.16,Medium Risk
4511,2547.15991210938,28135.76953125,3876.8798828125,4804.81982421875,1,123.94,Medium Risk
4512,4179.72998046875,40387.6796875,1698.47998046875,438.029998779297,1,25.79,Low Risk
4513,6269.14013671875,7092.9599609375,7778.27001953125,4440.740234375,1,57.09,Low Risk
4514,3596.25,39688.96875,5867.9599609375,1553.41003417969,-1,26.47,High Risk
4515,4553.64990234375,14228.2001953125,2887.60009765625,522.619995117188,-1,18.1,High Risk
4516,1900.81005859375,14761.4599609375,2686.51000976563,2850.88989257813,1,106.12,Medium Risk
4517,658.260009765625,47334.1796875,5913.60009765625,4342.60009765625,1,73.43,Medium Risk
4518,3547.580078125,16379.7802734375,3786.69995117188,798.349975585938,1,21.08,Low Risk
4519,718.669982910156,29627.630859375,7221.0400390625,4851,1,67.18,Low Risk
4520,3067.22998046875,22564.55078125,4138.919921875,1456.71997070313,1,35.2,Low Risk
4521,8392.23046875,4829.81005859375,5234.22998046875,2847.6201171875,1,54.4,Low Risk
4522,3732.6201171875,47573.6484375,1537.48999023438,3326.47998046875,1,216.36,Medium Risk
4523,2013.2900390625,11472.5400390625,5148.6298828125,1753.55004882813,-1,34.06,High Risk
4524,9030.4697265625,14117.0302734375,1091.16003417969,4389.68017578125,1,402.29,Medium Risk
4525,6429.56005859375,19485.080078125,4246.10986328125,4962.10009765625,1,116.86,Medium Risk
4526,9883.6904296875,25428.259765625,3792.1201171875,2041.98999023438,1,53.85,Low Risk
4527,3072.48999023438,8070,7806.0400390625,725.72998046875,1,9.3,Low Risk
4528,2083.64990234375,31866.890625,7918.97021484375,4422.68994140625,1,55.85,Low Risk
4529,3049.61010742188,26220.419921875,4768.77001953125,2629.71997070313,1,55.14,Low Risk
4530,8143.669921875,15847.509765625,9782.8798828125,3700.78002929688,1,37.83,Low Risk
4531,1600.13000488281,34939.94140625,3250.71997070313,1791.09997558594,1,55.1,Low Risk
4532,2486.67993164063,26189.9296875,2491.84008789063,566.619995117188,1,22.74,Low Risk
4533,7046.169921875,42193.6015625,8328.83984375,4296.39990234375,1,51.58,Low Risk
4534,7406.2001953125,42914.828125,5590.990234375,2415.330078125,1,43.2,Low Risk
4535,9592.5302734375,49025.23046875,2757.8701171875,545.320007324219,1,19.77,Low Risk
4536,9803.5,4299.4501953125,3996.39990234375,936.789978027344,1,23.44,Low Risk
4537,6668.9599609375,20853.75,1851.85998535156,3707.63989257813,1,200.21,Medium Risk
4538,3691.669921875,25574.4296875,7265.97021484375,4379.10986328125,1,60.27,Low Risk
4539,4584.83984375,12456.6796875,5471.1201171875,1385.89001464844,1,25.33,Low Risk
4540,4448.75,46179.71875,6078.35009765625,1401.94995117188,1,23.06,Low Risk
4541,3935.0400390625,5318.2900390625,1669.06994628906,508.459991455078,1,30.46,Low Risk
4542,3448.6298828125,21996.80078125,7293.85009765625,2094.35009765625,1,28.71,Low Risk
4543,1762.2099609375,10074.349609375,3644.42993164063,4457.08984375,1,122.3,Medium Risk
4544,3724.96997070313,34424.80078125,2440.1201171875,821.700012207031,1,33.67,Low Risk
4545,9695.3701171875,35544.62109375,4822.10986328125,3895.80004882813,1,80.79,Medium Risk
4546,8833.349609375,43753.19140625,8691.0703125,1094.47998046875,1,12.59,Low Risk
4547,6211.52978515625,21039.560546875,4343.77978515625,1013.07000732422,1,23.32,Low Risk
4548,2008.78002929688,38980.41015625,1981.26000976563,74.7200012207031,1,3.77,Low Risk
4549,8798.7802734375,27929.44921875,9479.6103515625,3348.64990234375,1,35.32,Low Risk
4550,3187.46997070313,40801.26953125,6752.8701171875,1934.39001464844,1,28.65,Low Risk
4551,5502.580078125,5183.56982421875,3714.26000976563,4868.75,1,131.08,Medium Risk
4552,9126.76953125,23708.939453125,6246.47998046875,258.320007324219,-1,4.14,High Risk
4553,3413.42993164063,8377.4697265625,1812.88000488281,329.690002441406,1,18.19,Low Risk
4554,9142.08984375,39727.421875,6078.43017578125,1422.27001953125,1,23.4,Low Risk
4555,2427.77001953125,8480.900390625,8373.9501953125,2688.8701171875,1,32.11,Low Risk
4556,9294.16015625,1394.9599609375,2245.35009765625,3742.15991210938,1,166.66,Medium Risk
4557,3650.7900390625,46546.66015625,8511.5703125,1515.09997558594,1,17.8,Low Risk
4558,3808.55004882813,24745.3203125,5976.08984375,1667.72998046875,1,27.91,Low Risk
4559,5574.77978515625,49274.3515625,2731.330078125,3596.71997070313,1,131.68,Medium Risk
4560,3535.56005859375,23196.859375,2901.6298828125,1848.91003417969,1,63.72,Low Risk
4561,4554.830078125,29948.83984375,8948.169921875,3262.80004882813,1,36.46,Low Risk
4562,5063.10986328125,37464.58984375,5281.7998046875,1570.97998046875,1,29.74,Low Risk
4563,4961.08984375,14759.1201171875,3545.6298828125,4958.240234375,1,139.84,Medium Risk
4564,9614.98046875,7509.9599609375,3272.27001953125,4583.2001953125,-1,140.06,High Risk
4565,2889.7099609375,33395.3515625,4601.16015625,2933.30004882813,1,63.75,Low Risk
4566,2917.34008789063,26023.650390625,7999.41015625,4804.6298828125,1,60.06,Low Risk
4567,8395.419921875,41513.26171875,1240.61999511719,2808.92993164063,1,226.41,Medium Risk
4568,3980.88989257813,3208.3701171875,1969.2099609375,4255.72998046875,-1,216.11,High Risk
4569,824.650024414063,27693.740234375,5002.1298828125,4763.1201171875,1,95.22,Medium Risk
4570,4864.41015625,10102.0400390625,9169.599609375,4879.2099609375,1,53.21,Low Risk
4571,5547.27001953125,31248.55078125,8952.41015625,4859.41015625,1,54.28,Low Risk
4572,6215.16015625,38261.55078125,8031.10009765625,4365.08984375,1,54.35,Low Risk
4573,2427.419921875,13887.5,9809.5595703125,1974.66003417969,1,20.13,Low Risk
4574,9735.26953125,24607.650390625,1968.08996582031,4960.4501953125,-1,252.04,High Risk
4575,7396.47998046875,21590,8950.9501953125,3897.65991210938,1,43.54,Low Risk
4576,7229.39013671875,37988.671875,1180.08996582031,4256.39990234375,1,360.68,Medium Risk
4577,8741.4404296875,30393.51953125,4735.56982421875,3997.43994140625,1,84.41,Medium Risk
4578,358.660003662109,6914.66015625,3029.73999023438,2864.72998046875,1,94.55,Medium Risk
4579,6170.10986328125,48860.66015625,4265.7900390625,2705.96997070313,1,63.43,Low Risk
4580,8196.58984375,45704.5390625,9765.7099609375,2070.06005859375,1,21.2,Low Risk
4581,440.299987792969,29357.279296875,3961.28002929688,626.47998046875,1,15.82,Low Risk
4582,7585.83984375,39096.37109375,6665.9501953125,3147.05004882813,1,47.21,Low Risk
4583,9898,1978.55004882813,7195.240234375,1607.41003417969,-1,22.34,High Risk
4584,5974.759765625,10873.099609375,5945.990234375,959.72998046875,1,16.14,Low Risk
4585,4304.4501953125,38625.2890625,1818.91003417969,1309.11999511719,1,71.97,Medium Risk
4586,4590.72021484375,6203.2099609375,8704.16015625,1935.9599609375,1,22.24,Low Risk
4587,6826.85986328125,3093.61010742188,8085.77001953125,39.1199989318848,1,0.48,Low Risk
4588,5742.56005859375,31170.080078125,7745.6298828125,1745.93005371094,1,22.54,Low Risk
4589,7896.9501953125,2677.85009765625,9194.2099609375,3186.72998046875,1,34.66,Low Risk
4590,4274.2099609375,9972.580078125,4126.3701171875,1001.88000488281,-1,24.28,High Risk
4591,4231.509765625,4919.10986328125,6184.6201171875,1062.59997558594,1,17.18,Low Risk
4592,7485.06005859375,27179.310546875,8049.5,785.710021972656,1,9.76,Low Risk
4593,6490.6298828125,34169.78125,4999.97021484375,1192.76000976563,1,23.86,Low Risk
4594,7803.169921875,9982.150390625,9667.3603515625,131.770004272461,1,1.36,Low Risk
4595,8882.919921875,23969.119140625,8638.1796875,4892.35986328125,1,56.64,Low Risk
4596,2707.71997070313,1988.38000488281,5775.6201171875,342.609985351563,1,5.93,Low Risk
4597,3218.86010742188,13968.3603515625,2325.92993164063,3641.26000976563,1,156.55,Medium Risk
4598,5316.81005859375,9800.6103515625,5533.1298828125,1348.96997070313,1,24.38,Low Risk
4599,9311.48046875,9132.25,2862.53002929688,2485.47998046875,1,86.83,Medium Risk
4600,8363.41015625,12025.98046875,4659.2099609375,1659.9599609375,1,35.63,Low Risk
4601,4737.60986328125,40461.859375,3389.830078125,4853.27978515625,1,143.17,Medium Risk
4602,5773.8798828125,47537.78125,8316.4501953125,1793.36999511719,1,21.56,Low Risk
4603,7151.8701171875,35596.55859375,3334.6201171875,2238.93994140625,1,67.14,Low Risk
4604,5274.52978515625,4540.52001953125,6323.2099609375,4943.43994140625,1,78.18,Medium Risk
4605,1074.64001464844,31780.029296875,1469.53002929688,495.799987792969,1,33.74,Low Risk
4606,3592.09008789063,36971.6484375,7785.43017578125,1478.23999023438,1,18.99,Low Risk
4607,571.359985351563,6445.14013671875,5040.009765625,1927.10998535156,1,38.24,Low Risk
4608,6731.669921875,15421.8203125,4743.58984375,2248.55004882813,1,47.4,Low Risk
4609,3437.53002929688,21990.6796875,4917.2099609375,4786.7998046875,1,97.35,Medium Risk
4610,7409.7900390625,16225.48046875,7415.06982421875,1908.93994140625,1,25.74,Low Risk
4611,4354.1298828125,26397.599609375,4880.47998046875,1407.7099609375,1,28.84,Low Risk
4612,551.320007324219,7415.08984375,7637.1201171875,1571.35998535156,1,20.58,Low Risk
4613,3858.19995117188,22792.720703125,3546.5400390625,631.539978027344,-1,17.81,High Risk
4614,2265.080078125,36930.73046875,9645.0400390625,703.690002441406,1,7.3,Low Risk
4615,2221.47998046875,23585.73046875,5594.27978515625,1210.4599609375,1,21.64,Low Risk
4616,3838.34008789063,11311.3095703125,6252.27001953125,860.280029296875,1,13.76,Low Risk
4617,9785.4296875,40303.51171875,7255.169921875,1688.43005371094,1,23.27,Low Risk
4618,9604.6904296875,20325.380859375,6261.93017578125,700.799987792969,-1,11.19,High Risk
4619,8054.2001953125,21829.529296875,6076.91015625,2828.080078125,1,46.54,Low Risk
4620,2530.1298828125,18523.55078125,1021.77001953125,4753.259765625,1,465.2,Medium Risk
4621,7662.89990234375,15196.849609375,5136.169921875,2490.5,-1,48.49,High Risk
4622,252.100006103516,30495.44921875,8801.08984375,2232.56005859375,1,25.37,Low Risk
4623,657.859985351563,10202.5595703125,9314.5,928.77001953125,1,9.97,Low Risk
4624,8373.75,38692.25,3594.18994140625,1111.89001464844,1,30.94,Low Risk
4625,5685.93994140625,24603.279296875,7374.580078125,3109.63989257813,1,42.17,Low Risk
4626,3795.75,44295.7890625,8726.5498046875,589.049987792969,1,6.75,Low Risk
4627,7430.5400390625,47005.6484375,4962.8798828125,884.900024414063,1,17.83,Low Risk
4628,1232.18994140625,19765.6796875,6380.77978515625,2927.080078125,1,45.87,Low Risk
4629,2938.19995117188,8782.33984375,6759.22021484375,3675.669921875,1,54.38,Low Risk
4630,7303.31982421875,25757.740234375,9541.080078125,4709.39013671875,1,49.36,Low Risk
4631,2150.96997070313,14252.1396484375,5338.25,884.239990234375,1,16.56,Low Risk
4632,6046.35986328125,21899.619140625,8004.580078125,3588.35009765625,1,44.83,Low Risk
4633,4531.8701171875,19494.69921875,2682.35009765625,1215.77001953125,1,45.32,Low Risk
4634,2103.39990234375,23073.140625,6271.77001953125,801.469970703125,1,12.78,Low Risk
4635,8894.990234375,25429.7109375,5101.56005859375,4104.89013671875,1,80.46,Medium Risk
4636,4411.72021484375,31744.01953125,3067.48999023438,1489.97998046875,1,48.57,Low Risk
4637,6028.52001953125,1186.88000488281,1122.43005371094,1658.4599609375,1,147.76,Medium Risk
4638,2605.07006835938,13564.599609375,6320.18017578125,1979.22998046875,1,31.32,Low Risk
4639,3533.3701171875,9342.4599609375,8282.5703125,230.330001831055,1,2.78,Low Risk
4640,584.940002441406,35811.890625,8264.419921875,4387.8701171875,1,53.09,Low Risk
4641,4883.81982421875,41784.03125,4505.81005859375,4855.56982421875,1,107.76,Medium Risk
4642,3513.97998046875,36562.0703125,2627.44995117188,1026.86999511719,1,39.08,Low Risk
4643,3361.10009765625,48758.53125,9489.9501953125,379.679992675781,1,4,Low Risk
4644,8910.4404296875,4785.1298828125,4435.43017578125,2450.169921875,1,55.24,Low Risk
4645,7068.31005859375,23772.9609375,4130.0400390625,3292.0400390625,1,79.71,Medium Risk
4646,4627.169921875,45069.140625,6533.5400390625,2466.89990234375,1,37.76,Low Risk
4647,2033.97998046875,16635.330078125,4960.72021484375,3262.85009765625,1,65.77,Low Risk
4648,9735.1904296875,40313.5390625,4094.67993164063,4755.66015625,1,116.14,Medium Risk
4649,840.179992675781,28525.2890625,3924.59008789063,1657.26000976563,1,42.23,Low Risk
4650,1447.44995117188,48949.28125,4530.22998046875,4441.52001953125,1,98.04,Medium Risk
4651,2776.17993164063,19180.080078125,7167.97021484375,2723.169921875,1,37.99,Low Risk
4652,9549.830078125,21441.19921875,1103.60998535156,3565.55004882813,1,323.08,Medium Risk
4653,2860.92993164063,9026.51953125,2826.17993164063,4160.72021484375,1,147.22,Medium Risk
4654,4965.1201171875,8822.3701171875,3300.73999023438,1331.7900390625,1,40.35,Low Risk
4655,7635.52978515625,43189.109375,9996.0498046875,1776.06994628906,1,17.77,Low Risk
4656,9298.9404296875,20957.4609375,8956.6201171875,200.289993286133,1,2.24,Low Risk
4657,6090.39013671875,31402.810546875,4790.75,3896.15991210938,1,81.33,Medium Risk
4658,3904.35009765625,37860.359375,7311.009765625,353.980010986328,1,4.84,Low Risk
4659,9856.5400390625,22473.919921875,3121.5400390625,2101.57006835938,1,67.32,Low Risk
4660,359.010009765625,47735.421875,9451.76953125,4093.5400390625,1,43.31,Low Risk
4661,8338.509765625,46970.51171875,9352.33984375,515.719970703125,1,5.51,Low Risk
4662,2846.56005859375,34325.80078125,2457.60009765625,4967.08984375,-1,202.11,High Risk
4663,8192.76953125,49765.1796875,9355.5498046875,2822.38989257813,1,30.17,Low Risk
4664,1705.44995117188,1129.78002929688,4693.97021484375,624.969970703125,1,13.31,Low Risk
4665,3533.5,1453.38000488281,5430.68994140625,71.1900024414063,1,1.31,Low Risk
4666,654.119995117188,4309.2099609375,7232.18994140625,1681.58996582031,1,23.25,Low Risk
4667,2076.26000976563,47232.46875,5307.75,1102.71997070313,1,20.78,Low Risk
4668,6067.64013671875,30636.890625,6156.31005859375,2317.69995117188,1,37.65,Low Risk
4669,7638.8701171875,46458.3984375,5028.080078125,2330.51000976563,1,46.35,Low Risk
4670,9121.150390625,7227.81005859375,1604.84997558594,779.429992675781,1,48.57,Low Risk
4671,1284.89001464844,2566.94995117188,5954.27978515625,3294.6201171875,1,55.33,Low Risk
4672,1491.67004394531,27620.830078125,1443.18994140625,2062.14990234375,-1,142.89,High Risk
4673,9393.8798828125,9585.75,1904.30004882813,3164.57006835938,1,166.18,Medium Risk
4674,7683.14990234375,43131.859375,7184.990234375,4318.580078125,1,60.11,Low Risk
4675,5443.5400390625,21600.060546875,5225.7900390625,847.080017089844,1,16.21,Low Risk
4676,4819.580078125,38752.37890625,5858.6201171875,2165,1,36.95,Low Risk
4677,1661.39001464844,26305.5,2514.65991210938,4206.72021484375,1,167.29,Medium Risk
4678,3855.080078125,26904.849609375,7166.7099609375,3611.330078125,-1,50.39,High Risk
4679,3788.7900390625,34410.41015625,1647.28002929688,1526.94995117188,1,92.7,Medium Risk
4680,6518.6298828125,17437.140625,3279.89990234375,3781.330078125,1,115.29,Medium Risk
4681,6029.16015625,47493.51953125,9126.91015625,1909.89001464844,1,20.93,Low Risk
4682,691.140014648438,20620.099609375,1231.0400390625,4856.83984375,1,394.53,Medium Risk
4683,8499.9501953125,20504.080078125,7713.009765625,1274.13000488281,1,16.52,Low Risk
4684,9381.7197265625,35663.69140625,2427.18994140625,890.890014648438,1,36.7,Low Risk
4685,7824.06005859375,32176.33984375,8498.91015625,4393.22021484375,1,51.69,Low Risk
4686,1866.01000976563,49793.30078125,6470.14990234375,2483.93994140625,1,38.39,Low Risk
4687,1804.46997070313,42661.30859375,1304,3720.5400390625,-1,285.32,High Risk
4688,7288.509765625,14944.9501953125,1076.48999023438,4750.91015625,1,441.33,Medium Risk
4689,4464.58984375,5976.080078125,6178.6298828125,986.460021972656,1,15.97,Low Risk
4690,7810.16015625,6224.72998046875,8144.419921875,500.730010986328,1,6.15,Low Risk
4691,847.239990234375,18718.830078125,7426.7900390625,1082.56005859375,-1,14.58,High Risk
4692,7192.72021484375,24382.109375,3659.669921875,573.75,1,15.68,Low Risk
4693,4298.5498046875,32219.080078125,7515.72021484375,4810.02978515625,1,64,Low Risk
4694,406.75,43028.578125,3501.30004882813,3567.1298828125,1,101.88,Medium Risk
4695,5497.06005859375,49487.48046875,5455.5400390625,3279.1298828125,1,60.11,Low Risk
4696,7020.4501953125,21027.080078125,2990.64990234375,4758.06982421875,1,159.1,Medium Risk
4697,5329.56982421875,27733.439453125,2040.68005371094,4892.240234375,1,239.74,Medium Risk
4698,1316.51000976563,30436.619140625,9642.1298828125,4565.06005859375,1,47.34,Low Risk
4699,8177.5,28369.529296875,6834.2998046875,3298.78002929688,1,48.27,Low Risk
4700,3239.13989257813,5425.33984375,3017.2900390625,2483.669921875,1,82.31,Medium Risk
4701,9222.4501953125,6636.990234375,2108.2099609375,219.610000610352,1,10.42,Low Risk
4702,9078.0703125,44549.01953125,3316.97998046875,4384.85009765625,-1,132.19,High Risk
4703,2083.59008789063,34103.62109375,4341.9501953125,500.619995117188,1,11.53,Low Risk
4704,4816.02001953125,34259.2890625,8789.2197265625,430.649993896484,1,4.9,Low Risk
4705,1459.92004394531,40924.30859375,7141.5400390625,3280.88989257813,1,45.94,Low Risk
4706,6809.7001953125,5122.93994140625,4241.10009765625,4156.8701171875,1,98.01,Medium Risk
4707,8533.98046875,21358.51953125,3934.47998046875,3427.5,1,87.11,Medium Risk
4708,6518.89990234375,13087.0498046875,3139.39990234375,1824.96997070313,1,58.13,Low Risk
4709,2678.69995117188,33379.51953125,2013.88000488281,4147.18017578125,1,205.93,Medium Risk
4710,855.52001953125,11531.8095703125,8751.58984375,27.0499992370605,1,0.31,Low Risk
4711,785.679992675781,34914.12109375,5245.14990234375,823.340026855469,1,15.7,Low Risk
4712,6148.18994140625,20007.119140625,9515.8203125,2505.14990234375,1,26.33,Low Risk
4713,9537.9501953125,22530.869140625,8018.5,4389.97998046875,1,54.75,Low Risk
4714,6983.25,41082.62890625,7238.7998046875,518.840026855469,-1,7.17,High Risk
4715,7333.2001953125,18060.1796875,4115.35986328125,2511.31005859375,1,61.02,Low Risk
4716,3360.07006835938,13573.3603515625,5237.68017578125,1029,1,19.65,Low Risk
4717,5901.77978515625,42662.96875,3135.9599609375,1079.81005859375,1,34.43,Low Risk
4718,3234.34008789063,34584.55859375,8195.9296875,4207.60009765625,1,51.34,Low Risk
4719,9026.490234375,20790.880859375,5196.580078125,839.489990234375,1,16.15,Low Risk
4720,1411.89001464844,25429.490234375,8102.240234375,340.450012207031,1,4.2,Low Risk
4721,6357.0400390625,18045.05078125,1739.18994140625,427.600006103516,1,24.59,Low Risk
4722,7335.35986328125,28009.240234375,3831.8701171875,1750.89001464844,-1,45.69,High Risk
4723,7015.0498046875,7796.08984375,1790.52001953125,2705.89990234375,1,151.12,Medium Risk
4724,2647.43994140625,44533.66015625,6310.2900390625,57.3699989318848,1,0.91,Low Risk
4725,4911.7099609375,28148.349609375,7513.419921875,4968.77001953125,1,66.13,Low Risk
4726,6667.1298828125,19878.1796875,8063.080078125,4694.7900390625,1,58.23,Low Risk
4727,9316.33984375,29008.08984375,4333.56005859375,2326.59008789063,1,53.69,Low Risk
4728,5046.6298828125,8898.4404296875,2231.3701171875,731.429992675781,1,32.78,Low Risk
4729,3075.0400390625,4845.169921875,9716.0595703125,806.659973144531,1,8.3,Low Risk
4730,3926.56005859375,27858.1796875,2709.61010742188,1948.27001953125,-1,71.9,High Risk
4731,5459.06005859375,4454.33984375,3906.330078125,4563.10009765625,1,116.81,Medium Risk
4732,9765.9501953125,33382.6015625,3742.580078125,2063.68994140625,1,55.14,Low Risk
4733,6320.47998046875,40211.83984375,7929.85009765625,1936.58996582031,1,24.42,Low Risk
4734,1631.89001464844,49430,8528.490234375,4590.39013671875,1,53.82,Low Risk
4735,8447.1298828125,38692.94921875,3568.919921875,4968.6298828125,-1,139.22,High Risk
4736,1896.32995605469,48732.140625,3549.78002929688,1919.28002929688,1,54.07,Low Risk
4737,483.589996337891,2086.9599609375,7207.97021484375,4812.7001953125,1,66.77,Low Risk
4738,1092.07995605469,28383.529296875,8730.58984375,648.650024414063,1,7.43,Low Risk
4739,7882.60986328125,9072.099609375,2361.98999023438,998.679992675781,1,42.28,Low Risk
4740,9028.76953125,13011.6298828125,9854.23046875,2173.71997070313,1,22.06,Low Risk
4741,2755.2099609375,36992.23828125,7148.68017578125,1912.78002929688,1,26.76,Low Risk
4742,5031.2900390625,13388.48046875,3714.48999023438,1149.58996582031,1,30.95,Low Risk
4743,6012.509765625,9810.76953125,7889.47998046875,2378.89990234375,1,30.15,Low Risk
4744,4245.0400390625,19220.419921875,1422.94995117188,3669.39990234375,1,257.87,Medium Risk
4745,746.710021972656,5079.47998046875,9190.1201171875,783.869995117188,1,8.53,Low Risk
4746,660.859985351563,8178.2001953125,5292.97021484375,1819.13000488281,1,34.37,Low Risk
4747,4459.4599609375,8176.06982421875,2913,153.339996337891,1,5.26,Low Risk
4748,7998.89013671875,12076.76953125,7085.02001953125,4775.83984375,1,67.41,Low Risk
4749,937.830017089844,43664.37890625,1837.68005371094,3804.34008789063,1,207.02,Medium Risk
4750,2136.18994140625,15466.599609375,5273.43994140625,1629.03002929688,1,30.89,Low Risk
4751,2770.69995117188,14419.5302734375,9450.1201171875,869.5,1,9.2,Low Risk
4752,5635.35009765625,7173.43017578125,6746.97998046875,2652.22998046875,-1,39.31,High Risk
4753,527.640014648438,1789.15002441406,1850.33996582031,1121.89001464844,1,60.63,Low Risk
4754,8614.419921875,8858.5595703125,8886.8603515625,2713.07006835938,1,30.53,Low Risk
4755,4760.18994140625,36425.58984375,8464.8798828125,2035.19995117188,1,24.04,Low Risk
4756,4903.7998046875,48522.46875,7656.64990234375,2777.4599609375,1,36.28,Low Risk
4757,3332.5400390625,37446.87890625,2470.55004882813,2687.53002929688,1,108.78,Medium Risk
4758,2198.830078125,42808.16015625,6559.740234375,26.5699996948242,1,0.41,Low Risk
4759,3700.32006835938,39550.5390625,8069.89013671875,3503.05004882813,1,43.41,Low Risk
4760,9142.66015625,15506.5595703125,7421.6298828125,2937.19995117188,1,39.58,Low Risk
4761,1032.89001464844,36830.28125,4002.39990234375,3025.26000976563,1,75.59,Medium Risk
4762,701.210021972656,37778.76953125,9549.58984375,1363.23999023438,1,14.28,Low Risk
4763,1233.06994628906,13669.6298828125,2793.98999023438,4768.43994140625,1,170.67,Medium Risk
4764,7792.080078125,46112.03125,4942.72998046875,1868.89001464844,1,37.81,Low Risk
4765,579.320007324219,49899.41015625,4690.419921875,1220.53002929688,1,26.02,Low Risk
4766,3398.34008789063,28503.5703125,9067.66015625,160.259994506836,1,1.77,Low Risk
4767,4306.10009765625,16513.16015625,2878.05004882813,2976.67993164063,1,103.43,Medium Risk
4768,5120.39990234375,18522.919921875,7939.83984375,4171.08984375,-1,52.53,High Risk
4769,131.669998168945,29539.740234375,5789.759765625,958.159973144531,1,16.55,Low Risk
4770,4918.97998046875,1381.2099609375,6471.18017578125,3406.96997070313,-1,52.65,High Risk
4771,2029.75,16108.490234375,1167.67004394531,21.3500003814697,1,1.83,Low Risk
4772,1068.97998046875,3401.19995117188,7077.56005859375,2974.4599609375,1,42.03,Low Risk
4773,5379.6298828125,31584.810546875,3023.61010742188,353.440002441406,1,11.69,Low Risk
4774,7467.080078125,30598.630859375,5084.1298828125,4484.33984375,1,88.2,Medium Risk
4775,9354.01953125,29961.349609375,5281.58984375,1428.60998535156,1,27.05,Low Risk
4776,9135.330078125,8398.5400390625,9658.2001953125,2451.13989257813,1,25.38,Low Risk
4777,4050.07006835938,47283.3984375,5189.27001953125,1956.77001953125,1,37.71,Low Risk
4778,7070.169921875,27177.2109375,4757.91015625,2893.02001953125,1,60.8,Low Risk
4779,6986.64013671875,28237.240234375,7843.0400390625,1567.98999023438,1,19.99,Low Risk
4780,4179.85009765625,27668.69921875,4782.72998046875,4626.02001953125,1,96.72,Medium Risk
4781,1072.28002929688,26696.240234375,8880.169921875,1625.89001464844,1,18.31,Low Risk
4782,3881.88989257813,46982.96875,5763.3701171875,2616.97998046875,1,45.41,Low Risk
4783,9924.33984375,30499.189453125,8844,2005.82995605469,1,22.68,Low Risk
4784,5594.83984375,24771.140625,6993.580078125,1153.38000488281,1,16.49,Low Risk
4785,3479.77001953125,38555.80859375,6859.2998046875,4952.4501953125,1,72.2,Medium Risk
4786,7463.77001953125,13321.66015625,6087.83984375,3371.60009765625,-1,55.38,High Risk
4787,6894.6298828125,10408.490234375,5466.39990234375,2560.88989257813,1,46.85,Low Risk
4788,5830.1201171875,22521.419921875,4271.89013671875,3240.669921875,1,75.86,Medium Risk
4789,6410.580078125,1768.59997558594,8208.3798828125,2548.19995117188,1,31.04,Low Risk
4790,5890.89013671875,15382.330078125,6758.31005859375,3781.01000976563,1,55.95,Low Risk
4791,9567.1396484375,21583.650390625,1860.0400390625,1076.0400390625,1,57.85,Low Risk
4792,5140.43017578125,29356.240234375,7093.02978515625,4939.47998046875,1,69.64,Low Risk
4793,5942.89013671875,27616.970703125,1436.47998046875,1478.06994628906,1,102.9,Medium Risk
4794,4769.3798828125,19002.689453125,9783.990234375,1999.06994628906,-1,20.43,High Risk
4795,6042.2001953125,17819.890625,3889.28002929688,4846.4501953125,1,124.61,Medium Risk
4796,8919.1904296875,1064.61999511719,2060.09008789063,1278.77001953125,1,62.07,Low Risk
4797,3463.57006835938,44174.51953125,3086.3701171875,845.570007324219,1,27.4,Low Risk
4798,5009.43994140625,12332.41015625,9553.66015625,3126.31005859375,1,32.72,Low Risk
4799,4541.25,18542.150390625,5444.5498046875,4824.0498046875,1,88.6,Medium Risk
4800,4039.97998046875,1992.48999023438,9793.7099609375,4962.9599609375,1,50.67,Low Risk
4801,8228.26953125,47885.30859375,3932.81005859375,1191.96997070313,1,30.31,Low Risk
4802,2396.26000976563,25234.05078125,1388.59997558594,1512.47998046875,1,108.92,Medium Risk
4803,5049.18994140625,2140.35009765625,9270.150390625,3937.67993164063,1,42.48,Low Risk
4804,9253.8798828125,13308.509765625,9261.5400390625,772.809997558594,1,8.34,Low Risk
4805,1696.42004394531,44083.87109375,4177.2900390625,1627.33996582031,1,38.96,Low Risk
4806,145.979995727539,19409.380859375,6942.580078125,2766.81005859375,1,39.85,Low Risk
4807,2725.7099609375,34780.8515625,3314.84008789063,1209.72998046875,1,36.49,Low Risk
4808,9230.8798828125,31078.6796875,6625.18994140625,127.190002441406,1,1.92,Low Risk
4809,967.47998046875,24124.98046875,1578.32995605469,97.0400009155273,1,6.15,Low Risk
4810,1457.0400390625,41827.71875,4116.2001953125,4857.35009765625,1,118.01,Medium Risk
4811,3271.36010742188,2977.36010742188,4488.0400390625,2426.8701171875,1,54.07,Low Risk
4812,7720.06982421875,45708.76171875,3802.21997070313,4860.259765625,1,127.83,Medium Risk
4813,7537.68017578125,36184.7109375,5414.93017578125,1895.97998046875,1,35.01,Low Risk
4814,962,43321.96875,6922.72021484375,4095.01000976563,1,59.15,Low Risk
4815,9345.0400390625,1829.68994140625,5499.91015625,699.109985351563,1,12.71,Low Risk
4816,2464.31005859375,5154.93994140625,5023.330078125,276.230010986328,1,5.5,Low Risk
4817,2878.30004882813,11088.0595703125,6960.43017578125,1755.38000488281,1,25.22,Low Risk
4818,3925.5400390625,30084.48046875,8612.849609375,201.699996948242,1,2.34,Low Risk
4819,6381.47998046875,5528.6201171875,4998.0498046875,2432.69995117188,1,48.67,Low Risk
4820,5260.9599609375,46645.80078125,5256.93994140625,3194.40991210938,1,60.77,Low Risk
4821,9293.2900390625,37681.109375,8822.3701171875,587.919982910156,1,6.66,Low Risk
4822,5689.740234375,40572.21875,1073.46997070313,2114.47998046875,1,196.98,Medium Risk
4823,8584.669921875,29608.650390625,4710.759765625,4555.4501953125,1,96.7,Medium Risk
4824,874.219970703125,31916.4609375,1200.06994628906,2828.8701171875,1,235.73,Medium Risk
4825,8573.4296875,11831.830078125,4388.89990234375,2475.169921875,1,56.4,Low Risk
4826,2057.36010742188,45592.01953125,3332.53002929688,3221.19995117188,1,96.66,Medium Risk
4827,3689.2900390625,32796.96875,6012.35009765625,4433.009765625,1,73.73,Medium Risk
4828,3266.8798828125,21469.26953125,5188.35009765625,4022.38989257813,1,77.53,Medium Risk
4829,3439.09008789063,44201.9296875,1923.4599609375,1268.67004394531,1,65.96,Low Risk
4830,9194.9404296875,43327.26953125,5792.60009765625,168.800003051758,1,2.91,Low Risk
4831,4471.77978515625,1026.42004394531,7242.89013671875,1482.11999511719,1,20.46,Low Risk
4832,2752.88989257813,46317.0390625,1504.2099609375,4504.580078125,1,299.46,Medium Risk
4833,3014.580078125,18807.9296875,1293.14001464844,2203.93994140625,1,170.43,Medium Risk
4834,8053.02978515625,21685.19921875,8961.3603515625,3747.56005859375,1,41.82,Low Risk
4835,5437.22998046875,5180.35986328125,6101.39013671875,3873.330078125,1,63.48,Low Risk
4836,4550.02001953125,44001.28125,1978.33996582031,3089.52001953125,1,156.17,Medium Risk
4837,9275.4599609375,27421.029296875,7464.2998046875,937.030029296875,1,12.55,Low Risk
4838,9307.080078125,45379.51171875,8709.7998046875,2592.57006835938,1,29.77,Low Risk
4839,7585.56982421875,39259.96875,9703.41015625,2358.68994140625,1,24.31,Low Risk
4840,5228.259765625,45001.078125,8469.830078125,3199.6201171875,1,37.78,Low Risk
4841,1254.4599609375,47464.671875,7751.2099609375,4186.06982421875,1,54.01,Low Risk
4842,7108.7001953125,44409.30859375,8905.26953125,163.429992675781,1,1.84,Low Risk
4843,8169.60986328125,11281.9296875,5387.6298828125,1630.51000976563,1,30.26,Low Risk
4844,8535.2099609375,4435.509765625,5376.93017578125,3758.7900390625,1,69.91,Low Risk
4845,5860.47021484375,31392.41015625,7083.5498046875,4114.9599609375,-1,58.09,High Risk
4846,6206.7099609375,8597.759765625,8878.75,901.650024414063,1,10.16,Low Risk
4847,7121.97998046875,43292.21875,2878.63989257813,1775.60998535156,1,61.68,Low Risk
4848,8751.900390625,47425.359375,4882.169921875,2503.73999023438,1,51.28,Low Risk
4849,549.700012207031,6942.56982421875,7794.02978515625,2905.330078125,1,37.28,Low Risk
4850,5675.89990234375,12556.1298828125,3543.919921875,1977.18005371094,1,55.79,Low Risk
4851,3754.05004882813,31636.029296875,1500.46997070313,3564.22998046875,1,237.54,Medium Risk
4852,8348.2802734375,36537.640625,4707.33984375,2269.1298828125,1,48.2,Low Risk
4853,1424.72998046875,26103.2890625,9753.080078125,1659.68994140625,1,17.02,Low Risk
4854,9106.0400390625,19082.58984375,6814.72998046875,2123.080078125,1,31.15,Low Risk
4855,1327.67004394531,15995.2197265625,7999.77978515625,846.830017089844,1,10.59,Low Risk
4856,984.330017089844,33632.44140625,1910.80004882813,722.739990234375,1,37.82,Low Risk
4857,3530.34008789063,37483.51171875,5760.39013671875,3114.02001953125,1,54.06,Low Risk
4858,9947.76953125,15152.9697265625,8890.5703125,2052.55004882813,1,23.09,Low Risk
4859,6374.64990234375,16973.7890625,8918.66015625,4708.83984375,1,52.8,Low Risk
4860,361.739990234375,23543.30078125,9815.9404296875,1696.55004882813,1,17.28,Low Risk
4861,2567.71997070313,23060.630859375,8422.4296875,3213.22998046875,1,38.15,Low Risk
4862,1576.73999023438,42290.078125,8866.2900390625,3500.60009765625,1,39.48,Low Risk
4863,109.940002441406,22408.5703125,2847.5400390625,3942.15991210938,1,138.44,Medium Risk
4864,5197.91015625,48942.05859375,1234.69995117188,1828.88000488281,-1,148.12,High Risk
4865,3872.96997070313,16237.2099609375,6899.7998046875,2425.68994140625,1,35.16,Low Risk
4866,6171.47021484375,34948.21875,7208.5400390625,3911.8701171875,1,54.27,Low Risk
4867,2242.01000976563,38187.87890625,9256.5302734375,4344.1298828125,1,46.93,Low Risk
4868,8327.4296875,31889.7890625,6014.5400390625,1424.18005371094,1,23.68,Low Risk
4869,3893.32006835938,18985.33984375,4816.759765625,1210.68994140625,1,25.13,Low Risk
4870,4880.759765625,13613.349609375,9409.3603515625,1700.43005371094,1,18.07,Low Risk
4871,7351.60986328125,30609.830078125,2790.59008789063,2952.07006835938,1,105.79,Medium Risk
4872,1745.03002929688,33272.9296875,5218.06005859375,4162.509765625,1,79.77,Medium Risk
4873,2697.19995117188,13623.490234375,1391.40002441406,3221.11010742188,1,231.5,Medium Risk
4874,1632.0400390625,17487.970703125,8151.580078125,1011.17999267578,1,12.4,Low Risk
4875,7704.009765625,43241.08984375,6613.2998046875,258.850006103516,1,3.91,Low Risk
4876,1065.46997070313,40715.109375,3610.419921875,2780.78002929688,1,77.02,Medium Risk
4877,4941.1298828125,10005.259765625,5852.22021484375,3812.97998046875,1,65.15,Low Risk
4878,7524.10986328125,46734.44140625,7184.60986328125,2526.6201171875,1,35.17,Low Risk
4879,5126.83984375,31773.609375,8122.22021484375,1832.58996582031,1,22.56,Low Risk
4880,5135.89990234375,25340.98046875,1928.7099609375,989.099975585938,1,51.28,Low Risk
4881,730.380004882813,10842.3603515625,2733.1201171875,2872.67993164063,1,105.11,Medium Risk
4882,7850.330078125,36779.55859375,5704.81982421875,3057.8701171875,1,53.6,Low Risk
4883,6079.68017578125,46118.9609375,7392.60009765625,4172.330078125,1,56.44,Low Risk
4884,6708.3798828125,4182.47021484375,8920.0400390625,3696.419921875,-1,41.44,High Risk
4885,7681.419921875,26516.490234375,5901.81005859375,2577.01000976563,1,43.66,Low Risk
4886,5650.1201171875,43979.46875,3741.97998046875,4047.75,-1,108.17,High Risk
4887,5135.3701171875,47673.62109375,8720.3095703125,566.799987792969,1,6.5,Low Risk
4888,6665.33984375,4534.85009765625,9647.41015625,1194.41003417969,1,12.38,Low Risk
4889,9010.080078125,39761.69140625,3241.5400390625,3766.47998046875,1,116.19,Medium Risk
4890,6421.1201171875,14788.91015625,6419.52001953125,2108.03002929688,1,32.84,Low Risk
4891,7904.39013671875,27533.7109375,3893.3798828125,2869,1,73.69,Medium Risk
4892,4854.68994140625,39402.890625,8736.009765625,4315.43017578125,1,49.4,Low Risk
4893,5936.759765625,27711.58984375,4677.72021484375,4642.2001953125,1,99.24,Medium Risk
4894,1883.47998046875,6392.93994140625,9225.16015625,4642.490234375,1,50.32,Low Risk
4895,4936.330078125,29936.2109375,5274.18017578125,1775.60998535156,1,33.67,Low Risk
4896,1574.01000976563,6772.72998046875,7588.5498046875,3094.0400390625,1,40.77,Low Risk
4897,4723.509765625,18024.740234375,4102.10986328125,3108.15991210938,1,75.77,Medium Risk
4898,743.02001953125,28353.3203125,5741.4501953125,1430.18994140625,1,24.91,Low Risk
4899,5804.4501953125,49579.328125,7213.72998046875,2288.42993164063,1,31.72,Low Risk
4900,2938.67993164063,36619.58984375,2712.8798828125,2084.88989257813,-1,76.85,High Risk
4901,8432.26953125,15861.830078125,2568.4599609375,3413.92993164063,1,132.92,Medium Risk
4902,3825.01000976563,43951.0703125,1782.68994140625,2989.52001953125,1,167.7,Medium Risk
4903,9185.9599609375,12081.2099609375,4170.35009765625,4540.27978515625,1,108.87,Medium Risk
4904,4781.58984375,19815.599609375,6303.60986328125,1248.93005371094,1,19.81,Low Risk
4905,8503.83984375,32704.0390625,1973.40002441406,3001.59008789063,1,152.1,Medium Risk
4906,3042.98999023438,21117.509765625,2347.55004882813,3500.84008789063,1,149.13,Medium Risk
4907,4570.85986328125,36749.26953125,8083.3798828125,296.970001220703,1,3.67,Low Risk
4908,6373.2900390625,32879.75,4932.52001953125,3181.15991210938,1,64.49,Low Risk
4909,2660.63989257813,33696.94140625,1802.34997558594,2970.31005859375,1,164.8,Medium Risk
4910,6607.5498046875,21592.919921875,3871.21997070313,1596.10998535156,-1,41.23,High Risk
4911,2957.15991210938,3701.3701171875,5162.990234375,4924.4599609375,1,95.38,Medium Risk
4912,4894.5,43762.66015625,3128.59008789063,2037.22998046875,1,65.12,Low Risk
4913,331.359985351563,4627.1201171875,7097.68994140625,871.340026855469,1,12.28,Low Risk
4914,874,23737.689453125,8262.8095703125,2769.80004882813,1,33.52,Low Risk
4915,2348.30004882813,15795.0703125,7973,1796.63000488281,1,22.53,Low Risk
4916,8084.27978515625,15520.2197265625,6109.5400390625,1160.98999023438,1,19,Low Risk
4917,6637.7998046875,12104.58984375,5103.97998046875,1679.59997558594,1,32.91,Low Risk
4918,8945.1396484375,14310.98046875,9339.8798828125,3670.81005859375,1,39.3,Low Risk
4919,9056.6396484375,47811.71875,2030.53002929688,1497.15002441406,1,73.73,Medium Risk
4920,3809.25,48630.58984375,5598.02978515625,2880.96997070313,1,51.46,Low Risk
4921,3738.56005859375,28975.30078125,3889.7900390625,2.16000008583069,1,0.06,Low Risk
4922,8373.8603515625,26708.1796875,5008.31005859375,570.659973144531,1,11.39,Low Risk
4923,4321.7900390625,3369.88989257813,6759.1201171875,3727.52001953125,1,55.15,Low Risk
4924,8586.2900390625,40383.0390625,6201.5400390625,1027.77001953125,1,16.57,Low Risk
4925,5108.7099609375,9357.0400390625,7421.64990234375,3967.07006835938,1,53.45,Low Risk
4926,4304.66015625,7986.58984375,1164.90002441406,1377.60998535156,1,118.26,Medium Risk
4927,2862.7900390625,21779.48046875,5323.18994140625,1042.72998046875,1,19.59,Low Risk
4928,1352.21997070313,18029.5,7224.490234375,3437.82006835938,1,47.59,Low Risk
4929,5306.43017578125,5735.18994140625,8150.16015625,492.600006103516,1,6.04,Low Risk
4930,3319.72998046875,8248.7802734375,2026,1813.31994628906,1,89.5,Medium Risk
4931,2569.4599609375,49624.51953125,3853.17993164063,376.989990234375,1,9.78,Low Risk
4932,1779.64001464844,37006.4609375,6266.10986328125,1008.90002441406,1,16.1,Low Risk
4933,3947.36010742188,30329.30078125,4467.93017578125,782.799987792969,1,17.52,Low Risk
4934,5603.14013671875,15877.2099609375,4511.5400390625,4040.63989257813,1,89.56,Medium Risk
4935,8386.5595703125,21993.5703125,2455.56005859375,2893.3701171875,1,117.83,Medium Risk
4936,8219.8798828125,31771.19921875,2971.98999023438,4102.31982421875,1,138.03,Medium Risk
4937,8565.1298828125,39429.69921875,3528.26000976563,4967.06982421875,1,140.78,Medium Risk
4938,5804.7099609375,47374.05078125,7457.35986328125,2774.31005859375,1,37.2,Low Risk
4939,5639.5400390625,7011.33984375,4737.77978515625,4801.080078125,1,101.34,Medium Risk
4940,9060.900390625,10390.4404296875,2893.03002929688,483.829986572266,1,16.72,Low Risk
4941,2956.61010742188,28811.009765625,1564.66003417969,581.010009765625,1,37.13,Low Risk
4942,1539.9599609375,46986.171875,6052.8701171875,2496.2099609375,1,41.24,Low Risk
4943,919.469970703125,23174.560546875,2849.5400390625,632.130004882813,1,22.18,Low Risk
4944,8822.33984375,32063.380859375,6308.830078125,4572.509765625,1,72.48,Medium Risk
4945,3780.55004882813,15392.5498046875,5907.14013671875,2521.86010742188,1,42.69,Low Risk
4946,5037.39013671875,40775.19921875,4029.28002929688,4388.68994140625,1,108.92,Medium Risk
4947,8050.2900390625,30657.7890625,3109.05004882813,1096.86999511719,1,35.28,Low Risk
4948,3794.36010742188,19708.609375,4930.18017578125,3270.80004882813,1,66.34,Low Risk
4949,8692.75,27588.439453125,4021.0400390625,1350.88000488281,1,33.6,Low Risk
4950,3284.81005859375,35043.1015625,4002.94995117188,2797.73999023438,1,69.89,Low Risk
4951,7350.580078125,11462.1201171875,9478.7099609375,4339.81982421875,1,45.78,Low Risk
4952,6706.9599609375,17730.810546875,6314.7001953125,1428.97998046875,1,22.63,Low Risk
4953,2093.330078125,13275.009765625,6942.81982421875,2353.22998046875,1,33.89,Low Risk
4954,1332.53002929688,48047.8203125,2742.96997070313,2567.8701171875,1,93.62,Medium Risk
4955,1204.39001464844,3105.43994140625,4602.35986328125,3087.11010742188,1,67.08,Low Risk
4956,6544.0498046875,3765.6201171875,3325.86010742188,3995.68994140625,1,120.14,Medium Risk
4957,228.139999389648,18431.0703125,9334.0498046875,608.049987792969,1,6.51,Low Risk
4958,6640.669921875,27363.310546875,5128.259765625,2678.419921875,1,52.23,Low Risk
4959,7841.4599609375,17115.9609375,9233.8203125,710.080017089844,1,7.69,Low Risk
4960,3094.85009765625,42989.69140625,5520.7900390625,903.580017089844,1,16.37,Low Risk
4961,7482.43017578125,9299.7900390625,9774.849609375,2457.7099609375,1,25.14,Low Risk
4962,1737.31994628906,18866.6796875,7207.89990234375,415.709991455078,1,5.77,Low Risk
4963,9608.8603515625,24909.58984375,6232.66015625,436.760009765625,1,7.01,Low Risk
4964,2397.4599609375,10906.0703125,6850.77978515625,896.049987792969,1,13.08,Low Risk
4965,4934.81005859375,15214.4296875,1902.61999511719,2361.57006835938,1,124.12,Medium Risk
4966,9806.91015625,47423.078125,6630.669921875,916.039978027344,1,13.82,Low Risk
4967,9080.669921875,26491.130859375,3723.2900390625,1893.13000488281,1,50.85,Low Risk
4968,6628.7099609375,43613.66015625,7974.5498046875,4342.93994140625,1,54.46,Low Risk
4969,3755.01000976563,14198.9501953125,4618.08984375,4637.43994140625,1,100.42,Medium Risk
4970,7030.8701171875,31006.109375,8848.9501953125,2765.7900390625,1,31.26,Low Risk
4971,4656.7099609375,38399,4276.47021484375,4938.490234375,1,115.48,Medium Risk
4972,1177.52001953125,21657.75,3554.39990234375,3527.39990234375,1,99.24,Medium Risk
4973,7980.18017578125,31610.94921875,5545.68017578125,675.940002441406,1,12.19,Low Risk
4974,8728.9501953125,43297.75,5125.1201171875,3697.1201171875,1,72.14,Medium Risk
4975,4135.31005859375,7898.47021484375,1509.14001464844,3323.8701171875,1,220.25,Medium Risk
4976,6690.68994140625,18382.349609375,7915.5400390625,4326.81005859375,1,54.66,Low Risk
4977,400.589996337891,41371.28125,4518.2099609375,2505.60009765625,1,55.46,Low Risk
4978,2052.78002929688,12313.919921875,5130.27978515625,2941.40991210938,-1,57.33,High Risk
4979,5745.60986328125,28249.599609375,7396.77001953125,1973.98999023438,1,26.69,Low Risk
4980,2813.419921875,22462.759765625,1434.68994140625,86.3199996948242,1,6.02,Low Risk
4981,9449.2001953125,33579.9609375,3264.669921875,3011.34008789063,1,92.24,Medium Risk
4982,8386.740234375,33732.26171875,2982.73999023438,4747.2998046875,1,159.16,Medium Risk
4983,6584.56005859375,29345.580078125,5742.77978515625,828.780029296875,1,14.43,Low Risk
4984,9988.509765625,47392.23828125,8697.8095703125,860.320007324219,1,9.89,Low Risk
4985,2508.14990234375,9590.990234375,5295.85986328125,2054.75,1,38.8,Low Risk
4986,9199.3603515625,41919.26171875,3764.1298828125,4217.85986328125,1,112.05,Medium Risk
4987,3115.28002929688,24981.48046875,1919.78002929688,2935.3798828125,1,152.9,Medium Risk
4988,6006.2900390625,33428.7890625,1024.23999023438,2551.03002929688,1,249.07,Medium Risk
4989,4400.240234375,14413.599609375,3544.90991210938,4324.33984375,1,121.99,Medium Risk
4990,4487.81982421875,5636.0400390625,5179.16015625,1002.83001708984,1,19.36,Low Risk
4991,7648.85009765625,39107.6015625,4210.740234375,4770.14013671875,1,113.29,Medium Risk
4992,3540.67993164063,13335.7802734375,5132.52978515625,4813.759765625,1,93.79,Medium Risk
4993,5124.52978515625,20124.359375,4957.7001953125,4069.94995117188,1,82.09,Medium Risk
4994,2195.9599609375,3328.69995117188,5051.52978515625,1473.53002929688,1,29.17,Low Risk
4995,7658.3701171875,32859.98828125,7037.7998046875,1877.27001953125,1,26.67,Low Risk
4996,5564.1201171875,34684.98046875,4347.169921875,2017.13000488281,1,46.4,Low Risk
4997,2625.1298828125,45181.30859375,8379.58984375,853.330017089844,1,10.18,Low Risk
4998,2732.76000976563,44660.01171875,8208.83984375,228.490005493164,1,2.78,Low Risk
4999,3006.01000976563,35551.6484375,3083.35009765625,325.369995117188,1,10.55,Low Risk
5000,7022.990234375,16784.3203125,2015.38000488281,3078.080078125,1,152.73,Medium Risk
